"Seviye";"Türkçe İpucu";"İngilizce Cevap";"Kelime Türü";"Sıklık Sırası";"Durum";"Durum Kodu";"İnceleyen Model";"Güven";"Önerilen İpucu";"İnceleme Gerekçesi";"Alternatifler";"Kaynak"
"A1";"Hakkında";"ABOUT";"";"";"İnsan onaylı";"approved";"İnsan";"";"";"";"";"existing-a1-bank"
"A1";"Boyunca";"ACROSS";"";"";"İnsan onaylı";"approved";"İnsan";"";"";"";"";"existing-a1-bank"
"A1";"Aksiyon";"ACTION";"";"";"İnsan onaylı";"approved";"İnsan";"";"";"";"";"existing-a1-bank"
"A1";"Aktivite";"ACTIVITY";"";"";"İnsan onaylı";"approved";"İnsan";"";"";"";"";"existing-a1-bank"
"A1";"Aktör";"ACTOR";"";"";"İnsan onaylı";"approved";"İnsan";"";"";"";"";"existing-a1-bank"
"A1";"Kadın oyuncu";"ACTRESS";"";"";"İnsan onaylı";"approved";"İnsan";"";"";"";"";"existing-a1-bank"
"A1";"Eklemek";"ADD";"";"";"İnsan onaylı";"approved";"İnsan";"";"";"";"";"existing-a1-bank"
"A1";"Yetişkin";"ADULT";"";"";"İnsan onaylı";"approved";"İnsan";"";"";"";"";"existing-a1-bank"
"A1";"Tavsiye";"ADVICE";"";"";"İnsan onaylı";"approved";"İnsan";"";"";"";"";"existing-a1-bank"
"A1";"Korkmuş";"AFRAID";"";"";"İnsan onaylı";"approved";"İnsan";"";"";"";"";"existing-a1-bank"
"A1";"Sonra";"AFTER";"";"";"İnsan onaylı";"approved";"İnsan";"";"";"";"";"existing-a1-bank"
"A1";"Öğleden sonra";"AFTERNOON";"";"";"İnsan onaylı";"approved";"İnsan";"";"";"";"";"existing-a1-bank"
"A1";"Yeniden";"AGAIN";"";"";"İnsan onaylı";"approved";"İnsan";"";"";"";"";"existing-a1-bank"
"A1";"Yaş";"AGE";"";"";"İnsan onaylı";"approved";"İnsan";"";"";"";"";"existing-a1-bank"
"A1";"Önce";"AGO";"";"";"İnsan onaylı";"approved";"İnsan";"";"";"";"";"existing-a1-bank"
"A1";"Anlaşmak";"AGREE";"";"";"İnsan onaylı";"approved";"İnsan";"";"";"";"";"existing-a1-bank"
"A1";"Hava";"AIR";"";"";"İnsan onaylı";"approved";"İnsan";"";"";"";"";"existing-a1-bank"
"A1";"Havaalanı";"AIRPORT";"";"";"İnsan onaylı";"approved";"İnsan";"";"";"";"";"existing-a1-bank"
"A1";"Hepsi";"ALL";"";"";"İnsan onaylı";"approved";"İnsan";"";"";"";"";"existing-a1-bank"
"A1";"De";"ALSO";"";"";"İnsan onaylı";"approved";"İnsan";"";"";"";"";"existing-a1-bank"
"A1";"Her zaman";"ALWAYS";"";"";"İnsan onaylı";"approved";"İnsan";"";"";"";"";"existing-a1-bank"
"A1";"Harika";"AMAZING";"";"";"İnsan onaylı";"approved";"İnsan";"";"";"";"";"existing-a1-bank"
"A1";"Ve";"AND";"";"";"İnsan onaylı";"approved";"İnsan";"";"";"";"";"existing-a1-bank"
"A1";"Kızgın";"ANGRY";"";"";"İnsan onaylı";"approved";"İnsan";"";"";"";"";"existing-a1-bank"
"A1";"Hayvan";"ANIMAL";"";"";"İnsan onaylı";"approved";"İnsan";"";"";"";"";"existing-a1-bank"
"A1";"Başkası";"ANOTHER";"";"";"İnsan onaylı";"approved";"İnsan";"";"";"";"";"existing-a1-bank"
"A1";"Cevap";"ANSWER";"";"";"İnsan onaylı";"approved";"İnsan";"";"";"";"";"existing-a1-bank"
"A1";"Hiç kimse";"ANYONE";"";"";"İnsan onaylı";"approved";"İnsan";"";"";"";"";"existing-a1-bank"
"A1";"Hiçbir şey";"ANYTHING";"";"";"İnsan onaylı";"approved";"İnsan";"";"";"";"";"existing-a1-bank"
"A1";"Apartman";"APARTMENT";"";"";"İnsan onaylı";"approved";"İnsan";"";"";"";"";"existing-a1-bank"
"A1";"Elma";"APPLE";"";"";"İnsan onaylı";"approved";"İnsan";"";"";"";"";"existing-a1-bank"
"A1";"Nisan";"APRIL";"";"";"İnsan onaylı";"approved";"İnsan";"";"";"";"";"existing-a1-bank"
"A1";"Bölge";"AREA";"";"";"İnsan onaylı";"approved";"İnsan";"";"";"";"";"existing-a1-bank"
"A1";"Kol";"ARM";"";"";"İnsan onaylı";"approved";"İnsan";"";"";"";"";"existing-a1-bank"
"A1";"Etrafında";"AROUND";"";"";"İnsan onaylı";"approved";"İnsan";"";"";"";"";"existing-a1-bank"
"A1";"Varmak";"ARRIVE";"";"";"İnsan onaylı";"approved";"İnsan";"";"";"";"";"existing-a1-bank"
"A1";"Sanat";"ART";"";"";"İnsan onaylı";"approved";"İnsan";"";"";"";"";"existing-a1-bank"
"A1";"Makale";"ARTICLE";"";"";"İnsan onaylı";"approved";"İnsan";"";"";"";"";"existing-a1-bank"
"A1";"Artist";"ARTIST";"";"";"İnsan onaylı";"approved";"İnsan";"";"";"";"";"existing-a1-bank"
"A1";"Gibi";"AS";"";"";"İnsan onaylı";"approved";"İnsan";"";"";"";"";"existing-a1-bank"
"A1";"Sormak";"ASK";"";"";"İnsan onaylı";"approved";"İnsan";"";"";"";"";"existing-a1-bank"
"A1";"Üzerinde";"AT";"";"";"İnsan onaylı";"approved";"İnsan";"";"";"";"";"existing-a1-bank"
"A1";"Ağustos";"AUGUST";"";"";"İnsan onaylı";"approved";"İnsan";"";"";"";"";"existing-a1-bank"
"A1";"Teyze";"AUNT";"";"";"İnsan onaylı";"approved";"İnsan";"";"";"";"";"existing-a1-bank"
"A1";"Sonbahar";"AUTUMN";"";"";"İnsan onaylı";"approved";"İnsan";"";"";"";"";"existing-a1-bank"
"A1";"Uzakta";"AWAY";"";"";"İnsan onaylı";"approved";"İnsan";"";"";"";"";"existing-a1-bank"
"A1";"Bebek";"BABY";"";"";"İnsan onaylı";"approved";"İnsan";"";"";"";"";"existing-a1-bank"
"A1";"Geri";"BACK";"";"";"İnsan onaylı";"approved";"İnsan";"";"";"";"";"existing-a1-bank"
"A1";"Kötü";"BAD";"";"";"İnsan onaylı";"approved";"İnsan";"";"";"";"";"existing-a1-bank"
"A1";"Çanta";"BAG";"";"";"İnsan onaylı";"approved";"İnsan";"";"";"";"";"existing-a1-bank"
"A1";"Top";"BALL";"";"";"İnsan onaylı";"approved";"İnsan";"";"";"";"";"existing-a1-bank"
"A1";"Muz";"BANANA";"";"";"İnsan onaylı";"approved";"İnsan";"";"";"";"";"existing-a1-bank"
"A1";"Grup";"BAND";"";"";"İnsan onaylı";"approved";"İnsan";"";"";"";"";"existing-a1-bank"
"A1";"Banka";"BANK";"";"";"İnsan onaylı";"approved";"İnsan";"";"";"";"";"existing-a1-bank"
"A1";"Banyo";"BATH";"";"";"İnsan onaylı";"approved";"İnsan";"";"";"";"";"existing-a1-bank"
"A1";"Tuvalet";"BATHROOM";"";"";"İnsan onaylı";"approved";"İnsan";"";"";"";"";"existing-a1-bank"
"A1";"Olmak";"BE";"";"";"İnsan onaylı";"approved";"İnsan";"";"";"";"";"existing-a1-bank"
"A1";"Sahil";"BEACH";"";"";"İnsan onaylı";"approved";"İnsan";"";"";"";"";"existing-a1-bank"
"A1";"Güzel";"BEAUTIFUL";"";"";"İnsan onaylı";"approved";"İnsan";"";"";"";"";"existing-a1-bank"
"A1";"Çünkü";"BECAUSE";"";"";"İnsan onaylı";"approved";"İnsan";"";"";"";"";"existing-a1-bank"
"A1";"Olmak";"BECOME";"";"";"İnsan onaylı";"approved";"İnsan";"";"";"";"";"existing-a1-bank"
"A1";"Yatak";"BED";"";"";"İnsan onaylı";"approved";"İnsan";"";"";"";"";"existing-a1-bank"
"A1";"Yatak odası";"BEDROOM";"";"";"İnsan onaylı";"approved";"İnsan";"";"";"";"";"existing-a1-bank"
"A1";"Bira";"BEER";"";"";"İnsan onaylı";"approved";"İnsan";"";"";"";"";"existing-a1-bank"
"A1";"Önce";"BEFORE";"";"";"İnsan onaylı";"approved";"İnsan";"";"";"";"";"existing-a1-bank"
"A1";"Başlamak";"BEGIN";"";"";"İnsan onaylı";"approved";"İnsan";"";"";"";"";"existing-a1-bank"
"A1";"Başlangıç";"BEGINNING";"";"";"İnsan onaylı";"approved";"İnsan";"";"";"";"";"existing-a1-bank"
"A1";"Arkasında";"BEHIND";"";"";"İnsan onaylı";"approved";"İnsan";"";"";"";"";"existing-a1-bank"
"A1";"İnanmak";"BELIEVE";"";"";"İnsan onaylı";"approved";"İnsan";"";"";"";"";"existing-a1-bank"
"A1";"Altında";"BELOW";"";"";"İnsan onaylı";"approved";"İnsan";"";"";"";"";"existing-a1-bank"
"A1";"Daha iyi";"BETTER";"";"";"İnsan onaylı";"approved";"İnsan";"";"";"";"";"existing-a1-bank"
"A1";"Arasında";"BETWEEN";"";"";"İnsan onaylı";"approved";"İnsan";"";"";"";"";"existing-a1-bank"
"A1";"Bisiklet";"BICYCLE";"";"";"İnsan onaylı";"approved";"İnsan";"";"";"";"";"existing-a1-bank"
"A1";"Büyük";"BIG";"";"";"İnsan onaylı";"approved";"İnsan";"";"";"";"";"existing-a1-bank"
"A1";"Bisiklet";"BIKE";"";"";"İnsan onaylı";"approved";"İnsan";"";"";"";"";"existing-a1-bank"
"A1";"Fatura";"BILL";"";"";"İnsan onaylı";"approved";"İnsan";"";"";"";"";"existing-a1-bank"
"A1";"Kuş";"BIRD";"";"";"İnsan onaylı";"approved";"İnsan";"";"";"";"";"existing-a1-bank"
"A1";"Doğum günü";"BIRTHDAY";"";"";"İnsan onaylı";"approved";"İnsan";"";"";"";"";"existing-a1-bank"
"A1";"Siyah";"BLACK";"";"";"İnsan onaylı";"approved";"İnsan";"";"";"";"";"existing-a1-bank"
"A1";"İnternet günlüğü";"BLOG";"";"";"İnsan onaylı";"approved";"İnsan";"";"";"";"";"existing-a1-bank"
"A1";"Sarışın";"BLONDE";"";"";"İnsan onaylı";"approved";"İnsan";"";"";"";"";"existing-a1-bank"
"A1";"Mavi";"BLUE";"";"";"İnsan onaylı";"approved";"İnsan";"";"";"";"";"existing-a1-bank"
"A1";"Bot";"BOAT";"";"";"İnsan onaylı";"approved";"İnsan";"";"";"";"";"existing-a1-bank"
"A1";"Vücut";"BODY";"";"";"İnsan onaylı";"approved";"İnsan";"";"";"";"";"existing-a1-bank"
"A1";"Kitap";"BOOK";"";"";"İnsan onaylı";"approved";"İnsan";"";"";"";"";"existing-a1-bank"
"A1";"Bot";"BOOT";"";"";"İnsan onaylı";"approved";"İnsan";"";"";"";"";"existing-a1-bank"
"A1";"Sıkılmış";"BORED";"";"";"İnsan onaylı";"approved";"İnsan";"";"";"";"";"existing-a1-bank"
"A1";"Sıkıcı";"BORING";"";"";"İnsan onaylı";"approved";"İnsan";"";"";"";"";"existing-a1-bank"
"A1";"Doğmak";"BORN";"";"";"İnsan onaylı";"approved";"İnsan";"";"";"";"";"existing-a1-bank"
"A1";"Her ikisi de";"BOTH";"";"";"İnsan onaylı";"approved";"İnsan";"";"";"";"";"existing-a1-bank"
"A1";"Şişe";"BOTTLE";"";"";"İnsan onaylı";"approved";"İnsan";"";"";"";"";"existing-a1-bank"
"A1";"Kutu";"BOX";"";"";"İnsan onaylı";"approved";"İnsan";"";"";"";"";"existing-a1-bank"
"A1";"Erkek çocuk";"BOY";"";"";"İnsan onaylı";"approved";"İnsan";"";"";"";"";"existing-a1-bank"
"A1";"Erkek arkadaş";"BOYFRIEND";"";"";"İnsan onaylı";"approved";"İnsan";"";"";"";"";"existing-a1-bank"
"A1";"Ekmek";"BREAD";"";"";"İnsan onaylı";"approved";"İnsan";"";"";"";"";"existing-a1-bank"
"A1";"Ara";"BREAK";"";"";"İnsan onaylı";"approved";"İnsan";"";"";"";"";"existing-a1-bank"
"A1";"Kahvaltı";"BREAKFAST";"";"";"İnsan onaylı";"approved";"İnsan";"";"";"";"";"existing-a1-bank"
"A1";"Getirmek";"BRING";"";"";"İnsan onaylı";"approved";"İnsan";"";"";"";"";"existing-a1-bank"
"A1";"Kardeş";"BROTHER";"";"";"İnsan onaylı";"approved";"İnsan";"";"";"";"";"existing-a1-bank"
"A1";"Kahverengi";"BROWN";"";"";"İnsan onaylı";"approved";"İnsan";"";"";"";"";"existing-a1-bank"
"A1";"İnşa etmek";"BUILD";"";"";"İnsan onaylı";"approved";"İnsan";"";"";"";"";"existing-a1-bank"
"A1";"Bina";"BUILDING";"";"";"İnsan onaylı";"approved";"İnsan";"";"";"";"";"existing-a1-bank"
"A1";"Otobüs";"BUS";"";"";"İnsan onaylı";"approved";"İnsan";"";"";"";"";"existing-a1-bank"
"A1";"İş";"BUSINESS";"";"";"İnsan onaylı";"approved";"İnsan";"";"";"";"";"existing-a1-bank"
"A1";"Meşgul";"BUSY";"";"";"İnsan onaylı";"approved";"İnsan";"";"";"";"";"existing-a1-bank"
"A1";"Ama";"BUT";"";"";"İnsan onaylı";"approved";"İnsan";"";"";"";"";"existing-a1-bank"
"A1";"Tereyağı";"BUTTER";"";"";"İnsan onaylı";"approved";"İnsan";"";"";"";"";"existing-a1-bank"
"A1";"Satın almak";"BUY";"";"";"İnsan onaylı";"approved";"İnsan";"";"";"";"";"existing-a1-bank"
"A1";"Vasıtasıyla";"BY";"";"";"İnsan onaylı";"approved";"İnsan";"";"";"";"";"existing-a1-bank"
"A1";"Güle güle";"BYE";"";"";"İnsan onaylı";"approved";"İnsan";"";"";"";"";"existing-a1-bank"
"A1";"Kafe";"CAFE";"";"";"İnsan onaylı";"approved";"İnsan";"";"";"";"";"existing-a1-bank"
"A1";"Kek";"CAKE";"";"";"İnsan onaylı";"approved";"İnsan";"";"";"";"";"existing-a1-bank"
"A1";"Aramak";"CALL";"";"";"İnsan onaylı";"approved";"İnsan";"";"";"";"";"existing-a1-bank"
"A1";"Kamera";"CAMERA";"";"";"İnsan onaylı";"approved";"İnsan";"";"";"";"";"existing-a1-bank"
"A1";"Yapabilmek";"CAN";"";"";"İnsan onaylı";"approved";"İnsan";"";"";"";"";"existing-a1-bank"
"A1";"Edememek";"CANNOT";"";"";"İnsan onaylı";"approved";"İnsan";"";"";"";"";"existing-a1-bank"
"A1";"Başkent";"CAPITAL";"";"";"İnsan onaylı";"approved";"İnsan";"";"";"";"";"existing-a1-bank"
"A1";"Araba";"CAR";"";"";"İnsan onaylı";"approved";"İnsan";"";"";"";"";"existing-a1-bank"
"A1";"Kart";"CARD";"";"";"İnsan onaylı";"approved";"İnsan";"";"";"";"";"existing-a1-bank"
"A1";"Kariyer";"CAREER";"";"";"İnsan onaylı";"approved";"İnsan";"";"";"";"";"existing-a1-bank"
"A1";"Havuç";"CARROT";"";"";"İnsan onaylı";"approved";"İnsan";"";"";"";"";"existing-a1-bank"
"A1";"Taşımak";"CARRY";"";"";"İnsan onaylı";"approved";"İnsan";"";"";"";"";"existing-a1-bank"
"A1";"Kedi";"CAT";"";"";"İnsan onaylı";"approved";"İnsan";"";"";"";"";"existing-a1-bank"
"A1";"Sent";"CENT";"";"";"İnsan onaylı";"approved";"İnsan";"";"";"";"";"existing-a1-bank"
"A1";"Yüzyıl";"CENTURY";"";"";"İnsan onaylı";"approved";"İnsan";"";"";"";"";"existing-a1-bank"
"A1";"Değişmek";"CHANGE";"";"";"İnsan onaylı";"approved";"İnsan";"";"";"";"";"existing-a1-bank"
"A1";"Çizelge";"CHART";"";"";"İnsan onaylı";"approved";"İnsan";"";"";"";"";"existing-a1-bank"
"A1";"Ucuz";"CHEAP";"";"";"İnsan onaylı";"approved";"İnsan";"";"";"";"";"existing-a1-bank"
"A1";"Kontrol etmek";"CHECK";"";"";"İnsan onaylı";"approved";"İnsan";"";"";"";"";"existing-a1-bank"
"A1";"Peynir";"CHEESE";"";"";"İnsan onaylı";"approved";"İnsan";"";"";"";"";"existing-a1-bank"
"A1";"Tavuk";"CHICKEN";"";"";"İnsan onaylı";"approved";"İnsan";"";"";"";"";"existing-a1-bank"
"A1";"Çocuk";"CHILD";"";"";"İnsan onaylı";"approved";"İnsan";"";"";"";"";"existing-a1-bank"
"A1";"Seçmek";"CHOOSE";"";"";"İnsan onaylı";"approved";"İnsan";"";"";"";"";"existing-a1-bank"
"A1";"Sinema";"CINEMA";"";"";"İnsan onaylı";"approved";"İnsan";"";"";"";"";"existing-a1-bank"
"A1";"Şehir";"CITY";"";"";"İnsan onaylı";"approved";"İnsan";"";"";"";"";"existing-a1-bank"
"A1";"Sınıf";"CLASS";"";"";"İnsan onaylı";"approved";"İnsan";"";"";"";"";"existing-a1-bank"
"A1";"Sınıf";"CLASSROOM";"";"";"İnsan onaylı";"approved";"İnsan";"";"";"";"";"existing-a1-bank"
"A1";"Temiz";"CLEAN";"";"";"İnsan onaylı";"approved";"İnsan";"";"";"";"";"existing-a1-bank"
"A1";"Saat";"CLOCK";"";"";"İnsan onaylı";"approved";"İnsan";"";"";"";"";"existing-a1-bank"
"A1";"Kapamak";"CLOSE";"";"";"İnsan onaylı";"approved";"İnsan";"";"";"";"";"existing-a1-bank"
"A1";"Elbiseler";"CLOTHES";"";"";"İnsan onaylı";"approved";"İnsan";"";"";"";"";"existing-a1-bank"
"A1";"Kulüp";"CLUB";"";"";"İnsan onaylı";"approved";"İnsan";"";"";"";"";"existing-a1-bank"
"A1";"Kaban";"COAT";"";"";"İnsan onaylı";"approved";"İnsan";"";"";"";"";"existing-a1-bank"
"A1";"Kahve";"COFFEE";"";"";"İnsan onaylı";"approved";"İnsan";"";"";"";"";"existing-a1-bank"
"A1";"Soğuk";"COLD";"";"";"İnsan onaylı";"approved";"İnsan";"";"";"";"";"existing-a1-bank"
"A1";"Kolej";"COLLEGE";"";"";"İnsan onaylı";"approved";"İnsan";"";"";"";"";"existing-a1-bank"
"A1";"Renk";"COLOUR";"";"";"İnsan onaylı";"approved";"İnsan";"";"";"";"";"existing-a1-bank"
"A1";"Gelmek";"COME";"";"";"İnsan onaylı";"approved";"İnsan";"";"";"";"";"existing-a1-bank"
"A1";"Yaygın";"COMMON";"";"";"İnsan onaylı";"approved";"İnsan";"";"";"";"";"existing-a1-bank"
"A1";"Şirket";"COMPANY";"";"";"İnsan onaylı";"approved";"İnsan";"";"";"";"";"existing-a1-bank"
"A1";"Karşılaştırmak";"COMPARE";"";"";"İnsan onaylı";"approved";"İnsan";"";"";"";"";"existing-a1-bank"
"A1";"Tamamlamak";"COMPLETE";"";"";"İnsan onaylı";"approved";"İnsan";"";"";"";"";"existing-a1-bank"
"A1";"Bilgisayar";"COMPUTER";"";"";"İnsan onaylı";"approved";"İnsan";"";"";"";"";"existing-a1-bank"
"A1";"Konser";"CONCERT";"";"";"İnsan onaylı";"approved";"İnsan";"";"";"";"";"existing-a1-bank"
"A1";"Pişirme";"COOKING";"";"";"İnsan onaylı";"approved";"İnsan";"";"";"";"";"existing-a1-bank"
"A1";"Doğru";"CORRECT";"";"";"İnsan onaylı";"approved";"İnsan";"";"";"";"";"existing-a1-bank"
"A1";"Masraf";"COST";"";"";"İnsan onaylı";"approved";"İnsan";"";"";"";"";"existing-a1-bank"
"A1";"Yapabilirdi";"COULD";"";"";"İnsan onaylı";"approved";"İnsan";"";"";"";"";"existing-a1-bank"
"A1";"Yurt";"COUNTRY";"";"";"İnsan onaylı";"approved";"İnsan";"";"";"";"";"existing-a1-bank"
"A1";"Kurs";"COURSE";"";"";"İnsan onaylı";"approved";"İnsan";"";"";"";"";"existing-a1-bank"
"A1";"Kuzen";"COUSIN";"";"";"İnsan onaylı";"approved";"İnsan";"";"";"";"";"existing-a1-bank"
"A1";"İnek";"COW";"";"";"İnsan onaylı";"approved";"İnsan";"";"";"";"";"existing-a1-bank"
"A1";"Krema";"CREAM";"";"";"İnsan onaylı";"approved";"İnsan";"";"";"";"";"existing-a1-bank"
"A1";"Yaratmak";"CREATE";"";"";"İnsan onaylı";"approved";"İnsan";"";"";"";"";"existing-a1-bank"
"A1";"Kültür";"CULTURE";"";"";"İnsan onaylı";"approved";"İnsan";"";"";"";"";"existing-a1-bank"
"A1";"Kupa";"CUP";"";"";"İnsan onaylı";"approved";"İnsan";"";"";"";"";"existing-a1-bank"
"A1";"Müşteri";"CUSTOMER";"";"";"İnsan onaylı";"approved";"İnsan";"";"";"";"";"existing-a1-bank"
"A1";"Baba";"DAD";"";"";"İnsan onaylı";"approved";"İnsan";"";"";"";"";"existing-a1-bank"
"A1";"Dans";"DANCE";"";"";"İnsan onaylı";"approved";"İnsan";"";"";"";"";"existing-a1-bank"
"A1";"Dansçı";"DANCER";"";"";"İnsan onaylı";"approved";"İnsan";"";"";"";"";"existing-a1-bank"
"A1";"Dans eden";"DANCING";"";"";"İnsan onaylı";"approved";"İnsan";"";"";"";"";"existing-a1-bank"
"A1";"Karanlık";"DARK";"";"";"İnsan onaylı";"approved";"İnsan";"";"";"";"";"existing-a1-bank"
"A1";"Zaman";"DATE";"";"";"İnsan onaylı";"approved";"İnsan";"";"";"";"";"existing-a1-bank"
"A1";"Gün";"DAY";"";"";"İnsan onaylı";"approved";"İnsan";"";"";"";"";"existing-a1-bank"
"A1";"Sevgili";"DEAR";"";"";"İnsan onaylı";"approved";"İnsan";"";"";"";"";"existing-a1-bank"
"A1";"Aralık";"DECEMBER";"";"";"İnsan onaylı";"approved";"İnsan";"";"";"";"";"existing-a1-bank"
"A1";"Karar vermek";"DECIDE";"";"";"İnsan onaylı";"approved";"İnsan";"";"";"";"";"existing-a1-bank"
"A1";"Lezzetli";"DELICIOUS";"";"";"İnsan onaylı";"approved";"İnsan";"";"";"";"";"existing-a1-bank"
"A1";"Tanımlamak";"DESCRIBE";"";"";"İnsan onaylı";"approved";"İnsan";"";"";"";"";"existing-a1-bank"
"A1";"Tanımlama";"DESCRIPTION";"";"";"İnsan onaylı";"approved";"İnsan";"";"";"";"";"existing-a1-bank"
"A1";"Tasarım";"DESIGN";"";"";"İnsan onaylı";"approved";"İnsan";"";"";"";"";"existing-a1-bank"
"A1";"Masa";"DESK";"";"";"İnsan onaylı";"approved";"İnsan";"";"";"";"";"existing-a1-bank"
"A1";"Detay";"DETAIL";"";"";"İnsan onaylı";"approved";"İnsan";"";"";"";"";"existing-a1-bank"
"A1";"Diyalog";"DIALOGUE";"";"";"İnsan onaylı";"approved";"İnsan";"";"";"";"";"existing-a1-bank"
"A1";"Sözlük";"DICTIONARY";"";"";"İnsan onaylı";"approved";"İnsan";"";"";"";"";"existing-a1-bank"
"A1";"Ölmek";"DIE";"";"";"İnsan onaylı";"approved";"İnsan";"";"";"";"";"existing-a1-bank"
"A1";"Diyet";"DIET";"";"";"İnsan onaylı";"approved";"İnsan";"";"";"";"";"existing-a1-bank"
"A1";"Fark";"DIFFERENCE";"";"";"İnsan onaylı";"approved";"İnsan";"";"";"";"";"existing-a1-bank"
"A1";"Farklı";"DIFFERENT";"";"";"İnsan onaylı";"approved";"İnsan";"";"";"";"";"existing-a1-bank"
"A1";"Zor";"DIFFICULT";"";"";"İnsan onaylı";"approved";"İnsan";"";"";"";"";"existing-a1-bank"
"A1";"Akşam yemeği";"DINNER";"";"";"İnsan onaylı";"approved";"İnsan";"";"";"";"";"existing-a1-bank"
"A1";"Kirli";"DIRTY";"";"";"İnsan onaylı";"approved";"İnsan";"";"";"";"";"existing-a1-bank"
"A1";"Tartışmak";"DISCUSS";"";"";"İnsan onaylı";"approved";"İnsan";"";"";"";"";"existing-a1-bank"
"A1";"Yemek";"DISH";"";"";"İnsan onaylı";"approved";"İnsan";"";"";"";"";"existing-a1-bank"
"A1";"Yapmak";"DO";"";"";"İnsan onaylı";"approved";"İnsan";"";"";"";"";"existing-a1-bank"
"A1";"Doktor";"DOCTOR";"";"";"İnsan onaylı";"approved";"İnsan";"";"";"";"";"existing-a1-bank"
"A1";"Köpek";"DOG";"";"";"İnsan onaylı";"approved";"İnsan";"";"";"";"";"existing-a1-bank"
"A1";"Dolar";"DOLLAR";"";"";"İnsan onaylı";"approved";"İnsan";"";"";"";"";"existing-a1-bank"
"A1";"Kapı";"DOOR";"";"";"İnsan onaylı";"approved";"İnsan";"";"";"";"";"existing-a1-bank"
"A1";"Aşağı";"DOWN";"";"";"İnsan onaylı";"approved";"İnsan";"";"";"";"";"existing-a1-bank"
"A1";"Alt kat";"DOWNSTAIRS";"";"";"İnsan onaylı";"approved";"İnsan";"";"";"";"";"existing-a1-bank"
"A1";"Çizmek";"DRAW";"";"";"İnsan onaylı";"approved";"İnsan";"";"";"";"";"existing-a1-bank"
"A1";"Giysi";"DRESS";"";"";"İnsan onaylı";"approved";"İnsan";"";"";"";"";"existing-a1-bank"
"A1";"İçmek";"DRINK";"";"";"İnsan onaylı";"approved";"İnsan";"";"";"";"";"existing-a1-bank"
"A1";"Sürmek";"DRIVE";"";"";"İnsan onaylı";"approved";"İnsan";"";"";"";"";"existing-a1-bank"
"A1";"Sürücü";"DRIVER";"";"";"İnsan onaylı";"approved";"İnsan";"";"";"";"";"existing-a1-bank"
"A1";"Boyunca";"DURING";"";"";"İnsan onaylı";"approved";"İnsan";"";"";"";"";"existing-a1-bank"
"A1";"Her biri";"EACH";"";"";"İnsan onaylı";"approved";"İnsan";"";"";"";"";"existing-a1-bank"
"A1";"Kulak";"EAR";"";"";"İnsan onaylı";"approved";"İnsan";"";"";"";"";"existing-a1-bank"
"A1";"Erken";"EARLY";"";"";"İnsan onaylı";"approved";"İnsan";"";"";"";"";"existing-a1-bank"
"A1";"Doğu";"EAST";"";"";"İnsan onaylı";"approved";"İnsan";"";"";"";"";"existing-a1-bank"
"A1";"Kolay";"EASY";"";"";"İnsan onaylı";"approved";"İnsan";"";"";"";"";"existing-a1-bank"
"A1";"Yemek";"EAT";"";"";"İnsan onaylı";"approved";"İnsan";"";"";"";"";"existing-a1-bank"
"A1";"Yumurta";"EGG";"";"";"İnsan onaylı";"approved";"İnsan";"";"";"";"";"existing-a1-bank"
"A1";"Sekiz";"EIGHT";"";"";"İnsan onaylı";"approved";"İnsan";"";"";"";"";"existing-a1-bank"
"A1";"Seksen";"EIGHTY";"";"";"İnsan onaylı";"approved";"İnsan";"";"";"";"";"existing-a1-bank"
"A1";"On bir";"ELEVEN";"";"";"İnsan onaylı";"approved";"İnsan";"";"";"";"";"existing-a1-bank"
"A1";"Başka";"ELSE";"";"";"İnsan onaylı";"approved";"İnsan";"";"";"";"";"existing-a1-bank"
"A1";"Email";"EMAIL";"";"";"İnsan onaylı";"approved";"İnsan";"";"";"";"";"existing-a1-bank"
"A1";"Son";"END";"";"";"İnsan onaylı";"approved";"İnsan";"";"";"";"";"existing-a1-bank"
"A1";"Tadını çıkarmak";"ENJOY";"";"";"İnsan onaylı";"approved";"İnsan";"";"";"";"";"existing-a1-bank"
"A1";"Euro";"EURO";"";"";"İnsan onaylı";"approved";"İnsan";"";"";"";"";"existing-a1-bank"
"A1";"Akşam";"EVENING";"";"";"İnsan onaylı";"approved";"İnsan";"";"";"";"";"existing-a1-bank"
"A1";"Olay";"EVENT";"";"";"İnsan onaylı";"approved";"İnsan";"";"";"";"";"existing-a1-bank"
"A1";"Asla";"EVER";"";"";"İnsan onaylı";"approved";"İnsan";"";"";"";"";"existing-a1-bank"
"A1";"Her";"EVERY";"";"";"İnsan onaylı";"approved";"İnsan";"";"";"";"";"existing-a1-bank"
"A1";"Herkes";"EVERYBODY";"";"";"İnsan onaylı";"approved";"İnsan";"";"";"";"";"existing-a1-bank"
"A1";"Herkes";"EVERYONE";"";"";"İnsan onaylı";"approved";"İnsan";"";"";"";"";"existing-a1-bank"
"A1";"Her şey";"EVERYTHING";"";"";"İnsan onaylı";"approved";"İnsan";"";"";"";"";"existing-a1-bank"
"A1";"Sınav";"EXAM";"";"";"İnsan onaylı";"approved";"İnsan";"";"";"";"";"existing-a1-bank"
"A1";"Heyecanlı";"EXCITED";"";"";"İnsan onaylı";"approved";"İnsan";"";"";"";"";"existing-a1-bank"
"A1";"Heyecan verici";"EXCITING";"";"";"İnsan onaylı";"approved";"İnsan";"";"";"";"";"existing-a1-bank"
"A1";"Egzersiz";"EXERCISE";"";"";"İnsan onaylı";"approved";"İnsan";"";"";"";"";"existing-a1-bank"
"A1";"Pahalı";"EXPENSIVE";"";"";"İnsan onaylı";"approved";"İnsan";"";"";"";"";"existing-a1-bank"
"A1";"Açıklamak";"EXPLAIN";"";"";"İnsan onaylı";"approved";"İnsan";"";"";"";"";"existing-a1-bank"
"A1";"Ekstra";"EXTRA";"";"";"İnsan onaylı";"approved";"İnsan";"";"";"";"";"existing-a1-bank"
"A1";"Göz";"EYE";"";"";"İnsan onaylı";"approved";"İnsan";"";"";"";"";"existing-a1-bank"
"A1";"Yüz";"FACE";"";"";"İnsan onaylı";"approved";"İnsan";"";"";"";"";"existing-a1-bank"
"A1";"Gerçek";"FACT";"";"";"İnsan onaylı";"approved";"İnsan";"";"";"";"";"existing-a1-bank"
"A1";"Düşmek";"FALL";"";"";"İnsan onaylı";"approved";"İnsan";"";"";"";"";"existing-a1-bank"
"A1";"Hatalı";"FALSE";"";"";"İnsan onaylı";"approved";"İnsan";"";"";"";"";"existing-a1-bank"
"A1";"Aile";"FAMILY";"";"";"İnsan onaylı";"approved";"İnsan";"";"";"";"";"existing-a1-bank"
"A1";"Ünlü";"FAMOUS";"";"";"İnsan onaylı";"approved";"İnsan";"";"";"";"";"existing-a1-bank"
"A1";"Uzak";"FAR";"";"";"İnsan onaylı";"approved";"İnsan";"";"";"";"";"existing-a1-bank"
"A1";"Çiftçi";"FARMER";"";"";"İnsan onaylı";"approved";"İnsan";"";"";"";"";"existing-a1-bank"
"A1";"Hızlı";"FAST";"";"";"İnsan onaylı";"approved";"İnsan";"";"";"";"";"existing-a1-bank"
"A1";"Şişman";"FAT";"";"";"İnsan onaylı";"approved";"İnsan";"";"";"";"";"existing-a1-bank"
"A1";"Baba";"FATHER";"";"";"İnsan onaylı";"approved";"İnsan";"";"";"";"";"existing-a1-bank"
"A1";"Şubat";"FEBRUARY";"";"";"İnsan onaylı";"approved";"İnsan";"";"";"";"";"existing-a1-bank"
"A1";"His";"FEELING";"";"";"İnsan onaylı";"approved";"İnsan";"";"";"";"";"existing-a1-bank"
"A1";"Festival";"FESTIVAL";"";"";"İnsan onaylı";"approved";"İnsan";"";"";"";"";"existing-a1-bank"
"A1";"Az";"FEW";"";"";"İnsan onaylı";"approved";"İnsan";"";"";"";"";"existing-a1-bank"
"A1";"On beş";"FIFTEEN";"";"";"İnsan onaylı";"approved";"İnsan";"";"";"";"";"existing-a1-bank"
"A1";"Beşinci";"FIFTH";"";"";"İnsan onaylı";"approved";"İnsan";"";"";"";"";"existing-a1-bank"
"A1";"Elli";"FIFTY";"";"";"İnsan onaylı";"approved";"İnsan";"";"";"";"";"existing-a1-bank"
"A1";"Doldurmak";"FILL";"";"";"İnsan onaylı";"approved";"İnsan";"";"";"";"";"existing-a1-bank"
"A1";"Film";"FILM";"";"";"İnsan onaylı";"approved";"İnsan";"";"";"";"";"existing-a1-bank"
"A1";"Final";"FINAL";"";"";"İnsan onaylı";"approved";"İnsan";"";"";"";"";"existing-a1-bank"
"A1";"Bulmak";"FIND";"";"";"İnsan onaylı";"approved";"İnsan";"";"";"";"";"existing-a1-bank"
"A1";"İyi";"FINE";"";"";"İnsan onaylı";"approved";"İnsan";"";"";"";"";"existing-a1-bank"
"A1";"Birinci";"FIRST";"";"";"İnsan onaylı";"approved";"İnsan";"";"";"";"";"existing-a1-bank"
"A1";"Ateş";"FIRE";"";"";"İnsan onaylı";"approved";"İnsan";"";"";"";"";"existing-a1-bank"
"A1";"Balık";"FISH";"";"";"İnsan onaylı";"approved";"İnsan";"";"";"";"";"existing-a1-bank"
"A1";"Beş";"FIVE";"";"";"İnsan onaylı";"approved";"İnsan";"";"";"";"";"existing-a1-bank"
"A1";"Daire";"FLAT";"";"";"İnsan onaylı";"approved";"İnsan";"";"";"";"";"existing-a1-bank"
"A1";"Uçuş";"FLIGHT";"";"";"İnsan onaylı";"approved";"İnsan";"";"";"";"";"existing-a1-bank"
"A1";"Zemin";"FLOOR";"";"";"İnsan onaylı";"approved";"İnsan";"";"";"";"";"existing-a1-bank"
"A1";"Çiçek";"FLOWER";"";"";"İnsan onaylı";"approved";"İnsan";"";"";"";"";"existing-a1-bank"
"A1";"Uçmak";"FLY";"";"";"İnsan onaylı";"approved";"İnsan";"";"";"";"";"existing-a1-bank"
"A1";"Takip etmek";"FOLLOW";"";"";"İnsan onaylı";"approved";"İnsan";"";"";"";"";"existing-a1-bank"
"A1";"Yemek";"FOOD";"";"";"İnsan onaylı";"approved";"İnsan";"";"";"";"";"existing-a1-bank"
"A1";"Ayak";"FOOT";"";"";"İnsan onaylı";"approved";"İnsan";"";"";"";"";"existing-a1-bank"
"A1";"Futbol";"FOOTBALL";"";"";"İnsan onaylı";"approved";"İnsan";"";"";"";"";"existing-a1-bank"
"A1";"İçin";"FOR";"";"";"İnsan onaylı";"approved";"İnsan";"";"";"";"";"existing-a1-bank"
"A1";"Unutmak";"FORGET";"";"";"İnsan onaylı";"approved";"İnsan";"";"";"";"";"existing-a1-bank"
"A1";"Form";"FORM";"";"";"İnsan onaylı";"approved";"İnsan";"";"";"";"";"existing-a1-bank"
"A1";"Kırk";"FORTY";"";"";"İnsan onaylı";"approved";"İnsan";"";"";"";"";"existing-a1-bank"
"A1";"Dört";"FOUR";"";"";"İnsan onaylı";"approved";"İnsan";"";"";"";"";"existing-a1-bank"
"A1";"On dört";"FOURTEEN";"";"";"İnsan onaylı";"approved";"İnsan";"";"";"";"";"existing-a1-bank"
"A1";"Dördüncü";"FOURTH";"";"";"İnsan onaylı";"approved";"İnsan";"";"";"";"";"existing-a1-bank"
"A1";"Özgür";"FREE";"";"";"İnsan onaylı";"approved";"İnsan";"";"";"";"";"existing-a1-bank"
"A1";"Cuma";"FRIDAY";"";"";"İnsan onaylı";"approved";"İnsan";"";"";"";"";"existing-a1-bank"
"A1";"Arkadaş";"FRIEND";"";"";"İnsan onaylı";"approved";"İnsan";"";"";"";"";"existing-a1-bank"
"A1";"Arkadaşça";"FRIENDLY";"";"";"İnsan onaylı";"approved";"İnsan";"";"";"";"";"existing-a1-bank"
"A1";"-dan";"FROM";"";"";"İnsan onaylı";"approved";"İnsan";"";"";"";"";"existing-a1-bank"
"A1";"Ön";"FRONT";"";"";"İnsan onaylı";"approved";"İnsan";"";"";"";"";"existing-a1-bank"
"A1";"Meyve";"FRUIT";"";"";"İnsan onaylı";"approved";"İnsan";"";"";"";"";"existing-a1-bank"
"A1";"Dolu";"FULL";"";"";"İnsan onaylı";"approved";"İnsan";"";"";"";"";"existing-a1-bank"
"A1";"Eğlence";"FUN";"";"";"İnsan onaylı";"approved";"İnsan";"";"";"";"";"existing-a1-bank"
"A1";"Eğlenceli";"FUNNY";"";"";"İnsan onaylı";"approved";"İnsan";"";"";"";"";"existing-a1-bank"
"A1";"Gelecek";"FUTURE";"";"";"İnsan onaylı";"approved";"İnsan";"";"";"";"";"existing-a1-bank"
"A1";"Oyun";"GAME";"";"";"İnsan onaylı";"approved";"İnsan";"";"";"";"";"existing-a1-bank"
"A1";"Bahçe";"GARDEN";"";"";"İnsan onaylı";"approved";"İnsan";"";"";"";"";"existing-a1-bank"
"A1";"Coğrafya";"GEOGRAPHY";"";"";"İnsan onaylı";"approved";"İnsan";"";"";"";"";"existing-a1-bank"
"A1";"Almak";"GET";"";"";"İnsan onaylı";"approved";"İnsan";"";"";"";"";"existing-a1-bank"
"A1";"Kız";"GIRL";"";"";"İnsan onaylı";"approved";"İnsan";"";"";"";"";"existing-a1-bank"
"A1";"Kız arkadaş";"GIRLFRIEND";"";"";"İnsan onaylı";"approved";"İnsan";"";"";"";"";"existing-a1-bank"
"A1";"Vermek";"GIVE";"";"";"İnsan onaylı";"approved";"İnsan";"";"";"";"";"existing-a1-bank"
"A1";"Bardak";"GLASS";"";"";"İnsan onaylı";"approved";"İnsan";"";"";"";"";"existing-a1-bank"
"A1";"Gitmek";"GO";"";"";"İnsan onaylı";"approved";"İnsan";"";"";"";"";"existing-a1-bank"
"A1";"İyi";"GOOD";"";"";"İnsan onaylı";"approved";"İnsan";"";"";"";"";"existing-a1-bank"
"A1";"Dede";"GRANDFATHER";"";"";"İnsan onaylı";"approved";"İnsan";"";"";"";"";"existing-a1-bank"
"A1";"Babaanne";"GRANDMOTHER";"";"";"İnsan onaylı";"approved";"İnsan";"";"";"";"";"existing-a1-bank"
"A1";"Büyük ebeveyn";"GRANDPARENT";"";"";"İnsan onaylı";"approved";"İnsan";"";"";"";"";"existing-a1-bank"
"A1";"Harika";"GREAT";"";"";"İnsan onaylı";"approved";"İnsan";"";"";"";"";"existing-a1-bank"
"A1";"Yeşil";"GREEN";"";"";"İnsan onaylı";"approved";"İnsan";"";"";"";"";"existing-a1-bank"
"A1";"Gri";"GREY";"";"";"İnsan onaylı";"approved";"İnsan";"";"";"";"";"existing-a1-bank"
"A1";"Grup";"GROUP";"";"";"İnsan onaylı";"approved";"İnsan";"";"";"";"";"existing-a1-bank"
"A1";"Büyümek";"GROW";"";"";"İnsan onaylı";"approved";"İnsan";"";"";"";"";"existing-a1-bank"
"A1";"Gitar";"GUITAR";"";"";"İnsan onaylı";"approved";"İnsan";"";"";"";"";"existing-a1-bank"
"A1";"Spor salonu";"GYM";"";"";"İnsan onaylı";"approved";"İnsan";"";"";"";"";"existing-a1-bank"
"A1";"Saç";"HAIR";"";"";"İnsan onaylı";"approved";"İnsan";"";"";"";"";"existing-a1-bank"
"A1";"El";"HAND";"";"";"İnsan onaylı";"approved";"İnsan";"";"";"";"";"existing-a1-bank"
"A1";"Olmak";"HAPPEN";"";"";"İnsan onaylı";"approved";"İnsan";"";"";"";"";"existing-a1-bank"
"A1";"Mutlu";"HAPPY";"";"";"İnsan onaylı";"approved";"İnsan";"";"";"";"";"existing-a1-bank"
"A1";"Zor";"HARD";"";"";"İnsan onaylı";"approved";"İnsan";"";"";"";"";"existing-a1-bank"
"A1";"Şapka";"HAT";"";"";"İnsan onaylı";"approved";"İnsan";"";"";"";"";"existing-a1-bank"
"A1";"Nefret etmek";"HATE";"";"";"İnsan onaylı";"approved";"İnsan";"";"";"";"";"existing-a1-bank"
"A1";"Sahip olmak";"HAVE";"";"";"İnsan onaylı";"approved";"İnsan";"";"";"";"";"existing-a1-bank"
"A1";"O";"HE";"";"";"İnsan onaylı";"approved";"İnsan";"";"";"";"";"existing-a1-bank"
"A1";"Kafa";"HEAD";"";"";"İnsan onaylı";"approved";"İnsan";"";"";"";"";"existing-a1-bank"
"A1";"Sağlık";"HEALTH";"";"";"İnsan onaylı";"approved";"İnsan";"";"";"";"";"existing-a1-bank"
"A1";"Sağlıklı";"HEALTHY";"";"";"İnsan onaylı";"approved";"İnsan";"";"";"";"";"existing-a1-bank"
"A1";"Duymak";"HEAR";"";"";"İnsan onaylı";"approved";"İnsan";"";"";"";"";"existing-a1-bank"
"A1";"Merhaba";"HELLO";"";"";"İnsan onaylı";"approved";"İnsan";"";"";"";"";"existing-a1-bank"
"A1";"Yardım etmek";"HELP";"";"";"İnsan onaylı";"approved";"İnsan";"";"";"";"";"existing-a1-bank"
"A1";"Onun";"HER";"";"";"İnsan onaylı";"approved";"İnsan";"";"";"";"";"existing-a1-bank"
"A1";"Burada";"HERE";"";"";"İnsan onaylı";"approved";"İnsan";"";"";"";"";"existing-a1-bank"
"A1";"Merhaba";"HEY";"";"";"İnsan onaylı";"approved";"İnsan";"";"";"";"";"existing-a1-bank"
"A1";"Merhaba";"HI";"";"";"İnsan onaylı";"approved";"İnsan";"";"";"";"";"existing-a1-bank"
"A1";"Yüksek";"HIGH";"";"";"İnsan onaylı";"approved";"İnsan";"";"";"";"";"existing-a1-bank"
"A1";"Ona";"HIM";"";"";"İnsan onaylı";"approved";"İnsan";"";"";"";"";"existing-a1-bank"
"A1";"Onun";"HIS";"";"";"İnsan onaylı";"approved";"İnsan";"";"";"";"";"existing-a1-bank"
"A1";"Tarih";"HISTORY";"";"";"İnsan onaylı";"approved";"İnsan";"";"";"";"";"existing-a1-bank"
"A1";"Hobi";"HOBBY";"";"";"İnsan onaylı";"approved";"İnsan";"";"";"";"";"existing-a1-bank"
"A1";"Tatil";"HOLIDAY";"";"";"İnsan onaylı";"approved";"İnsan";"";"";"";"";"existing-a1-bank"
"A1";"Ev";"HOME";"";"";"İnsan onaylı";"approved";"İnsan";"";"";"";"";"existing-a1-bank"
"A1";"Ev ödevi";"HOMEWORK";"";"";"İnsan onaylı";"approved";"İnsan";"";"";"";"";"existing-a1-bank"
"A1";"At";"HORSE";"";"";"İnsan onaylı";"approved";"İnsan";"";"";"";"";"existing-a1-bank"
"A1";"Hastane";"HOSPITAL";"";"";"İnsan onaylı";"approved";"İnsan";"";"";"";"";"existing-a1-bank"
"A1";"Sıcak";"HOT";"";"";"İnsan onaylı";"approved";"İnsan";"";"";"";"";"existing-a1-bank"
"A1";"Hotel";"HOTEL";"";"";"İnsan onaylı";"approved";"İnsan";"";"";"";"";"existing-a1-bank"
"A1";"Saat";"HOUR";"";"";"İnsan onaylı";"approved";"İnsan";"";"";"";"";"existing-a1-bank"
"A1";"Ev";"HOUSE";"";"";"İnsan onaylı";"approved";"İnsan";"";"";"";"";"existing-a1-bank"
"A1";"Nasıl";"HOW";"";"";"İnsan onaylı";"approved";"İnsan";"";"";"";"";"existing-a1-bank"
"A1";"Buna rağmen";"HOWEVER";"";"";"İnsan onaylı";"approved";"İnsan";"";"";"";"";"existing-a1-bank"
"A1";"Yüz";"HUNDRED";"";"";"İnsan onaylı";"approved";"İnsan";"";"";"";"";"existing-a1-bank"
"A1";"Aç";"HUNGRY";"";"";"İnsan onaylı";"approved";"İnsan";"";"";"";"";"existing-a1-bank"
"A1";"Koca";"HUSBAND";"";"";"İnsan onaylı";"approved";"İnsan";"";"";"";"";"existing-a1-bank"
"A1";"Ben";"I";"";"";"İnsan onaylı";"approved";"İnsan";"";"";"";"";"existing-a1-bank"
"A1";"Buz";"ICE";"";"";"İnsan onaylı";"approved";"İnsan";"";"";"";"";"existing-a1-bank"
"A1";"İdea";"IDEA";"";"";"İnsan onaylı";"approved";"İnsan";"";"";"";"";"existing-a1-bank"
"A1";"Eğer";"IF";"";"";"İnsan onaylı";"approved";"İnsan";"";"";"";"";"existing-a1-bank"
"A1";"Hayal etmek";"IMAGINE";"";"";"İnsan onaylı";"approved";"İnsan";"";"";"";"";"existing-a1-bank"
"A1";"Önemli";"IMPORTANT";"";"";"İnsan onaylı";"approved";"İnsan";"";"";"";"";"existing-a1-bank"
"A1";"Geliştirmek";"IMPROVE";"";"";"İnsan onaylı";"approved";"İnsan";"";"";"";"";"existing-a1-bank"
"A1";"İçinde";"IN";"";"";"İnsan onaylı";"approved";"İnsan";"";"";"";"";"existing-a1-bank"
"A1";"İçermek";"INCLUDE";"";"";"İnsan onaylı";"approved";"İnsan";"";"";"";"";"existing-a1-bank"
"A1";"Bilgi";"INFORMATION";"";"";"İnsan onaylı";"approved";"İnsan";"";"";"";"";"existing-a1-bank"
"A1";"İlgi";"INTEREST";"";"";"İnsan onaylı";"approved";"İnsan";"";"";"";"";"existing-a1-bank"
"A1";"İlginç";"INTERESTED";"";"";"İnsan onaylı";"approved";"İnsan";"";"";"";"";"existing-a1-bank"
"A1";"İlginç";"INTERESTING";"";"";"İnsan onaylı";"approved";"İnsan";"";"";"";"";"existing-a1-bank"
"A1";"İnternet";"INTERNET";"";"";"İnsan onaylı";"approved";"İnsan";"";"";"";"";"existing-a1-bank"
"A1";"Tanıtmak";"INTRODUCE";"";"";"İnsan onaylı";"approved";"İnsan";"";"";"";"";"existing-a1-bank"
"A1";"Ada";"ISLAND";"";"";"İnsan onaylı";"approved";"İnsan";"";"";"";"";"existing-a1-bank"
"A1";"O";"IT";"";"";"İnsan onaylı";"approved";"İnsan";"";"";"";"";"existing-a1-bank"
"A1";"Ceket";"JACKET";"";"";"İnsan onaylı";"approved";"İnsan";"";"";"";"";"existing-a1-bank"
"A1";"İş";"JOB";"";"";"İnsan onaylı";"approved";"İnsan";"";"";"";"";"existing-a1-bank"
"A1";"Katılmak";"JOIN";"";"";"İnsan onaylı";"approved";"İnsan";"";"";"";"";"existing-a1-bank"
"A1";"Seyahat";"JOURNEY";"";"";"İnsan onaylı";"approved";"İnsan";"";"";"";"";"existing-a1-bank"
"A1";"Meyve suyu";"JUICE";"";"";"İnsan onaylı";"approved";"İnsan";"";"";"";"";"existing-a1-bank"
"A1";"Temmuz";"JULY";"";"";"İnsan onaylı";"approved";"İnsan";"";"";"";"";"existing-a1-bank"
"A1";"Haziran";"JUNE";"";"";"İnsan onaylı";"approved";"İnsan";"";"";"";"";"existing-a1-bank"
"A1";"Sadece";"JUST";"";"";"İnsan onaylı";"approved";"İnsan";"";"";"";"";"existing-a1-bank"
"A1";"Tutmak";"KEEP";"";"";"İnsan onaylı";"approved";"İnsan";"";"";"";"";"existing-a1-bank"
"A1";"Anahtar";"KEY";"";"";"İnsan onaylı";"approved";"İnsan";"";"";"";"";"existing-a1-bank"
"A1";"Tür";"KIND";"";"";"İnsan onaylı";"approved";"İnsan";"";"";"";"";"existing-a1-bank"
"A1";"Mutfak";"KITCHEN";"";"";"İnsan onaylı";"approved";"İnsan";"";"";"";"";"existing-a1-bank"
"A1";"Bilmek";"KNOW";"";"";"İnsan onaylı";"approved";"İnsan";"";"";"";"";"existing-a1-bank"
"A1";"Ada";"LAND";"";"";"İnsan onaylı";"approved";"İnsan";"";"";"";"";"existing-a1-bank"
"A1";"Dil";"LANGUAGE";"";"";"İnsan onaylı";"approved";"İnsan";"";"";"";"";"existing-a1-bank"
"A1";"Geniş";"LARGE";"";"";"İnsan onaylı";"approved";"İnsan";"";"";"";"";"existing-a1-bank"
"A1";"Son";"LAST";"";"";"İnsan onaylı";"approved";"İnsan";"";"";"";"";"existing-a1-bank"
"A1";"Geç";"LATE";"";"";"İnsan onaylı";"approved";"İnsan";"";"";"";"";"existing-a1-bank"
"A1";"Gülme";"LAUGH";"";"";"İnsan onaylı";"approved";"İnsan";"";"";"";"";"existing-a1-bank"
"A1";"Sol";"LEFT";"";"";"İnsan onaylı";"approved";"İnsan";"";"";"";"";"existing-a1-bank"
"A1";"Bacak";"LEG";"";"";"İnsan onaylı";"approved";"İnsan";"";"";"";"";"existing-a1-bank"
"A1";"Ders";"LESSON";"";"";"İnsan onaylı";"approved";"İnsan";"";"";"";"";"existing-a1-bank"
"A1";"İzin vermek";"LET";"";"";"İnsan onaylı";"approved";"İnsan";"";"";"";"";"existing-a1-bank"
"A1";"Mektup";"LETTER";"";"";"İnsan onaylı";"approved";"İnsan";"";"";"";"";"existing-a1-bank"
"A1";"Kütüphane";"LIBRARY";"";"";"İnsan onaylı";"approved";"İnsan";"";"";"";"";"existing-a1-bank"
"A1";"Yalan söylemek";"LIE";"";"";"İnsan onaylı";"approved";"İnsan";"";"";"";"";"existing-a1-bank"
"A1";"Hayat";"LIFE";"";"";"İnsan onaylı";"approved";"İnsan";"";"";"";"";"existing-a1-bank"
"A1";"Işık";"LIGHT";"";"";"İnsan onaylı";"approved";"İnsan";"";"";"";"";"existing-a1-bank"
"A1";"Satır";"LINE";"";"";"İnsan onaylı";"approved";"İnsan";"";"";"";"";"existing-a1-bank"
"A1";"Aslan";"LION";"";"";"İnsan onaylı";"approved";"İnsan";"";"";"";"";"existing-a1-bank"
"A1";"Liste";"LIST";"";"";"İnsan onaylı";"approved";"İnsan";"";"";"";"";"existing-a1-bank"
"A1";"Dinlemek";"LISTEN";"";"";"İnsan onaylı";"approved";"İnsan";"";"";"";"";"existing-a1-bank"
"A1";"Küçük";"LITTLE";"";"";"İnsan onaylı";"approved";"İnsan";"";"";"";"";"existing-a1-bank"
"A1";"Yaşamak";"LIVE";"";"";"İnsan onaylı";"approved";"İnsan";"";"";"";"";"existing-a1-bank"
"A1";"Yerel";"LOCAL";"";"";"İnsan onaylı";"approved";"İnsan";"";"";"";"";"existing-a1-bank"
"A1";"Uzun";"LONG";"";"";"İnsan onaylı";"approved";"İnsan";"";"";"";"";"existing-a1-bank"
"A1";"Bakmak";"LOOK";"";"";"İnsan onaylı";"approved";"İnsan";"";"";"";"";"existing-a1-bank"
"A1";"Kaybetmek";"LOSE";"";"";"İnsan onaylı";"approved";"İnsan";"";"";"";"";"existing-a1-bank"
"A1";"Sevmek";"LOVE";"";"";"İnsan onaylı";"approved";"İnsan";"";"";"";"";"existing-a1-bank"
"A1";"Öğle yemeği";"LUNCH";"";"";"İnsan onaylı";"approved";"İnsan";"";"";"";"";"existing-a1-bank"
"A1";"Makine";"MACHINE";"";"";"İnsan onaylı";"approved";"İnsan";"";"";"";"";"existing-a1-bank"
"A1";"Dergi";"MAGAZINE";"";"";"İnsan onaylı";"approved";"İnsan";"";"";"";"";"existing-a1-bank"
"A1";"Esas";"MAIN";"";"";"İnsan onaylı";"approved";"İnsan";"";"";"";"";"existing-a1-bank"
"A1";"Yapmak";"MAKE";"";"";"İnsan onaylı";"approved";"İnsan";"";"";"";"";"existing-a1-bank"
"A1";"Adam";"MAN";"";"";"İnsan onaylı";"approved";"İnsan";"";"";"";"";"existing-a1-bank"
"A1";"Çok";"MANY";"";"";"İnsan onaylı";"approved";"İnsan";"";"";"";"";"existing-a1-bank"
"A1";"Harita";"MAP";"";"";"İnsan onaylı";"approved";"İnsan";"";"";"";"";"existing-a1-bank"
"A1";"Mart";"MARCH";"";"";"İnsan onaylı";"approved";"İnsan";"";"";"";"";"existing-a1-bank"
"A1";"Market";"MARKET";"";"";"İnsan onaylı";"approved";"İnsan";"";"";"";"";"existing-a1-bank"
"A1";"Evli";"MARRIED";"";"";"İnsan onaylı";"approved";"İnsan";"";"";"";"";"existing-a1-bank"
"A1";"Mayıs";"MAY";"";"";"İnsan onaylı";"approved";"İnsan";"";"";"";"";"existing-a1-bank"
"A1";"Belki";"MAYBE";"";"";"İnsan onaylı";"approved";"İnsan";"";"";"";"";"existing-a1-bank"
"A1";"Beni";"ME";"";"";"İnsan onaylı";"approved";"İnsan";"";"";"";"";"existing-a1-bank"
"A1";"Öğün";"MEAL";"";"";"İnsan onaylı";"approved";"İnsan";"";"";"";"";"existing-a1-bank"
"A1";"Demek";"MEAN";"";"";"İnsan onaylı";"approved";"İnsan";"";"";"";"";"existing-a1-bank"
"A1";"Anlam";"MEANING";"";"";"İnsan onaylı";"approved";"İnsan";"";"";"";"";"existing-a1-bank"
"A1";"Et";"MEAT";"";"";"İnsan onaylı";"approved";"İnsan";"";"";"";"";"existing-a1-bank"
"A1";"Tanışmak";"MEET";"";"";"İnsan onaylı";"approved";"İnsan";"";"";"";"";"existing-a1-bank"
"A1";"Buluşma";"MEETING";"";"";"İnsan onaylı";"approved";"İnsan";"";"";"";"";"existing-a1-bank"
"A1";"Üye";"MEMBER";"";"";"İnsan onaylı";"approved";"İnsan";"";"";"";"";"existing-a1-bank"
"A1";"Menü";"MENU";"";"";"İnsan onaylı";"approved";"İnsan";"";"";"";"";"existing-a1-bank"
"A1";"Mesaj";"MESSAGE";"";"";"İnsan onaylı";"approved";"İnsan";"";"";"";"";"existing-a1-bank"
"A1";"Metre";"METRE";"";"";"İnsan onaylı";"approved";"İnsan";"";"";"";"";"existing-a1-bank"
"A1";"Gece yarısı";"MIDNIGHT";"";"";"İnsan onaylı";"approved";"İnsan";"";"";"";"";"existing-a1-bank"
"A1";"Mil";"MILE";"";"";"İnsan onaylı";"approved";"İnsan";"";"";"";"";"existing-a1-bank"
"A1";"Süt";"MILK";"";"";"İnsan onaylı";"approved";"İnsan";"";"";"";"";"existing-a1-bank"
"A1";"Milyon";"MILLION";"";"";"İnsan onaylı";"approved";"İnsan";"";"";"";"";"existing-a1-bank"
"A1";"Dakika";"MINUTE";"";"";"İnsan onaylı";"approved";"İnsan";"";"";"";"";"existing-a1-bank"
"A1";"Kaçırmak";"MISS";"";"";"İnsan onaylı";"approved";"İnsan";"";"";"";"";"existing-a1-bank"
"A1";"Hata";"MISTAKE";"";"";"İnsan onaylı";"approved";"İnsan";"";"";"";"";"existing-a1-bank"
"A1";"Model";"MODEL";"";"";"İnsan onaylı";"approved";"İnsan";"";"";"";"";"existing-a1-bank"
"A1";"Modern";"MODERN";"";"";"İnsan onaylı";"approved";"İnsan";"";"";"";"";"existing-a1-bank"
"A1";"An";"MOMENT";"";"";"İnsan onaylı";"approved";"İnsan";"";"";"";"";"existing-a1-bank"
"A1";"Pazartesi";"MONDAY";"";"";"İnsan onaylı";"approved";"İnsan";"";"";"";"";"existing-a1-bank"
"A1";"Para";"MONEY";"";"";"İnsan onaylı";"approved";"İnsan";"";"";"";"";"existing-a1-bank"
"A1";"Ay";"MONTH";"";"";"İnsan onaylı";"approved";"İnsan";"";"";"";"";"existing-a1-bank"
"A1";"Daha";"MORE";"";"";"İnsan onaylı";"approved";"İnsan";"";"";"";"";"existing-a1-bank"
"A1";"Sabah";"MORNING";"";"";"İnsan onaylı";"approved";"İnsan";"";"";"";"";"existing-a1-bank"
"A1";"En çok";"MOST";"";"";"İnsan onaylı";"approved";"İnsan";"";"";"";"";"existing-a1-bank"
"A1";"Anne";"MOTHER";"";"";"İnsan onaylı";"approved";"İnsan";"";"";"";"";"existing-a1-bank"
"A1";"Dağ";"MOUNTAIN";"";"";"İnsan onaylı";"approved";"İnsan";"";"";"";"";"existing-a1-bank"
"A1";"Fare";"MOUSE";"";"";"İnsan onaylı";"approved";"İnsan";"";"";"";"";"existing-a1-bank"
"A1";"Ağız";"MOUTH";"";"";"İnsan onaylı";"approved";"İnsan";"";"";"";"";"existing-a1-bank"
"A1";"Hareket etmek";"MOVE";"";"";"İnsan onaylı";"approved";"İnsan";"";"";"";"";"existing-a1-bank"
"A1";"Film";"MOVIE";"";"";"İnsan onaylı";"approved";"İnsan";"";"";"";"";"existing-a1-bank"
"A1";"Fazla";"MUCH";"";"";"İnsan onaylı";"approved";"İnsan";"";"";"";"";"existing-a1-bank"
"A1";"Anne";"MUM";"";"";"İnsan onaylı";"approved";"İnsan";"";"";"";"";"existing-a1-bank"
"A1";"Müze";"MUSEUM";"";"";"İnsan onaylı";"approved";"İnsan";"";"";"";"";"existing-a1-bank"
"A1";"Müzik";"MUSIC";"";"";"İnsan onaylı";"approved";"İnsan";"";"";"";"";"existing-a1-bank"
"A1";"Zorunluluk";"MUST";"";"";"İnsan onaylı";"approved";"İnsan";"";"";"";"";"existing-a1-bank"
"A1";"Benim";"MY";"";"";"İnsan onaylı";"approved";"İnsan";"";"";"";"";"existing-a1-bank"
"A1";"İsim";"NAME";"";"";"İnsan onaylı";"approved";"İnsan";"";"";"";"";"existing-a1-bank"
"A1";"Doğal";"NATURAL";"";"";"İnsan onaylı";"approved";"İnsan";"";"";"";"";"existing-a1-bank"
"A1";"Yakın";"NEAR";"";"";"İnsan onaylı";"approved";"İnsan";"";"";"";"";"existing-a1-bank"
"A1";"Gerekmek";"NEED";"";"";"İnsan onaylı";"approved";"İnsan";"";"";"";"";"existing-a1-bank"
"A1";"Olumsuz";"NEGATIVE";"";"";"İnsan onaylı";"approved";"İnsan";"";"";"";"";"existing-a1-bank"
"A1";"Komşu";"NEIGHBOUR";"";"";"İnsan onaylı";"approved";"İnsan";"";"";"";"";"existing-a1-bank"
"A1";"Asla";"NEVER";"";"";"İnsan onaylı";"approved";"İnsan";"";"";"";"";"existing-a1-bank"
"A1";"Yeni";"NEW";"";"";"İnsan onaylı";"approved";"İnsan";"";"";"";"";"existing-a1-bank"
"A1";"Haberler";"NEWS";"";"";"İnsan onaylı";"approved";"İnsan";"";"";"";"";"existing-a1-bank"
"A1";"Gazete";"NEWSPAPER";"";"";"İnsan onaylı";"approved";"İnsan";"";"";"";"";"existing-a1-bank"
"A1";"Sıradaki";"NEXT";"";"";"İnsan onaylı";"approved";"İnsan";"";"";"";"";"existing-a1-bank"
"A1";"İyi";"NICE";"";"";"İnsan onaylı";"approved";"İnsan";"";"";"";"";"existing-a1-bank"
"A1";"Gece";"NIGHT";"";"";"İnsan onaylı";"approved";"İnsan";"";"";"";"";"existing-a1-bank"
"A1";"Dokuz";"NINE";"";"";"İnsan onaylı";"approved";"İnsan";"";"";"";"";"existing-a1-bank"
"A1";"On dokuz";"NINETEEN";"";"";"İnsan onaylı";"approved";"İnsan";"";"";"";"";"existing-a1-bank"
"A1";"Doksan";"NINETY";"";"";"İnsan onaylı";"approved";"İnsan";"";"";"";"";"existing-a1-bank"
"A1";"Burun";"NOSE";"";"";"İnsan onaylı";"approved";"İnsan";"";"";"";"";"existing-a1-bank"
"A1";"Değil";"NOT";"";"";"İnsan onaylı";"approved";"İnsan";"";"";"";"";"existing-a1-bank"
"A1";"Not";"NOTE";"";"";"İnsan onaylı";"approved";"İnsan";"";"";"";"";"existing-a1-bank"
"A1";"Kasım";"NOVEMBER";"";"";"İnsan onaylı";"approved";"İnsan";"";"";"";"";"existing-a1-bank"
"A1";"Şimdi";"NOW";"";"";"İnsan onaylı";"approved";"İnsan";"";"";"";"";"existing-a1-bank"
"A1";"Numara";"NUMBER";"";"";"İnsan onaylı";"approved";"İnsan";"";"";"";"";"existing-a1-bank"
"A1";"Hemşire";"NURSE";"";"";"İnsan onaylı";"approved";"İnsan";"";"";"";"";"existing-a1-bank"
"A1";"Obje";"OBJECT";"";"";"İnsan onaylı";"approved";"İnsan";"";"";"";"";"existing-a1-bank"
"A1";"Ekim";"OCTOBER";"";"";"İnsan onaylı";"approved";"İnsan";"";"";"";"";"existing-a1-bank"
"A1";"-nın";"OF";"";"";"İnsan onaylı";"approved";"İnsan";"";"";"";"";"existing-a1-bank"
"A1";"Kapalı";"OFF";"";"";"İnsan onaylı";"approved";"İnsan";"";"";"";"";"existing-a1-bank"
"A1";"Ofis";"OFFICE";"";"";"İnsan onaylı";"approved";"İnsan";"";"";"";"";"existing-a1-bank"
"A1";"Sıklıkla";"OFTEN";"";"";"İnsan onaylı";"approved";"İnsan";"";"";"";"";"existing-a1-bank"
"A1";"Oh";"OH";"";"";"İnsan onaylı";"approved";"İnsan";"";"";"";"";"existing-a1-bank"
"A1";"Tasdik";"OK";"";"";"İnsan onaylı";"approved";"İnsan";"";"";"";"";"existing-a1-bank"
"A1";"Eski";"OLD";"";"";"İnsan onaylı";"approved";"İnsan";"";"";"";"";"existing-a1-bank"
"A1";"Üzerinde";"ON";"";"";"İnsan onaylı";"approved";"İnsan";"";"";"";"";"existing-a1-bank"
"A1";"Bir kere";"ONCE";"";"";"İnsan onaylı";"approved";"İnsan";"";"";"";"";"existing-a1-bank"
"A1";"Soğan";"ONION";"";"";"İnsan onaylı";"approved";"İnsan";"";"";"";"";"existing-a1-bank"
"A1";"Online";"ONLINE";"";"";"İnsan onaylı";"approved";"İnsan";"";"";"";"";"existing-a1-bank"
"A1";"Sadece";"ONLY";"";"";"İnsan onaylı";"approved";"İnsan";"";"";"";"";"existing-a1-bank"
"A1";"Açık";"OPEN";"";"";"İnsan onaylı";"approved";"İnsan";"";"";"";"";"existing-a1-bank"
"A1";"Görüş";"OPINION";"";"";"İnsan onaylı";"approved";"İnsan";"";"";"";"";"existing-a1-bank"
"A1";"Karşı";"OPPOSITE";"";"";"İnsan onaylı";"approved";"İnsan";"";"";"";"";"existing-a1-bank"
"A1";"Veya";"OR";"";"";"İnsan onaylı";"approved";"İnsan";"";"";"";"";"existing-a1-bank"
"A1";"Portakal";"ORANGE";"";"";"İnsan onaylı";"approved";"İnsan";"";"";"";"";"existing-a1-bank"
"A1";"Sipariş";"ORDER";"";"";"İnsan onaylı";"approved";"İnsan";"";"";"";"";"existing-a1-bank"
"A1";"Diğeri";"OTHER";"";"";"İnsan onaylı";"approved";"İnsan";"";"";"";"";"existing-a1-bank"
"A1";"Bizim";"OUR";"";"";"İnsan onaylı";"approved";"İnsan";"";"";"";"";"existing-a1-bank"
"A1";"Dışarı";"OUT";"";"";"İnsan onaylı";"approved";"İnsan";"";"";"";"";"existing-a1-bank"
"A1";"Dışarı";"OUTSIDE";"";"";"İnsan onaylı";"approved";"İnsan";"";"";"";"";"existing-a1-bank"
"A1";"Üstünde";"OVER";"";"";"İnsan onaylı";"approved";"İnsan";"";"";"";"";"existing-a1-bank"
"A1";"Kendi";"OWN";"";"";"İnsan onaylı";"approved";"İnsan";"";"";"";"";"existing-a1-bank"
"A1";"Sayfa";"PAGE";"";"";"İnsan onaylı";"approved";"İnsan";"";"";"";"";"existing-a1-bank"
"A1";"Boya";"PAINT";"";"";"İnsan onaylı";"approved";"İnsan";"";"";"";"";"existing-a1-bank"
"A1";"Tablo";"PAINTING";"";"";"İnsan onaylı";"approved";"İnsan";"";"";"";"";"existing-a1-bank"
"A1";"Çift";"PAIR";"";"";"İnsan onaylı";"approved";"İnsan";"";"";"";"";"existing-a1-bank"
"A1";"Sayfa";"PAPER";"";"";"İnsan onaylı";"approved";"İnsan";"";"";"";"";"existing-a1-bank"
"A1";"Paragraf";"PARAGRAPH";"";"";"İnsan onaylı";"approved";"İnsan";"";"";"";"";"existing-a1-bank"
"A1";"Ebeveyn";"PARENT";"";"";"İnsan onaylı";"approved";"İnsan";"";"";"";"";"existing-a1-bank"
"A1";"Park";"PARK";"";"";"İnsan onaylı";"approved";"İnsan";"";"";"";"";"existing-a1-bank"
"A1";"Bölüm";"PART";"";"";"İnsan onaylı";"approved";"İnsan";"";"";"";"";"existing-a1-bank"
"A1";"Partner";"PARTNER";"";"";"İnsan onaylı";"approved";"İnsan";"";"";"";"";"existing-a1-bank"
"A1";"Parti";"PARTY";"";"";"İnsan onaylı";"approved";"İnsan";"";"";"";"";"existing-a1-bank"
"A1";"Pasaport";"PASSPORT";"";"";"İnsan onaylı";"approved";"İnsan";"";"";"";"";"existing-a1-bank"
"A1";"Geçmiş";"PAST";"";"";"İnsan onaylı";"approved";"İnsan";"";"";"";"";"existing-a1-bank"
"A1";"Ödemek";"PAY";"";"";"İnsan onaylı";"approved";"İnsan";"";"";"";"";"existing-a1-bank"
"A1";"Dolma kalem";"PEN";"";"";"İnsan onaylı";"approved";"İnsan";"";"";"";"";"existing-a1-bank"
"A1";"Kurşun kalem";"PENCIL";"";"";"İnsan onaylı";"approved";"İnsan";"";"";"";"";"existing-a1-bank"
"A1";"İnsanlar";"PEOPLE";"";"";"İnsan onaylı";"approved";"İnsan";"";"";"";"";"existing-a1-bank"
"A1";"Biber";"PEPPER";"";"";"İnsan onaylı";"approved";"İnsan";"";"";"";"";"existing-a1-bank"
"A1";"Harika";"PERFECT";"";"";"İnsan onaylı";"approved";"İnsan";"";"";"";"";"existing-a1-bank"
"A1";"Periyot";"PERIOD";"";"";"İnsan onaylı";"approved";"İnsan";"";"";"";"";"existing-a1-bank"
"A1";"İnsan";"PERSON";"";"";"İnsan onaylı";"approved";"İnsan";"";"";"";"";"existing-a1-bank"
"A1";"Kişisel";"PERSONAL";"";"";"İnsan onaylı";"approved";"İnsan";"";"";"";"";"existing-a1-bank"
"A1";"Telefon";"PHONE";"";"";"İnsan onaylı";"approved";"İnsan";"";"";"";"";"existing-a1-bank"
"A1";"Foto";"PHOTO";"";"";"İnsan onaylı";"approved";"İnsan";"";"";"";"";"existing-a1-bank"
"A1";"Fotoğraf";"PHOTOGRAPH";"";"";"İnsan onaylı";"approved";"İnsan";"";"";"";"";"existing-a1-bank"
"A1";"İbare";"PHRASE";"";"";"İnsan onaylı";"approved";"İnsan";"";"";"";"";"existing-a1-bank"
"A1";"Piyano";"PIANO";"";"";"İnsan onaylı";"approved";"İnsan";"";"";"";"";"existing-a1-bank"
"A1";"Resim";"PICTURE";"";"";"İnsan onaylı";"approved";"İnsan";"";"";"";"";"existing-a1-bank"
"A1";"Tane";"PIECE";"";"";"İnsan onaylı";"approved";"İnsan";"";"";"";"";"existing-a1-bank"
"A1";"Domuz";"PIG";"";"";"İnsan onaylı";"approved";"İnsan";"";"";"";"";"existing-a1-bank"
"A1";"Pembe";"PINK";"";"";"İnsan onaylı";"approved";"İnsan";"";"";"";"";"existing-a1-bank"
"A1";"Yer";"PLACE";"";"";"İnsan onaylı";"approved";"İnsan";"";"";"";"";"existing-a1-bank"
"A1";"Plan";"PLAN";"";"";"İnsan onaylı";"approved";"İnsan";"";"";"";"";"existing-a1-bank"
"A1";"Uçak";"PLANE";"";"";"İnsan onaylı";"approved";"İnsan";"";"";"";"";"existing-a1-bank"
"A1";"Bitki";"PLANT";"";"";"İnsan onaylı";"approved";"İnsan";"";"";"";"";"existing-a1-bank"
"A1";"Oyun";"PLAY";"";"";"İnsan onaylı";"approved";"İnsan";"";"";"";"";"existing-a1-bank"
"A1";"Oyuncu";"PLAYER";"";"";"İnsan onaylı";"approved";"İnsan";"";"";"";"";"existing-a1-bank"
"A1";"Lütfen";"PLEASE";"";"";"İnsan onaylı";"approved";"İnsan";"";"";"";"";"existing-a1-bank"
"A1";"Nokta";"POINT";"";"";"İnsan onaylı";"approved";"İnsan";"";"";"";"";"existing-a1-bank"
"A1";"Polis";"POLICE";"";"";"İnsan onaylı";"approved";"İnsan";"";"";"";"";"existing-a1-bank"
"A1";"Polis";"POLICEMAN";"";"";"İnsan onaylı";"approved";"İnsan";"";"";"";"";"existing-a1-bank"
"A1";"Havuz";"POOL";"";"";"İnsan onaylı";"approved";"İnsan";"";"";"";"";"existing-a1-bank"
"A1";"Fakir";"POOR";"";"";"İnsan onaylı";"approved";"İnsan";"";"";"";"";"existing-a1-bank"
"A1";"Popüler";"POPULAR";"";"";"İnsan onaylı";"approved";"İnsan";"";"";"";"";"existing-a1-bank"
"A1";"Positif";"POSITIVE";"";"";"İnsan onaylı";"approved";"İnsan";"";"";"";"";"existing-a1-bank"
"A1";"Mümkün";"POSSIBLE";"";"";"İnsan onaylı";"approved";"İnsan";"";"";"";"";"existing-a1-bank"
"A1";"Makam";"POST";"";"";"İnsan onaylı";"approved";"İnsan";"";"";"";"";"existing-a1-bank"
"A1";"Patates";"POTATO";"";"";"İnsan onaylı";"approved";"İnsan";"";"";"";"";"existing-a1-bank"
"A1";"Pound";"POUND";"";"";"İnsan onaylı";"approved";"İnsan";"";"";"";"";"existing-a1-bank"
"A1";"Egzersiz";"PRACTICE";"";"";"İnsan onaylı";"approved";"İnsan";"";"";"";"";"existing-a1-bank"
"A1";"Alıştırma yapmak";"PRACTISE";"";"";"İnsan onaylı";"approved";"İnsan";"";"";"";"";"existing-a1-bank"
"A1";"Tercih etmek";"PREFER";"";"";"İnsan onaylı";"approved";"İnsan";"";"";"";"";"existing-a1-bank"
"A1";"Hazırlamak";"PREPARE";"";"";"İnsan onaylı";"approved";"İnsan";"";"";"";"";"existing-a1-bank"
"A1";"Şimdiki zaman";"PRESENT";"";"";"İnsan onaylı";"approved";"İnsan";"";"";"";"";"existing-a1-bank"
"A1";"Hoş";"PRETTY";"";"";"İnsan onaylı";"approved";"İnsan";"";"";"";"";"existing-a1-bank"
"A1";"Fiyat";"PRICE";"";"";"İnsan onaylı";"approved";"İnsan";"";"";"";"";"existing-a1-bank"
"A1";"Muhtemelen";"PROBABLY";"";"";"İnsan onaylı";"approved";"İnsan";"";"";"";"";"existing-a1-bank"
"A1";"Problem";"PROBLEM";"";"";"İnsan onaylı";"approved";"İnsan";"";"";"";"";"existing-a1-bank"
"A1";"Ürün";"PRODUCT";"";"";"İnsan onaylı";"approved";"İnsan";"";"";"";"";"existing-a1-bank"
"A1";"Program";"PROGRAMME";"";"";"İnsan onaylı";"approved";"İnsan";"";"";"";"";"existing-a1-bank"
"A1";"Proje";"PROJECT";"";"";"İnsan onaylı";"approved";"İnsan";"";"";"";"";"existing-a1-bank"
"A1";"Mor";"PURPLE";"";"";"İnsan onaylı";"approved";"İnsan";"";"";"";"";"existing-a1-bank"
"A1";"Koymak";"PUT";"";"";"İnsan onaylı";"approved";"İnsan";"";"";"";"";"existing-a1-bank"
"A1";"Çeyrek";"QUARTER";"";"";"İnsan onaylı";"approved";"İnsan";"";"";"";"";"existing-a1-bank"
"A1";"Soru";"QUESTION";"";"";"İnsan onaylı";"approved";"İnsan";"";"";"";"";"existing-a1-bank"
"A1";"Hızlı";"QUICK";"";"";"İnsan onaylı";"approved";"İnsan";"";"";"";"";"existing-a1-bank"
"A1";"Hızlıca";"QUICKLY";"";"";"İnsan onaylı";"approved";"İnsan";"";"";"";"";"existing-a1-bank"
"A1";"Sakin";"QUIET";"";"";"İnsan onaylı";"approved";"İnsan";"";"";"";"";"existing-a1-bank"
"A1";"Epeyce";"QUITE";"";"";"İnsan onaylı";"approved";"İnsan";"";"";"";"";"existing-a1-bank"
"A1";"Radyo";"RADIO";"";"";"İnsan onaylı";"approved";"İnsan";"";"";"";"";"existing-a1-bank"
"A1";"Yağmur";"RAIN";"";"";"İnsan onaylı";"approved";"İnsan";"";"";"";"";"existing-a1-bank"
"A1";"Okumak";"READ";"";"";"İnsan onaylı";"approved";"İnsan";"";"";"";"";"existing-a1-bank"
"A1";"Okuyucu";"READER";"";"";"İnsan onaylı";"approved";"İnsan";"";"";"";"";"existing-a1-bank"
"A1";"Okuma";"READING";"";"";"İnsan onaylı";"approved";"İnsan";"";"";"";"";"existing-a1-bank"
"A1";"Hazır";"READY";"";"";"İnsan onaylı";"approved";"İnsan";"";"";"";"";"existing-a1-bank"
"A1";"Gerçek";"REAL";"";"";"İnsan onaylı";"approved";"İnsan";"";"";"";"";"existing-a1-bank"
"A1";"Gerçekten";"REALLY";"";"";"İnsan onaylı";"approved";"İnsan";"";"";"";"";"existing-a1-bank"
"A1";"Sebep";"REASON";"";"";"İnsan onaylı";"approved";"İnsan";"";"";"";"";"existing-a1-bank"
"A1";"Kırmızı";"RED";"";"";"İnsan onaylı";"approved";"İnsan";"";"";"";"";"existing-a1-bank"
"A1";"Rahatlamak";"RELAX";"";"";"İnsan onaylı";"approved";"İnsan";"";"";"";"";"existing-a1-bank"
"A1";"Hatırlamak";"REMEMBER";"";"";"İnsan onaylı";"approved";"İnsan";"";"";"";"";"existing-a1-bank"
"A1";"Tekrar etmek";"REPEAT";"";"";"İnsan onaylı";"approved";"İnsan";"";"";"";"";"existing-a1-bank"
"A1";"Rapor";"REPORT";"";"";"İnsan onaylı";"approved";"İnsan";"";"";"";"";"existing-a1-bank"
"A1";"Restoran";"RESTAURANT";"";"";"İnsan onaylı";"approved";"İnsan";"";"";"";"";"existing-a1-bank"
"A1";"Sonuç";"RESULT";"";"";"İnsan onaylı";"approved";"İnsan";"";"";"";"";"existing-a1-bank"
"A1";"Geri dönmek";"RETURN";"";"";"İnsan onaylı";"approved";"İnsan";"";"";"";"";"existing-a1-bank"
"A1";"Pirinç";"RICE";"";"";"İnsan onaylı";"approved";"İnsan";"";"";"";"";"existing-a1-bank"
"A1";"Zengin";"RICH";"";"";"İnsan onaylı";"approved";"İnsan";"";"";"";"";"existing-a1-bank"
"A1";"Sürmek";"RIDE";"";"";"İnsan onaylı";"approved";"İnsan";"";"";"";"";"existing-a1-bank"
"A1";"Doğru";"RIGHT";"";"";"İnsan onaylı";"approved";"İnsan";"";"";"";"";"existing-a1-bank"
"A1";"Nehir";"RIVER";"";"";"İnsan onaylı";"approved";"İnsan";"";"";"";"";"existing-a1-bank"
"A1";"Yol";"ROAD";"";"";"İnsan onaylı";"approved";"İnsan";"";"";"";"";"existing-a1-bank"
"A1";"Oda";"ROOM";"";"";"İnsan onaylı";"approved";"İnsan";"";"";"";"";"existing-a1-bank"
"A1";"Rutin";"ROUTINE";"";"";"İnsan onaylı";"approved";"İnsan";"";"";"";"";"existing-a1-bank"
"A1";"Kural";"RULE";"";"";"İnsan onaylı";"approved";"İnsan";"";"";"";"";"existing-a1-bank"
"A1";"Koşmak";"RUN";"";"";"İnsan onaylı";"approved";"İnsan";"";"";"";"";"existing-a1-bank"
"A1";"Üzgün";"SAD";"";"";"İnsan onaylı";"approved";"İnsan";"";"";"";"";"existing-a1-bank"
"A1";"Salata";"SALAD";"";"";"İnsan onaylı";"approved";"İnsan";"";"";"";"";"existing-a1-bank"
"A1";"Tuz";"SALT";"";"";"İnsan onaylı";"approved";"İnsan";"";"";"";"";"existing-a1-bank"
"A1";"Aynı";"SAME";"";"";"İnsan onaylı";"approved";"İnsan";"";"";"";"";"existing-a1-bank"
"A1";"Sandviç";"SANDWICH";"";"";"İnsan onaylı";"approved";"İnsan";"";"";"";"";"existing-a1-bank"
"A1";"Cumartesi";"SATURDAY";"";"";"İnsan onaylı";"approved";"İnsan";"";"";"";"";"existing-a1-bank"
"A1";"Söylemek";"SAY";"";"";"İnsan onaylı";"approved";"İnsan";"";"";"";"";"existing-a1-bank"
"A1";"Okul";"SCHOOL";"";"";"İnsan onaylı";"approved";"İnsan";"";"";"";"";"existing-a1-bank"
"A1";"Bilim";"SCIENCE";"";"";"İnsan onaylı";"approved";"İnsan";"";"";"";"";"existing-a1-bank"
"A1";"Bilim adamı";"SCIENTIST";"";"";"İnsan onaylı";"approved";"İnsan";"";"";"";"";"existing-a1-bank"
"A1";"Deniz";"SEA";"";"";"İnsan onaylı";"approved";"İnsan";"";"";"";"";"existing-a1-bank"
"A1";"İkinci";"SECOND";"";"";"İnsan onaylı";"approved";"İnsan";"";"";"";"";"existing-a1-bank"
"A1";"Kesit";"SECTION";"";"";"İnsan onaylı";"approved";"İnsan";"";"";"";"";"existing-a1-bank"
"A1";"Görmek";"SEE";"";"";"İnsan onaylı";"approved";"İnsan";"";"";"";"";"existing-a1-bank"
"A1";"Satmak";"SELL";"";"";"İnsan onaylı";"approved";"İnsan";"";"";"";"";"existing-a1-bank"
"A1";"Göndermek";"SEND";"";"";"İnsan onaylı";"approved";"İnsan";"";"";"";"";"existing-a1-bank"
"A1";"Cümle";"SENTENCE";"";"";"İnsan onaylı";"approved";"İnsan";"";"";"";"";"existing-a1-bank"
"A1";"Eylül";"SEPTEMBER";"";"";"İnsan onaylı";"approved";"İnsan";"";"";"";"";"existing-a1-bank"
"A1";"Yedi";"SEVEN";"";"";"İnsan onaylı";"approved";"İnsan";"";"";"";"";"existing-a1-bank"
"A1";"On yedi";"SEVENTEEN";"";"";"İnsan onaylı";"approved";"İnsan";"";"";"";"";"existing-a1-bank"
"A1";"Yetmiş";"SEVENTY";"";"";"İnsan onaylı";"approved";"İnsan";"";"";"";"";"existing-a1-bank"
"A1";"Paylaşmak";"SHARE";"";"";"İnsan onaylı";"approved";"İnsan";"";"";"";"";"existing-a1-bank"
"A1";"O";"SHE";"";"";"İnsan onaylı";"approved";"İnsan";"";"";"";"";"existing-a1-bank"
"A1";"Koyun";"SHEEP";"";"";"İnsan onaylı";"approved";"İnsan";"";"";"";"";"existing-a1-bank"
"A1";"Gömlek";"SHIRT";"";"";"İnsan onaylı";"approved";"İnsan";"";"";"";"";"existing-a1-bank"
"A1";"Ayakkabı";"SHOE";"";"";"İnsan onaylı";"approved";"İnsan";"";"";"";"";"existing-a1-bank"
"A1";"Alışveriş";"SHOP";"";"";"İnsan onaylı";"approved";"İnsan";"";"";"";"";"existing-a1-bank"
"A1";"Alışveriş yapma";"SHOPPING";"";"";"İnsan onaylı";"approved";"İnsan";"";"";"";"";"existing-a1-bank"
"A1";"Kısa";"SHORT";"";"";"İnsan onaylı";"approved";"İnsan";"";"";"";"";"existing-a1-bank"
"A1";"Gerekmek";"SHOULD";"";"";"İnsan onaylı";"approved";"İnsan";"";"";"";"";"existing-a1-bank"
"A1";"Göstermek";"SHOW";"";"";"İnsan onaylı";"approved";"İnsan";"";"";"";"";"existing-a1-bank"
"A1";"Duş";"SHOWER";"";"";"İnsan onaylı";"approved";"İnsan";"";"";"";"";"existing-a1-bank"
"A1";"Hasta";"SICK";"";"";"İnsan onaylı";"approved";"İnsan";"";"";"";"";"existing-a1-bank"
"A1";"Benzer";"SIMILAR";"";"";"İnsan onaylı";"approved";"İnsan";"";"";"";"";"existing-a1-bank"
"A1";"Şarkı söylemek";"SING";"";"";"İnsan onaylı";"approved";"İnsan";"";"";"";"";"existing-a1-bank"
"A1";"Şarkıcı";"SINGER";"";"";"İnsan onaylı";"approved";"İnsan";"";"";"";"";"existing-a1-bank"
"A1";"Kız kardeş";"SISTER";"";"";"İnsan onaylı";"approved";"İnsan";"";"";"";"";"existing-a1-bank"
"A1";"Oturmak";"SIT";"";"";"İnsan onaylı";"approved";"İnsan";"";"";"";"";"existing-a1-bank"
"A1";"Durum";"SITUATION";"";"";"İnsan onaylı";"approved";"İnsan";"";"";"";"";"existing-a1-bank"
"A1";"Altı";"SIX";"";"";"İnsan onaylı";"approved";"İnsan";"";"";"";"";"existing-a1-bank"
"A1";"On altı";"SIXTEEN";"";"";"İnsan onaylı";"approved";"İnsan";"";"";"";"";"existing-a1-bank"
"A1";"Altmış";"SIXTY";"";"";"İnsan onaylı";"approved";"İnsan";"";"";"";"";"existing-a1-bank"
"A1";"Yetenek";"SKILL";"";"";"İnsan onaylı";"approved";"İnsan";"";"";"";"";"existing-a1-bank"
"A1";"Etek";"SKIRT";"";"";"İnsan onaylı";"approved";"İnsan";"";"";"";"";"existing-a1-bank"
"A1";"Uyumak";"SLEEP";"";"";"İnsan onaylı";"approved";"İnsan";"";"";"";"";"existing-a1-bank"
"A1";"Yavaş";"SLOW";"";"";"İnsan onaylı";"approved";"İnsan";"";"";"";"";"existing-a1-bank"
"A1";"Küçük";"SMALL";"";"";"İnsan onaylı";"approved";"İnsan";"";"";"";"";"existing-a1-bank"
"A1";"Yılan";"SNAKE";"";"";"İnsan onaylı";"approved";"İnsan";"";"";"";"";"existing-a1-bank"
"A1";"Kar";"SNOW";"";"";"İnsan onaylı";"approved";"İnsan";"";"";"";"";"existing-a1-bank"
"A1";"Bu yüzden";"SO";"";"";"İnsan onaylı";"approved";"İnsan";"";"";"";"";"existing-a1-bank"
"A1";"Biraz";"SOME";"";"";"İnsan onaylı";"approved";"İnsan";"";"";"";"";"existing-a1-bank"
"A1";"Birisi";"SOMEBODY";"";"";"İnsan onaylı";"approved";"İnsan";"";"";"";"";"existing-a1-bank"
"A1";"Birisi";"SOMEONE";"";"";"İnsan onaylı";"approved";"İnsan";"";"";"";"";"existing-a1-bank"
"A1";"Bir şey";"SOMETHING";"";"";"İnsan onaylı";"approved";"İnsan";"";"";"";"";"existing-a1-bank"
"A1";"Bazen";"SOMETIMES";"";"";"İnsan onaylı";"approved";"İnsan";"";"";"";"";"existing-a1-bank"
"A1";"Oğul";"SON";"";"";"İnsan onaylı";"approved";"İnsan";"";"";"";"";"existing-a1-bank"
"A1";"Şarkı";"SONG";"";"";"İnsan onaylı";"approved";"İnsan";"";"";"";"";"existing-a1-bank"
"A1";"Yakında";"SOON";"";"";"İnsan onaylı";"approved";"İnsan";"";"";"";"";"existing-a1-bank"
"A1";"Ses";"SOUND";"";"";"İnsan onaylı";"approved";"İnsan";"";"";"";"";"existing-a1-bank"
"A1";"Çorba";"SOUP";"";"";"İnsan onaylı";"approved";"İnsan";"";"";"";"";"existing-a1-bank"
"A1";"Güney";"SOUTH";"";"";"İnsan onaylı";"approved";"İnsan";"";"";"";"";"existing-a1-bank"
"A1";"Alan";"SPACE";"";"";"İnsan onaylı";"approved";"İnsan";"";"";"";"";"existing-a1-bank"
"A1";"Konuşmak";"SPEAK";"";"";"İnsan onaylı";"approved";"İnsan";"";"";"";"";"existing-a1-bank"
"A1";"Özel";"SPECIAL";"";"";"İnsan onaylı";"approved";"İnsan";"";"";"";"";"existing-a1-bank"
"A1";"Hecelemek";"SPELL";"";"";"İnsan onaylı";"approved";"İnsan";"";"";"";"";"existing-a1-bank"
"A1";"Heceleme";"SPELLING";"";"";"İnsan onaylı";"approved";"İnsan";"";"";"";"";"existing-a1-bank"
"A1";"Harcamak";"SPEND";"";"";"İnsan onaylı";"approved";"İnsan";"";"";"";"";"existing-a1-bank"
"A1";"Spor";"SPORT";"";"";"İnsan onaylı";"approved";"İnsan";"";"";"";"";"existing-a1-bank"
"A1";"İlkbahar";"SPRING";"";"";"İnsan onaylı";"approved";"İnsan";"";"";"";"";"existing-a1-bank"
"A1";"Durmak";"STAND";"";"";"İnsan onaylı";"approved";"İnsan";"";"";"";"";"existing-a1-bank"
"A1";"Yıldız";"STAR";"";"";"İnsan onaylı";"approved";"İnsan";"";"";"";"";"existing-a1-bank"
"A1";"Başlamak";"START";"";"";"İnsan onaylı";"approved";"İnsan";"";"";"";"";"existing-a1-bank"
"A1";"Söz";"STATEMENT";"";"";"İnsan onaylı";"approved";"İnsan";"";"";"";"";"existing-a1-bank"
"A1";"İstasyon";"STATION";"";"";"İnsan onaylı";"approved";"İnsan";"";"";"";"";"existing-a1-bank"
"A1";"Kalmak";"STAY";"";"";"İnsan onaylı";"approved";"İnsan";"";"";"";"";"existing-a1-bank"
"A1";"Hala";"STILL";"";"";"İnsan onaylı";"approved";"İnsan";"";"";"";"";"existing-a1-bank"
"A1";"Durmak";"STOP";"";"";"İnsan onaylı";"approved";"İnsan";"";"";"";"";"existing-a1-bank"
"A1";"Hikaye";"STORY";"";"";"İnsan onaylı";"approved";"İnsan";"";"";"";"";"existing-a1-bank"
"A1";"Sokak";"STREET";"";"";"İnsan onaylı";"approved";"İnsan";"";"";"";"";"existing-a1-bank"
"A1";"Güçlü";"STRONG";"";"";"İnsan onaylı";"approved";"İnsan";"";"";"";"";"existing-a1-bank"
"A1";"Öğrenci";"STUDENT";"";"";"İnsan onaylı";"approved";"İnsan";"";"";"";"";"existing-a1-bank"
"A1";"Çalışmak";"STUDY";"";"";"İnsan onaylı";"approved";"İnsan";"";"";"";"";"existing-a1-bank"
"A1";"Stil";"STYLE";"";"";"İnsan onaylı";"approved";"İnsan";"";"";"";"";"existing-a1-bank"
"A1";"Ders";"SUBJECT";"";"";"İnsan onaylı";"approved";"İnsan";"";"";"";"";"existing-a1-bank"
"A1";"Başarı";"SUCCESS";"";"";"İnsan onaylı";"approved";"İnsan";"";"";"";"";"existing-a1-bank"
"A1";"Şeker";"SUGAR";"";"";"İnsan onaylı";"approved";"İnsan";"";"";"";"";"existing-a1-bank"
"A1";"Yaz";"SUMMER";"";"";"İnsan onaylı";"approved";"İnsan";"";"";"";"";"existing-a1-bank"
"A1";"Güneş";"SUN";"";"";"İnsan onaylı";"approved";"İnsan";"";"";"";"";"existing-a1-bank"
"A1";"Pazar";"SUNDAY";"";"";"İnsan onaylı";"approved";"İnsan";"";"";"";"";"existing-a1-bank"
"A1";"Süpermarket";"SUPERMARKET";"";"";"İnsan onaylı";"approved";"İnsan";"";"";"";"";"existing-a1-bank"
"A1";"Emin";"SURE";"";"";"İnsan onaylı";"approved";"İnsan";"";"";"";"";"existing-a1-bank"
"A1";"Süveter";"SWEATER";"";"";"İnsan onaylı";"approved";"İnsan";"";"";"";"";"existing-a1-bank"
"A1";"Yüzmek";"SWIM";"";"";"İnsan onaylı";"approved";"İnsan";"";"";"";"";"existing-a1-bank"
"A1";"Yüzme";"SWIMMING";"";"";"İnsan onaylı";"approved";"İnsan";"";"";"";"";"existing-a1-bank"
"A1";"Masa";"TABLE";"";"";"İnsan onaylı";"approved";"İnsan";"";"";"";"";"existing-a1-bank"
"A1";"Almak";"TAKE";"";"";"İnsan onaylı";"approved";"İnsan";"";"";"";"";"existing-a1-bank"
"A1";"Konuşmak";"TALK";"";"";"İnsan onaylı";"approved";"İnsan";"";"";"";"";"existing-a1-bank"
"A1";"Uzun";"TALL";"";"";"İnsan onaylı";"approved";"İnsan";"";"";"";"";"existing-a1-bank"
"A1";"Taksi";"TAXI";"";"";"İnsan onaylı";"approved";"İnsan";"";"";"";"";"existing-a1-bank"
"A1";"Çay";"TEA";"";"";"İnsan onaylı";"approved";"İnsan";"";"";"";"";"existing-a1-bank"
"A1";"Öğretmek";"TEACH";"";"";"İnsan onaylı";"approved";"İnsan";"";"";"";"";"existing-a1-bank"
"A1";"Öğretmen";"TEACHER";"";"";"İnsan onaylı";"approved";"İnsan";"";"";"";"";"existing-a1-bank"
"A1";"Tim";"TEAM";"";"";"İnsan onaylı";"approved";"İnsan";"";"";"";"";"existing-a1-bank"
"A1";"Telefon";"TELEPHONE";"";"";"İnsan onaylı";"approved";"İnsan";"";"";"";"";"existing-a1-bank"
"A1";"Televizyon";"TELEVISION";"";"";"İnsan onaylı";"approved";"İnsan";"";"";"";"";"existing-a1-bank"
"A1";"Söylemek";"TELL";"";"";"İnsan onaylı";"approved";"İnsan";"";"";"";"";"existing-a1-bank"
"A1";"On";"TEN";"";"";"İnsan onaylı";"approved";"İnsan";"";"";"";"";"existing-a1-bank"
"A1";"Tenis";"TENNIS";"";"";"İnsan onaylı";"approved";"İnsan";"";"";"";"";"existing-a1-bank"
"A1";"Korkunç";"TERRIBLE";"";"";"İnsan onaylı";"approved";"İnsan";"";"";"";"";"existing-a1-bank"
"A1";"Test";"TEST";"";"";"İnsan onaylı";"approved";"İnsan";"";"";"";"";"existing-a1-bank"
"A1";"Metin";"TEXT";"";"";"İnsan onaylı";"approved";"İnsan";"";"";"";"";"existing-a1-bank"
"A1";"-den";"THAN";"";"";"İnsan onaylı";"approved";"İnsan";"";"";"";"";"existing-a1-bank"
"A1";"Teşekkür etmek";"THANK";"";"";"İnsan onaylı";"approved";"İnsan";"";"";"";"";"existing-a1-bank"
"A1";"Teşekkür ederim";"THANKS";"";"";"İnsan onaylı";"approved";"İnsan";"";"";"";"";"existing-a1-bank"
"A1";"Onların";"THEIR";"";"";"İnsan onaylı";"approved";"İnsan";"";"";"";"";"existing-a1-bank"
"A1";"Onlara";"THEM";"";"";"İnsan onaylı";"approved";"İnsan";"";"";"";"";"existing-a1-bank"
"A1";"O zaman";"THEN";"";"";"İnsan onaylı";"approved";"İnsan";"";"";"";"";"existing-a1-bank"
"A1";"Orada";"THERE";"";"";"İnsan onaylı";"approved";"İnsan";"";"";"";"";"existing-a1-bank"
"A1";"Onlar";"THEY";"";"";"İnsan onaylı";"approved";"İnsan";"";"";"";"";"existing-a1-bank"
"A1";"Şey";"THING";"";"";"İnsan onaylı";"approved";"İnsan";"";"";"";"";"existing-a1-bank"
"A1";"Düşünmek";"THINK";"";"";"İnsan onaylı";"approved";"İnsan";"";"";"";"";"existing-a1-bank"
"A1";"Üçüncü";"THIRD";"";"";"İnsan onaylı";"approved";"İnsan";"";"";"";"";"existing-a1-bank"
"A1";"Susamış";"THIRSTY";"";"";"İnsan onaylı";"approved";"İnsan";"";"";"";"";"existing-a1-bank"
"A1";"On üç";"THIRTEEN";"";"";"İnsan onaylı";"approved";"İnsan";"";"";"";"";"existing-a1-bank"
"A1";"Otuz";"THIRTY";"";"";"İnsan onaylı";"approved";"İnsan";"";"";"";"";"existing-a1-bank"
"A1";"Bu";"THIS";"";"";"İnsan onaylı";"approved";"İnsan";"";"";"";"";"existing-a1-bank"
"A1";"Üç";"THREE";"";"";"İnsan onaylı";"approved";"İnsan";"";"";"";"";"existing-a1-bank"
"A1";"Perşembe";"THURSDAY";"";"";"İnsan onaylı";"approved";"İnsan";"";"";"";"";"existing-a1-bank"
"A1";"Bilet";"TICKET";"";"";"İnsan onaylı";"approved";"İnsan";"";"";"";"";"existing-a1-bank"
"A1";"Zaman";"TIME";"";"";"İnsan onaylı";"approved";"İnsan";"";"";"";"";"existing-a1-bank"
"A1";"Yorulmuş";"TIRED";"";"";"İnsan onaylı";"approved";"İnsan";"";"";"";"";"existing-a1-bank"
"A1";"Başlık";"TITLE";"";"";"İnsan onaylı";"approved";"İnsan";"";"";"";"";"existing-a1-bank"
"A1";"Bugün";"TODAY";"";"";"İnsan onaylı";"approved";"İnsan";"";"";"";"";"existing-a1-bank"
"A1";"Birlikte";"TOGETHER";"";"";"İnsan onaylı";"approved";"İnsan";"";"";"";"";"existing-a1-bank"
"A1";"Tuvalet";"TOILET";"";"";"İnsan onaylı";"approved";"İnsan";"";"";"";"";"existing-a1-bank"
"A1";"Domates";"TOMATO";"";"";"İnsan onaylı";"approved";"İnsan";"";"";"";"";"existing-a1-bank"
"A1";"Yarın";"TOMORROW";"";"";"İnsan onaylı";"approved";"İnsan";"";"";"";"";"existing-a1-bank"
"A1";"Bu gece";"TONIGHT";"";"";"İnsan onaylı";"approved";"İnsan";"";"";"";"";"existing-a1-bank"
"A1";"Çok fazla";"TOO";"";"";"İnsan onaylı";"approved";"İnsan";"";"";"";"";"existing-a1-bank"
"A1";"Diş";"TOOTH";"";"";"İnsan onaylı";"approved";"İnsan";"";"";"";"";"existing-a1-bank"
"A1";"Konu";"TOPIC";"";"";"İnsan onaylı";"approved";"İnsan";"";"";"";"";"existing-a1-bank"
"A1";"Turist";"TOURIST";"";"";"İnsan onaylı";"approved";"İnsan";"";"";"";"";"existing-a1-bank"
"A1";"Şehir";"TOWN";"";"";"İnsan onaylı";"approved";"İnsan";"";"";"";"";"existing-a1-bank"
"A1";"Trafik";"TRAFFIC";"";"";"İnsan onaylı";"approved";"İnsan";"";"";"";"";"existing-a1-bank"
"A1";"Tren";"TRAIN";"";"";"İnsan onaylı";"approved";"İnsan";"";"";"";"";"existing-a1-bank"
"A1";"Seyahat";"TRAVEL";"";"";"İnsan onaylı";"approved";"İnsan";"";"";"";"";"existing-a1-bank"
"A1";"Ağaç";"TREE";"";"";"İnsan onaylı";"approved";"İnsan";"";"";"";"";"existing-a1-bank"
"A1";"Doğru";"TRUE";"";"";"İnsan onaylı";"approved";"İnsan";"";"";"";"";"existing-a1-bank"
"A1";"Denemek";"TRY";"";"";"İnsan onaylı";"approved";"İnsan";"";"";"";"";"existing-a1-bank"
"A1";"Salı";"TUESDAY";"";"";"İnsan onaylı";"approved";"İnsan";"";"";"";"";"existing-a1-bank"
"A1";"Sıra";"TURN";"";"";"İnsan onaylı";"approved";"İnsan";"";"";"";"";"existing-a1-bank"
"A1";"TV";"TV";"";"";"İnsan onaylı";"approved";"İnsan";"";"";"";"";"existing-a1-bank"
"A1";"On iki";"TWELVE";"";"";"İnsan onaylı";"approved";"İnsan";"";"";"";"";"existing-a1-bank"
"A1";"Yirmi";"TWENTY";"";"";"İnsan onaylı";"approved";"İnsan";"";"";"";"";"existing-a1-bank"
"A1";"İki kez";"TWICE";"";"";"İnsan onaylı";"approved";"İnsan";"";"";"";"";"existing-a1-bank"
"A1";"İki";"TWO";"";"";"İnsan onaylı";"approved";"İnsan";"";"";"";"";"existing-a1-bank"
"A1";"Tür";"TYPE";"";"";"İnsan onaylı";"approved";"İnsan";"";"";"";"";"existing-a1-bank"
"A1";"Amca";"UNCLE";"";"";"İnsan onaylı";"approved";"İnsan";"";"";"";"";"existing-a1-bank"
"A1";"Altında";"UNDER";"";"";"İnsan onaylı";"approved";"İnsan";"";"";"";"";"existing-a1-bank"
"A1";"Anlamak";"UNDERSTAND";"";"";"İnsan onaylı";"approved";"İnsan";"";"";"";"";"existing-a1-bank"
"A1";"Üniversite";"UNIVERSITY";"";"";"İnsan onaylı";"approved";"İnsan";"";"";"";"";"existing-a1-bank"
"A1";"Yukarı";"UP";"";"";"İnsan onaylı";"approved";"İnsan";"";"";"";"";"existing-a1-bank"
"A1";"Üst kat";"UPSTAIRS";"";"";"İnsan onaylı";"approved";"İnsan";"";"";"";"";"existing-a1-bank"
"A1";"Bizi";"US";"";"";"İnsan onaylı";"approved";"İnsan";"";"";"";"";"existing-a1-bank"
"A1";"Kullanmak";"USE";"";"";"İnsan onaylı";"approved";"İnsan";"";"";"";"";"existing-a1-bank"
"A1";"Kullanışlı";"USEFUL";"";"";"İnsan onaylı";"approved";"İnsan";"";"";"";"";"existing-a1-bank"
"A1";"Genellikle";"USUALLY";"";"";"İnsan onaylı";"approved";"İnsan";"";"";"";"";"existing-a1-bank"
"A1";"Tatil";"VACATION";"";"";"İnsan onaylı";"approved";"İnsan";"";"";"";"";"existing-a1-bank"
"A1";"Sebze";"VEGETABLE";"";"";"İnsan onaylı";"approved";"İnsan";"";"";"";"";"existing-a1-bank"
"A1";"Çok";"VERY";"";"";"İnsan onaylı";"approved";"İnsan";"";"";"";"";"existing-a1-bank"
"A1";"Video";"VIDEO";"";"";"İnsan onaylı";"approved";"İnsan";"";"";"";"";"existing-a1-bank"
"A1";"Köy";"VILLAGE";"";"";"İnsan onaylı";"approved";"İnsan";"";"";"";"";"existing-a1-bank"
"A1";"Ziyaret etmek";"VISIT";"";"";"İnsan onaylı";"approved";"İnsan";"";"";"";"";"existing-a1-bank"
"A1";"Ziyaretçi";"VISITOR";"";"";"İnsan onaylı";"approved";"İnsan";"";"";"";"";"existing-a1-bank"
"A1";"Beklemek";"WAIT";"";"";"İnsan onaylı";"approved";"İnsan";"";"";"";"";"existing-a1-bank"
"A1";"Garson";"WAITER";"";"";"İnsan onaylı";"approved";"İnsan";"";"";"";"";"existing-a1-bank"
"A1";"Uyanmak";"WAKE";"";"";"İnsan onaylı";"approved";"İnsan";"";"";"";"";"existing-a1-bank"
"A1";"Yürümek";"WALK";"";"";"İnsan onaylı";"approved";"İnsan";"";"";"";"";"existing-a1-bank"
"A1";"Duvar";"WALL";"";"";"İnsan onaylı";"approved";"İnsan";"";"";"";"";"existing-a1-bank"
"A1";"İstemek";"WANT";"";"";"İnsan onaylı";"approved";"İnsan";"";"";"";"";"existing-a1-bank"
"A1";"Sıcak";"WARM";"";"";"İnsan onaylı";"approved";"İnsan";"";"";"";"";"existing-a1-bank"
"A1";"Yıkamak";"WASH";"";"";"İnsan onaylı";"approved";"İnsan";"";"";"";"";"existing-a1-bank"
"A1";"İzlemek";"WATCH";"";"";"İnsan onaylı";"approved";"İnsan";"";"";"";"";"existing-a1-bank"
"A1";"Su";"WATER";"";"";"İnsan onaylı";"approved";"İnsan";"";"";"";"";"existing-a1-bank"
"A1";"Yol";"WAY";"";"";"İnsan onaylı";"approved";"İnsan";"";"";"";"";"existing-a1-bank"
"A1";"Biz";"WE";"";"";"İnsan onaylı";"approved";"İnsan";"";"";"";"";"existing-a1-bank"
"A1";"Giymek";"WEAR";"";"";"İnsan onaylı";"approved";"İnsan";"";"";"";"";"existing-a1-bank"
"A1";"Hava durumu";"WEATHER";"";"";"İnsan onaylı";"approved";"İnsan";"";"";"";"";"existing-a1-bank"
"A1";"Website";"WEBSITE";"";"";"İnsan onaylı";"approved";"İnsan";"";"";"";"";"existing-a1-bank"
"A1";"Çarşamba";"WEDNESDAY";"";"";"İnsan onaylı";"approved";"İnsan";"";"";"";"";"existing-a1-bank"
"A1";"Hafta";"WEEK";"";"";"İnsan onaylı";"approved";"İnsan";"";"";"";"";"existing-a1-bank"
"A1";"Hafta sonu";"WEEKEND";"";"";"İnsan onaylı";"approved";"İnsan";"";"";"";"";"existing-a1-bank"
"A1";"Hoş geldin";"WELCOME";"";"";"İnsan onaylı";"approved";"İnsan";"";"";"";"";"existing-a1-bank"
"A1";"İyi";"WELL";"";"";"İnsan onaylı";"approved";"İnsan";"";"";"";"";"existing-a1-bank"
"A1";"Batı";"WEST";"";"";"İnsan onaylı";"approved";"İnsan";"";"";"";"";"existing-a1-bank"
"A1";"Ne";"WHAT";"";"";"İnsan onaylı";"approved";"İnsan";"";"";"";"";"existing-a1-bank"
"A1";"Ne zaman";"WHEN";"";"";"İnsan onaylı";"approved";"İnsan";"";"";"";"";"existing-a1-bank"
"A1";"Beyaz";"WHITE";"";"";"İnsan onaylı";"approved";"İnsan";"";"";"";"";"existing-a1-bank"
"A1";"Kim";"WHO";"";"";"İnsan onaylı";"approved";"İnsan";"";"";"";"";"existing-a1-bank"
"A1";"Neden";"WHY";"";"";"İnsan onaylı";"approved";"İnsan";"";"";"";"";"existing-a1-bank"
"A1";"Karı";"WIFE";"";"";"İnsan onaylı";"approved";"İnsan";"";"";"";"";"existing-a1-bank"
"A1";"Kazanmak";"WIN";"";"";"İnsan onaylı";"approved";"İnsan";"";"";"";"";"existing-a1-bank"
"A1";"Pencere";"WINDOW";"";"";"İnsan onaylı";"approved";"İnsan";"";"";"";"";"existing-a1-bank"
"A1";"Şarap";"WINE";"";"";"İnsan onaylı";"approved";"İnsan";"";"";"";"";"existing-a1-bank"
"A1";"Kış";"WINTER";"";"";"İnsan onaylı";"approved";"İnsan";"";"";"";"";"existing-a1-bank"
"A1";"İle";"WITH";"";"";"İnsan onaylı";"approved";"İnsan";"";"";"";"";"existing-a1-bank"
"A1";"Kadın";"WOMAN";"";"";"İnsan onaylı";"approved";"İnsan";"";"";"";"";"existing-a1-bank"
"A1";"Harika";"WONDERFUL";"";"";"İnsan onaylı";"approved";"İnsan";"";"";"";"";"existing-a1-bank"
"A1";"Kelime";"WORD";"";"";"İnsan onaylı";"approved";"İnsan";"";"";"";"";"existing-a1-bank"
"A1";"İş";"WORK";"";"";"İnsan onaylı";"approved";"İnsan";"";"";"";"";"existing-a1-bank"
"A1";"İşçi";"WORKER";"";"";"İnsan onaylı";"approved";"İnsan";"";"";"";"";"existing-a1-bank"
"A1";"Dünya";"WORLD";"";"";"İnsan onaylı";"approved";"İnsan";"";"";"";"";"existing-a1-bank"
"A1";"Yazmak";"WRITE";"";"";"İnsan onaylı";"approved";"İnsan";"";"";"";"";"existing-a1-bank"
"A1";"Yazar";"WRITER";"";"";"İnsan onaylı";"approved";"İnsan";"";"";"";"";"existing-a1-bank"
"A1";"Yazı";"WRITING";"";"";"İnsan onaylı";"approved";"İnsan";"";"";"";"";"existing-a1-bank"
"A1";"Yanlış";"WRONG";"";"";"İnsan onaylı";"approved";"İnsan";"";"";"";"";"existing-a1-bank"
"A1";"Yıl";"YEAR";"";"";"İnsan onaylı";"approved";"İnsan";"";"";"";"";"existing-a1-bank"
"A1";"Sarı";"YELLOW";"";"";"İnsan onaylı";"approved";"İnsan";"";"";"";"";"existing-a1-bank"
"A1";"Dün";"YESTERDAY";"";"";"İnsan onaylı";"approved";"İnsan";"";"";"";"";"existing-a1-bank"
"A1";"Sen";"YOU";"";"";"İnsan onaylı";"approved";"İnsan";"";"";"";"";"existing-a1-bank"
"A1";"Genç";"YOUNG";"";"";"İnsan onaylı";"approved";"İnsan";"";"";"";"";"existing-a1-bank"
"A1";"Senin";"YOUR";"";"";"İnsan onaylı";"approved";"İnsan";"";"";"";"";"existing-a1-bank"
"A1";"İngiliz";"BRITISH";"Adjective";"13";"AI onaylı";"ai_approved";"ollama:gemma4:12b";"1";"İngiliz";"The clue is accurate, single-word, and matches the adjective part of speech.";"";"freedict+kelly+frequencywords"
"A1";"Öyle";"THAT";"Pronoun";"17";"İnsan incelemesi";"needs_review";"ollama:gemma4:12b";"0.9";"";"The clue 'Öyle' is ambiguous for 'that'. 'Şu' is a more accurate single-word demonstrative.";"Diye";"freedict+kelly+frequencywords"
"A1";"Niyet";"WILL";"Modal verb";"23";"AI reddi";"ai_rejected";"ollama:gemma4:12b";"0.95";"Yardımcı";"The clue 'Niyet' is a noun, but 'will' is a modal verb. 'Yardımcı' or 'Gelecek' is better, but 'Yardımcı' fits the grammatical role.";"Murat | Vasiyet | İrade | İstek";"freedict+kelly+frequencywords"
"A1";"Olan";"WHICH";"Pronoun";"28";"AI reddi";"ai_rejected";"ollama:gemma4:12b";"0.95";"Hangi";"The clue 'Olan' is incorrect for 'which'. 'Hangi' is the standard single-word translation.";"Hangi | Hangisi | Hangisini";"freedict+kelly+frequencywords"
"A1";"Tek";"ONE";"Number";"38";"AI onaylı";"ai_approved";"ollama:gemma4:12b";"1";"Tek";"The clue is accurate and matches the number category.";"Biri | Adam | Aynı | Kimse";"freedict+kelly+frequencywords"
"A1";"İstemek";"WOULD";"Modal verb";"48";"AI reddi";"ai_rejected";"ollama:gemma4:12b";"1";"İsterim";"The clue 'İstemek' is the infinitive 'to want', while 'WOULD' is a modal verb. 'İsterim' or 'olurdu' is more accurate for the modal context.";"";"freedict+kelly+frequencywords"
"A1";"Daha";"ANY";"Determiner";"58";"AI reddi";"ai_rejected";"ollama:gemma4:12b";"1";"Herhangi";"The clue 'Daha' means 'more' or 'further'. 'ANY' means 'herhangi'. 'Daha' is a completely different meaning.";"Her | Hiç | Biraz | Hiçbir";"freedict+kelly+frequencywords"
"A1";"Bile";"YES";"Exclamation";"83";"AI reddi";"ai_rejected";"ollama:gemma4:12b";"1";"Evet";"The clue 'Bile' means 'even'. 'YES' is 'Evet'. The clue is incorrect for the answer.";"Hatta";"freedict+kelly+frequencywords"
"A1";"Vermek";"PROVIDE";"Verb";"86";"AI onaylı";"ai_approved";"ollama:gemma4:12b";"0.95";"Vermek";"The clue 'Vermek' is a valid, common single-word synonym for 'provide' in many contexts.";"Bulmak";"freedict+kelly+frequencywords"
"A1";"Nerede";"WHERE";"Adverb";"104";"AI onaylı";"ai_approved";"ollama:gemma4:12b";"1";"Nerede";"The clue 'Nerede' is the direct and correct translation for 'WHERE'.";"Nereye";"freedict+kelly+frequencywords"
"A1";"Benzer";"LIKE";"Preposition";"110";"AI reddi";"ai_rejected";"ollama:gemma4:12b";"1";"Gibi";"The current clue 'Benzer' (similar) is an adjective, while 'LIKE' as a preposition is best translated as 'Gibi'.";"Eşit | Sevmek | Gibi | Hoşlanmak";"freedict+kelly+frequencywords"
"A1";"Bile";"EVEN";"Adverb";"111";"AI onaylı";"ai_approved";"ollama:gemma4:12b";"0.95";"Bile";"The clue 'Bile' is a correct and common translation for 'EVEN' as an adverb.";"Doğru | Hatta | Rağmen | Düzeltmek";"freedict+kelly+frequencywords"
"A1";"Sadece";"SUCH";"Determiner";"131";"AI reddi";"ai_rejected";"ollama:gemma4:12b";"1";"Böyle";"The current clue 'Sadece' means 'only'. 'SUCH' should be 'Böyle' or 'Böyle bir'.";"Böyle | Şöyle";"freedict+kelly+frequencywords"
"A1";"İzin";"LEAVE";"Verb";"143";"AI reddi";"ai_rejected";"ollama:gemma4:12b";"1";"Bırakmak";"The current clue 'İzin' means 'permission' or 'permit'. 'LEAVE' as a verb is 'Bırakmak' or 'Ayrılmak'.";"Müsaade | Veda | Kalkmak | Terketmek";"freedict+kelly+frequencywords"
"A1";"İngiltere";"ENGLAND";"Noun";"151";"AI onaylı";"ai_approved";"ollama:gemma4:12b";"1";"İngiltere";"The clue is a direct and correct translation of the country name.";"";"freedict+kelly+frequencywords"
"A1";"Dışında";"WITHOUT";"Preposition";"156";"AI reddi";"ai_rejected";"ollama:gemma4:12b";"1";"Olmadan";"The current clue 'Dışında' (Outside/Except) is not a direct synonym for 'Without' (Olmadan/Sız). 'Olmadan' is the correct single-word translation.";"Dışarıda | Hariç";"freedict+kelly+frequencywords"
"A1";"İngilizler";"ENGLISH";"Noun";"160";"AI reddi";"ai_rejected";"ollama:gemma4:12b";"1";"İngilizce";"The clue 'İngilizler' means 'The English' (people). The word 'English' as a language is 'İngilizce'. 'İngilizce' is the standard translation.";"İngilizce | İngiliz";"freedict+kelly+frequencywords"
"A1";"Zaman";"WHILE";"Conjunction";"162";"AI reddi";"ai_rejected";"ollama:gemma4:12b";"1";"İken";"The clue 'Zaman' (Time) is too broad and ambiguous. 'İken' is the specific conjunction meaning for 'While'.";"Bazen | Süre | Vakit | Müddet";"freedict+kelly+frequencywords"
"A1";"Bekle";"HOLD";"Verb";"173";"AI onaylı";"ai_approved";"ollama:gemma4:12b";"0.95";"Bekle";"The clue 'Bekle' is a valid, common, and single-word translation for 'Hold' in many contexts.";"Korumak | Göstermek | Durdurmak | Destek";"freedict+kelly+frequencywords"
"A1";"Güçlü";"ABLE";"Adjective";"185";"AI reddi";"ai_rejected";"ollama:gemma4:12b";"1";"Yapabilir";"The clue 'Güçlü' means 'Strong'. 'Able' means 'capable' or 'can'. 'Yapabilir' or 'Kabiliyetli' would be better, but 'Yapabilir' is the most common functional equivalent.";"Becerikli | Kadir | Hünerli";"freedict+kelly+frequencywords"
"A1";"Karşısında";"AGAINST";"Preposition";"188";"İnsan incelemesi";"needs_review";"ollama:gemma4:12b";"1";"Karşı";"The clue 'Karşısında' is a locative form. 'Karşı' is the standard prepositional form for 'Against'.";"Aleyhinde | Muhalif";"freedict+kelly+frequencywords"
"A1";"Güç";"MIGHT";"Modal verb";"191";"AI reddi";"ai_rejected";"ollama:gemma4:12b";"1";"Belki";"The clue 'Güç' refers to 'Power' or 'Might' (noun), but the answer is a modal verb. 'Belki' or 'Olabilir' is more appropriate.";"Kuvvet | Kudret";"freedict+kelly+frequencywords"
"A1";"Duymak";"FEEL";"Verb";"193";"AI reddi";"ai_rejected";"ollama:gemma4:12b";"1";"Hissetmek";"The clue 'Duymak' means 'to hear'. The correct translation for 'Feel' is 'Hissetmek'.";"Anlamak | Hissetmek | Görünmek | His";"freedict+kelly+frequencywords"
"A1";"Galiba";"SEEM";"Verb";"196";"AI reddi";"ai_rejected";"ollama:gemma4:12b";"1";"Görünmek";"The clue 'Galiba' means 'probably'. The correct translation for 'Seem' is 'Görünmek'.";"Görünmek | Gözükmek";"freedict+kelly+frequencywords"
"A1";"Britanya";"BRITAIN";"Noun";"203";"AI onaylı";"ai_approved";"ollama:gemma4:12b";"1";"Britanya";"The clue is accurate and matches the noun.";"";"freedict+kelly+frequencywords"
"A1";"Oldukça";"RATHER";"Adverb";"220";"AI onaylı";"ai_approved";"ollama:gemma4:12b";"1";"Oldukça";"The clue 'Oldukça' is a correct, common, and single-word synonym for 'rather' in this context.";"Aksine | Tersine";"freedict+kelly+frequencywords"
"A1";"Zaten";"ALREADY";"Adverb";"231";"AI onaylı";"ai_approved";"ollama:gemma4:12b";"1";"Zaten";"The clue 'Zaten' is a perfect single-word equivalent for 'already'.";"Şimdiden | Halen";"freedict+kelly+frequencywords"
"A1";"Olursa";"WHETHER";"Conjunction";"232";"AI reddi";"ai_rejected";"ollama:gemma4:12b";"1";"Olupolmadığı";"The current clue 'Olursa' (if it happens) is grammatically and semantically incorrect for 'whether'. 'Olupolmadığı' or '...mı' is better, but since it's hard to fit in one word, it's rejected.";"";"freedict+kelly+frequencywords"
"A1";"Sağlamak";"ENSURE";"Verb";"238";"AI onaylı";"ai_approved";"ollama:gemma4:12b";"1";"Sağlamak";"The clue 'Sağlamak' is a standard and accurate translation for 'ensure'.";"";"freedict+kelly+frequencywords"
"A1";"Ayrıca";"SIDE";"Noun";"243";"AI reddi";"ai_rejected";"ollama:gemma4:12b";"1";"Yan";"The clue 'Ayrıca' means 'moreover/also', which is unrelated to 'side'. The correct single-word clue should be 'Yan'.";"Yan | Taraf | Kenar | Desteklemek";"freedict+kelly+frequencywords"
"A1";"Korumak";"COVER";"Verb";"244";"AI reddi";"ai_rejected";"ollama:gemma4:12b";"1";"Örtmek";"The clue 'Korumak' (to protect) is a possible meaning but 'Örtmek' is the primary direct translation for 'cover' as a verb. 'Korumak' is more specific.";"Yazmak | Saklamak | Bahane | Gizlemek";"freedict+kelly+frequencywords"
"A1";"Parça";"LOT";"Noun";"261";"AI reddi";"ai_rejected";"ollama:gemma4:12b";"1";"Çokluk";"The clue 'Parça' (piece/part) is incorrect for 'lot' in this context. 'Çokluk' or 'Grup' is more accurate.";"Tip | Kader | Kısım | Hisse";"freedict+kelly+frequencywords"
"A1";"Beklemek";"EXPECT";"Verb";"269";"AI onaylı";"ai_approved";"ollama:gemma4:12b";"1";"Beklemek";"The clue 'Beklemek' is a correct and common translation for 'expect'.";"Ummak";"freedict+kelly+frequencywords"
"A1";"Vermek";"APPLY";"Verb";"271";"AI reddi";"ai_rejected";"ollama:gemma4:12b";"1";"Uygulamak";"The clue 'Vermek' (to give) is incorrect for 'apply'. 'Uygulamak' is the correct translation.";"Uygulamak";"freedict+kelly+frequencywords"
"A1";"Bile";"YET";"Adverb";"273";"AI reddi";"ai_rejected";"ollama:gemma4:12b";"1";"Henüz";"The clue 'Bile' (even) is incorrect. 'Henüz' is the correct translation for 'yet' in this context.";"Hala | Yine | Ancak | Nihayet";"freedict+kelly+frequencywords"
"A1";"Varil";"CONTAIN";"Verb";"280";"AI reddi";"ai_rejected";"ollama:gemma4:12b";"1";"İçermek";"The clue 'Varil' is incorrect for 'Contain'. The correct Turkish verb is 'İçermek'.";"";"freedict+kelly+frequencywords"
"A1";"İrlanda";"IRELAND";"Noun";"281";"AI onaylı";"ai_approved";"ollama:gemma4:12b";"1";"İrlanda";"The clue is a direct and correct translation of the country name.";"";"freedict+kelly+frequencywords"
"A1";"Söylemek";"PUBLISH";"Verb";"284";"AI reddi";"ai_rejected";"ollama:gemma4:12b";"1";"Yayınlamak";"The clue 'Söylemek' means 'to say/tell'. The correct translation for 'Publish' is 'Yayınlamak'.";"Bastırmak";"freedict+kelly+frequencywords"
"A1";"Açık";"CLEAR";"Adjective";"296";"İnsan incelemesi";"needs_review";"ollama:gemma4:12b";"0.85";"Net";"The word 'Clear' is polysemous. 'Açık' is acceptable but 'Net' or 'Berrak' might be more specific depending on context.";"Sakin | Tamamen | Kesin | Temiz";"freedict+kelly+frequencywords"
"A1";"Kullanmak";"MANAGE";"Verb";"306";"AI reddi";"ai_rejected";"ollama:gemma4:12b";"1";"Yönetmek";"The clue 'Kullanmak' means 'to use'. The correct translation for 'Manage' is 'Yönetmek'.";"Çevirmek | Düzenlemek | Kandırmak | Geçinmek";"freedict+kelly+frequencywords"
"A1";"Tüm";"WHOLE";"Adjective";"307";"AI onaylı";"ai_approved";"ollama:gemma4:12b";"1";"Tüm";"The clue 'Tüm' is a perfect single-word synonym for 'whole' at A1 level.";"Tam | Bütün | Sağ | Sağlam";"freedict+kelly+frequencywords"
"A1";"Baş";"TOP";"Adjective";"316";"AI onaylı";"ai_approved";"ollama:gemma4:12b";"1";"Baş";"The clue 'Baş' correctly represents the position/top and is a valid single-word synonym.";"Üstünde | Üst | Başta | Geçmek";"freedict+kelly+frequencywords"
"A1";"Durum";"PASS";"Verb";"323";"AI reddi";"ai_rejected";"ollama:gemma4:12b";"1";"Geçmek";"The current clue 'Durum' (status) is not a synonym for the verb 'pass'. 'Geçmek' is the correct verb form.";"Geçirmek | Ölmek | Geçmek | Paylaşmak";"freedict+kelly+frequencywords"
"A1";"Fark";"MATTER";"Noun";"325";"AI reddi";"ai_rejected";"ollama:gemma4:12b";"1";"Mesele";"The clue 'Fark' (difference) is incorrect for 'matter'. 'Mesele' or 'Konu' are better synonyms.";"Konu | Mesele | Madde | Önem";"freedict+kelly+frequencywords"
"A1";"Umut";"HOPE";"Verb";"326";"AI onaylı";"ai_approved";"ollama:gemma4:12b";"1";"Umut";"The clue 'Umut' is a direct and accurate synonym for 'hope'.";"Ümit | Ummak";"freedict+kelly+frequencywords"
"A1";"Kurmak";"ESTABLISH";"Verb";"331";"AI reddi";"ai_rejected";"ollama:gemma4:12b";"1";"Kurmak";"The word 'ESTABLISH' is typically B1/B2 level, not A1. The clue 'Kurmak' is correct but the level is mismatched.";"Yerleştirmek | Tanıtmak | Saptamak";"freedict+kelly+frequencywords"
"A1";"Doğrultusunda";"TOWARDS";"Preposition";"332";"AI onaylı";"ai_approved";"ollama:gemma4:12b";"0.95";"Doğrultusunda";"Clue is accurate and fits the preposition category.";"";"freedict+kelly+frequencywords"
"A1";"Kendilerini";"THEMSELVES";"Pronoun";"333";"AI onaylı";"ai_approved";"ollama:gemma4:12b";"0.95";"Kendilerini";"Clue is accurate for the reflexive pronoun.";"Kendilerine";"freedict+kelly+frequencywords"
"A1";"Alan";"FIELD";"Noun";"334";"AI onaylı";"ai_approved";"ollama:gemma4:12b";"0.95";"Alan";"Clue is a standard and clear translation for the noun.";"Fırsat | Meydan | Kır | Saha";"freedict+kelly+frequencywords"
"A1";"Dilemek";"WISH";"Verb";"338";"AI onaylı";"ai_approved";"ollama:gemma4:12b";"0.95";"Dilemek";"Clue is accurate for the verb form.";"İstemek | Arzu | Dilek | İstek";"freedict+kelly+frequencywords"
"A1";"Yanında";"ALONG";"Preposition";"339";"AI onaylı";"ai_approved";"ollama:gemma4:12b";"1";"Yanında";"The clue 'Yanında' is a valid, single-word Turkish equivalent for 'along' in many contexts, and the level matches.";"";"freedict+kelly+frequencywords"
"A1";"Çünkü";"SINCE";"Preposition";"343";"İnsan incelemesi";"needs_review";"ollama:gemma4:12b";"0.85";"Çünkü";"The word 'since' has multiple meanings (conjunction/preposition). 'Çünkü' is correct but 'den beri' is also common. Review needed for ambiguity.";"Sonradan | Olalı | Mademki";"freedict+kelly+frequencywords"
"A1";"Kolaylaştırmak";"ENABLE";"Verb";"349";"AI reddi";"ai_rejected";"ollama:gemma4:12b";"0.9";"Etkinleştirmek";"The clue 'Kolaylaştırmak' means 'facilitate'. 'Etkinleştirmek' or 'sağlamak' is a better fit for 'enable'.";"";"freedict+kelly+frequencywords"
"A1";"Asla";"BIT";"Noun";"350";"AI reddi";"ai_rejected";"ollama:gemma4:12b";"0.95";"Parça";"The clue 'Asla' means 'never'. 'Bit' is a noun meaning 'parça' or 'azıcık'. The current clue is incorrect.";"Ufak | Parça | Önemsiz | Lokma";"freedict+kelly+frequencywords"
"A1";"Kat";"STAGE";"Noun";"352";"İnsan incelemesi";"needs_review";"ollama:gemma4:12b";"0.85";"Sahne";"The word 'stage' is polysemous (floor, scene, phase). 'Kat' is specific to a floor. 'Sahne' is more common for 'stage' in general contexts.";"Sahne | Meydan | Devre | Tiyatro";"freedict+kelly+frequencywords"
"A1";"Araştırmak";"SEEK";"Verb";"353";"AI reddi";"ai_rejected";"ollama:gemma4:12b";"1";"Aramak";"The clue 'Araştırmak' (to research) is not the primary meaning of 'seek' (to look for/search). 'Aramak' is the correct single-word equivalent.";"";"freedict+kelly+frequencywords"
"A1";"Kayıt";"RECORD";"Noun";"357";"İnsan incelemesi";"needs_review";"ollama:gemma4:12b";"0.9";"Kayıt";"The word 'Record' is polysemous (record, record, record). While 'Kayıt' is correct, the presence of many alternatives makes it potentially ambiguous for A1.";"Dosya | Rekor | Defter | Sicil";"freedict+kelly+frequencywords"
"A1";"Ayrıca";"ADDITION";"Noun";"361";"AI reddi";"ai_rejected";"ollama:gemma4:12b";"1";"İlave";"The clue 'Ayrıca' is an adverb (also/moreover), but 'Addition' is a noun. The clue must match the part of speech.";"İlave";"freedict+kelly+frequencywords"
"A1";"Belki";"PERHAPS";"Adverb";"364";"AI onaylı";"ai_approved";"ollama:gemma4:12b";"1";"Belki";"The clue is a perfect single-word match for the adverb 'Perhaps' at the A1 level.";"Muhtemelen";"freedict+kelly+frequencywords"
"A1";"Hiç";"NOTHING";"Noun";"367";"AI reddi";"ai_rejected";"ollama:gemma4:12b";"1";"Hiçbirşey";"The clue 'Hiç' is an adverb/particle, while 'Nothing' is a pronoun. 'Hiçbirşey' is the accurate noun/pronoun equivalent.";"Asla | Sıfır | Boşuna | Hiçlik";"freedict+kelly+frequencywords"
"A1";"Yer";"GROUND";"Noun";"374";"İnsan incelemesi";"needs_review";"ollama:gemma4:12b";"0.95";"Zemin";"The clue 'Yer' is too broad and can mean 'place' or 'location'. 'Zemin' or 'Toprak' is more specific for 'Ground'.";"Toprak | Meydan | Mesafe | Saha";"freedict+kelly+frequencywords"
"A1";"Üstüne";"ABOVE";"Preposition";"375";"AI onaylı";"ai_approved";"ollama:gemma4:12b";"0.98";"Üstüne";"The clue is accurate and fits the preposition category for A1 level.";"Yukarıda | Yukarısında | Gökteki";"freedict+kelly+frequencywords"
"A1";"Yetişmek";"SERVE";"Verb";"376";"AI reddi";"ai_rejected";"ollama:gemma4:12b";"0.9";"Servis";"The clue 'Yetişmek' means 'to make it in time' or 'to reach'. 'Serve' means 'servis yapmak' or 'sunmak'.";"";"freedict+kelly+frequencywords"
"A1";"Güzel";"LIKELY";"Adjective";"377";"AI reddi";"ai_rejected";"ollama:gemma4:12b";"0.95";"Muhtemel";"The clue 'Güzel' means 'beautiful/nice'. 'Likely' means 'muhtemel'. The current clue is completely incorrect.";"Belki | Galiba | Uygun | Muhtemel";"freedict+kelly+frequencywords"
"A1";"Merak";"CARE";"Noun";"379";"İnsan incelemesi";"needs_review";"ollama:gemma4:12b";"0.9";"Önem";"The clue 'Merak' means 'curiosity'. 'Care' usually means 'özen' or 'bakım'. 'Merak' is ambiguous for 'Care'.";"Endişe | Koruma | Tedbir | İlgi";"freedict+kelly+frequencywords"
"A1";"Amerika";"AMERICA";"Noun";"381";"AI onaylı";"ai_approved";"ollama:gemma4:12b";"1";"Amerika";"The clue is a direct and accurate translation of the noun.";"";"freedict+kelly+frequencywords"
"A1";"Emin";"CERTAIN";"Adjective";"387";"AI reddi";"ai_rejected";"ollama:gemma4:12b";"1";"Emin";"The clue 'Emin' is an adjective/adverb, but 'Certain' as 'Emin' is often used as 'belirli' or 'kesin' in this context. However, 'Emin' is a valid single word, but the ambiguity of 'Certain' makes it risky. Actually, 'Emin' is a good synonym";"Tabii | Bazı | Güvenilir | Şüphesiz";"freedict+kelly+frequencywords"
"A1";"Cevap";"RESPONSE";"Noun";"389";"AI onaylı";"ai_approved";"ollama:gemma4:12b";"1";"Cevap";"The clue is a direct and accurate translation of the noun.";"Tepki";"freedict+kelly+frequencywords"
"A1";"Mükemmel";"CHOICE";"Noun";"394";"AI reddi";"ai_rejected";"ollama:gemma4:12b";"1";"Tercih";"The current clue 'Mükemmel' means 'Excellent' and is unrelated to 'Choice'.";"Tercih | Şık | Seçme | Seçkin";"freedict+kelly+frequencywords"
"A1";"Olmak";"AMOUNT";"Noun";"395";"AI reddi";"ai_rejected";"ollama:gemma4:12b";"1";"Miktar";"The current clue 'Olmak' means 'To be' and is unrelated to 'Amount'.";"Etmek | Tutar | Miktar | Varmak";"freedict+kelly+frequencywords"
"A1";"Mesih";"CHRIST";"Noun";"396";"AI onaylı";"ai_approved";"ollama:gemma4:12b";"1";"Mesih";"The clue is accurate, single-word, and matches the noun category.";"";"freedict+kelly+frequencywords"
"A1";"Arasında";"AMONG";"Preposition";"398";"AI onaylı";"ai_approved";"ollama:gemma4:12b";"1";"Arasında";"The clue is a standard translation for the preposition 'among'.";"İçinde | Sınıfında";"freedict+kelly+frequencywords"
"A1";"Korumak";"MAINTAIN";"Verb";"401";"İnsan incelemesi";"needs_review";"ollama:gemma4:12b";"0.9";"Sürdürmek";"The current clue 'Korumak' (protect) is a possible meaning but 'Sürdürmek' is more accurate for 'maintain' in many contexts.";"Bakmak | Sürdürmek | Beslemek";"freedict+kelly+frequencywords"
"A1";"Fransız";"FRENCH";"Adjective";"406";"AI onaylı";"ai_approved";"ollama:gemma4:12b";"0.95";"Fransız";"The clue 'Fransızlar' (plural) is acceptable, but 'Fransız' (adjective) is more precise for the word type.";"";"freedict+kelly+frequencywords"
"A1";"Durum";"SIZE";"Noun";"408";"AI reddi";"ai_rejected";"ollama:gemma4:12b";"1";"Boyut";"The current clue 'Durum' means 'situation/condition', which is incorrect for 'size'. 'Boyut' or 'Büyüklük' is correct.";"Büyüklük";"freedict+kelly+frequencywords"
"A1";"Fikir";"MIND";"Noun";"411";"İnsan incelemesi";"needs_review";"ollama:gemma4:12b";"1";"Zihin";"The clue 'Fikir' means 'idea'. 'Zihin' or 'Akıl' is a better fit for 'MIND' in an A1 context.";"Kafa | Akıl | Bakmak | Düşünce";"freedict+kelly+frequencywords"
"A1";"Günde";"PER";"Preposition";"413";"AI reddi";"ai_rejected";"ollama:gemma4:12b";"1";"Başına";"The clue 'Günde' is a specific usage of 'per'. 'Başına' is the more accurate general translation for 'per'.";"Eliyle";"freedict+kelly+frequencywords"
"A1";"Karar";"SENSE";"Noun";"416";"AI reddi";"ai_rejected";"ollama:gemma4:12b";"1";"His";"The clue 'Karar' means 'decision'. 'His' is the correct translation for 'SENSE'.";"Fikir | Zeki | His | Düşünce";"freedict+kelly+frequencywords"
"A1";"Noel";"CHRISTMAS";"Noun";"417";"AI onaylı";"ai_approved";"ollama:gemma4:12b";"1";"Noel";"The clue is accurate and appropriate for the level.";"";"freedict+kelly+frequencywords"
"A1";"Önemli";"SIGNIFICANT";"Adjective";"418";"AI onaylı";"ai_approved";"ollama:gemma4:12b";"1";"Önemli";"The clue is accurate and appropriate for the level.";"";"freedict+kelly+frequencywords"
"A1";"Şans";"CHANCE";"Noun";"426";"İnsan incelemesi";"needs_review";"ollama:gemma4:12b";"0.95";"İhtimal";"The word 'Chance' has multiple meanings. 'İhtimal' is a more precise single-word synonym for the probability sense, while 'Şans' can be ambiguous.";"Fırsat | Risk | İhtimal | Kader";"freedict+kelly+frequencywords"
"A1";"Adım";"STEP";"Noun";"427";"AI onaylı";"ai_approved";"ollama:gemma4:12b";"1";"Adım";"The clue 'Adım' is a perfect, unambiguous single-word translation for 'Step' at A1 level.";"Hareket | Uygun | Derece | Yürümek";"freedict+kelly+frequencywords"
"A1";"Kaldırmak";"BEAR";"Verb";"430";"AI reddi";"ai_rejected";"ollama:gemma4:12b";"0.9";"Ayı";"The clue 'Kaldırmak' is incorrect for 'Bear' (it means to lift/remove). The primary meaning is 'Ayı' (animal) or 'Dayanmak' (verb).";"Taşımak | Ayı | Dayanmak";"freedict+kelly+frequencywords"
"A1";"Aşırı";"FORWARD";"Adverb";"431";"AI reddi";"ai_rejected";"ollama:gemma4:12b";"0.95";"İleri";"The clue 'Aşırı' means 'extreme' and is not a correct translation for 'Forward'. 'İleri' is the correct adverb.";"Önceden | Göndermek | İleri | Küstah";"freedict+kelly+frequencywords"
"A1";"Dürüst";"CHRISTIAN";"Noun";"438";"AI reddi";"ai_rejected";"ollama:gemma4:12b";"1";"Hıristiyan";"The clue 'Dürüst' means 'honest' and is completely unrelated to the word 'Christian'.";"Hıristiyan | Merhametli | İnsani";"freedict+kelly+frequencywords"
"A1";"Yalnız";"SAVE";"Verb";"444";"AI reddi";"ai_rejected";"ollama:gemma4:12b";"1";"Kurtarmak";"The clue 'Yalnız' means 'alone', which is unrelated to the verb 'SAVE' (to save/protect).";"Korumak | Kurtarmak | Saklamak | Arttırmak";"freedict+kelly+frequencywords"
"A1";"Alman";"GERMAN";"Adjective";"446";"AI onaylı";"ai_approved";"ollama:gemma4:12b";"1";"Alman";"The clue 'Alman' correctly matches the adjective 'GERMAN' and is a common term.";"İngilizce";"freedict+kelly+frequencywords"
"A1";"Memnun";"CONTENT";"Noun";"447";"AI reddi";"ai_rejected";"ollama:gemma4:12b";"1";"Memnun";"While 'Memnun' is a correct translation for 'content' (happy), the part of speech is listed as 'Noun' while 'content' as a noun usually means 'içerik'. 'Memnun' is an adjective.";"Rahat | Esas | Tatmin | Razı";"freedict+kelly+frequencywords"
"A1";"Geçirmek";"PROMOTE";"Verb";"451";"AI reddi";"ai_rejected";"ollama:gemma4:12b";"1";"Terfi";"The clue 'Geçirmek' means 'to spend/pass' (time), which is unrelated to 'PROMOTE' (to promote/promote).";"";"freedict+kelly+frequencywords"
"A1";"Uygun";"RELEVANT";"Adjective";"452";"AI onaylı";"ai_approved";"ollama:gemma4:12b";"0.95";"Uygun";"The clue 'Uygun' is a valid and common translation for 'RELEVANT' in this context.";"İlgi | Alaka";"freedict+kelly+frequencywords"
"A1";"Kalp";"HEART";"Noun";"453";"AI onaylı";"ai_approved";"ollama:gemma4:12b";"1";"Kalp";"The clue 'Kalp' is a direct and accurate translation for 'HEART' at A1 level.";"Can | Üzgün | Orta | Enerji";"freedict+kelly+frequencywords"
"A1";"Almanya";"GERMANY";"Noun";"456";"AI onaylı";"ai_approved";"ollama:gemma4:12b";"1";"Almanya";"The clue 'Almanya' is the correct and standard translation for 'GERMANY'.";"";"freedict+kelly+frequencywords"
"A1";"Asıl";"COPY";"Noun";"461";"AI reddi";"ai_rejected";"ollama:gemma4:12b";"0.95";"Kopya";"The current clue 'Asıl' means 'Original', which is the opposite of 'Copy'. 'Kopya' is the correct term.";"Örnek | Kopya | Numune | Karalama";"freedict+kelly+frequencywords"
"A1";"Etki";"IMPACT";"Noun";"463";"İnsan incelemesi";"needs_review";"ollama:gemma4:12b";"0.8";"Etki";"While 'Etki' is correct, 'IMPACT' is generally considered B1/B2 level rather than A1.";"Vuruş | Vurma | Çarpışma";"freedict+kelly+frequencywords"
"A1";"Çözüm";"SOLUTION";"Noun";"465";"AI onaylı";"ai_approved";"ollama:gemma4:12b";"1";"Çözüm";"The clue 'Çözüm' is the standard and accurate translation for 'SOLUTION'.";"Hal | Çare | İzah | Erime";"freedict+kelly+frequencywords"
"A1";"Almak";"OBTAIN";"Verb";"467";"AI reddi";"ai_rejected";"ollama:gemma4:12b";"1";"Edinmek";"The current clue 'Almak' (to buy) is a specific action, while 'Obtain' is more general. 'Edinmek' is a better synonym, but 'Almak' is often too simple for A1.";"Bulmak | Bulunabilir";"freedict+kelly+frequencywords"
"A1";"Alışveriş";"SALE";"Noun";"470";"AI reddi";"ai_rejected";"ollama:gemma4:12b";"1";"Satış";"The current clue 'Alışveriş' means 'shopping' (the act), while 'Sale' means 'satış' (the noun). 'Satış' is the correct one-word equivalent.";"Talep | Satış | Satma";"freedict+kelly+frequencywords"
"A1";"Yerine";"INSTEAD";"Adverb";"471";"AI onaylı";"ai_approved";"ollama:gemma4:12b";"1";"Yerine";"The clue 'Yerine' is a perfect one-word equivalent for 'Instead' and fits the adverb category.";"Yerinde";"freedict+kelly+frequencywords"
"A1";"Rahat";"REST";"Noun";"473";"AI reddi";"ai_rejected";"ollama:gemma4:12b";"1";"Dinlenme";"The current clue 'Rahat' means 'comfortable' (adjective). 'Rest' as a noun/verb means 'dinlenme'. 'Rahat' is not a direct synonym.";"Kalmak | Ölmek | Uyku | Kalanlar";"freedict+kelly+frequencywords"
"A1";"Böylece";"THUS";"Adverb";"475";"AI reddi";"ai_rejected";"ollama:gemma4:12b";"1";"Böylece";"While 'Böylece' is correct, 'Thus' is typically a B1/B2 level word, not A1. However, since the task is to check the clue's accuracy, 'Böylece' is the correct translation.";"";"freedict+kelly+frequencywords"
"A1";"Derece";"DEGREE";"Noun";"477";"İnsan incelemesi";"needs_review";"ollama:gemma4:12b";"0.9";"Derece";"The word 'Degree' is polysemous (rank, angle, temperature). 'Derece' is a valid translation but 'Rütbe' or 'Açı' could also fit. Since it's A1, 'Derece' is acceptable but needs verification of context.";"Sınıf | Mevki | Tabaka | Rütbe";"freedict+kelly+frequencywords"
"A1";"Kin";"DESPITE";"Preposition";"478";"AI reddi";"ai_rejected";"ollama:gemma4:12b";"1";"Rağmen";"The clue 'Kin' is incorrect for 'Despite'. The correct Turkish equivalent is 'Rağmen'.";"";"freedict+kelly+frequencywords"
"A1";"Radyo";"MEDIA";"Noun";"481";"AI reddi";"ai_rejected";"ollama:gemma4:12b";"1";"Medya";"The clue 'Radyo' is too specific and incorrect for the general term 'Media'. 'Medya' is the correct term.";"";"freedict+kelly+frequencywords"
"A1";"Asgari";"LEAST";"Adverb";"484";"AI onaylı";"ai_approved";"ollama:gemma4:12b";"0.95";"Asgari";"The clue 'Asgari' correctly matches 'Least' in a comparative/superlative context.";"";"freedict+kelly+frequencywords"
"A1";"Görev";"CHARGE";"Noun";"492";"İnsan incelemesi";"needs_review";"ollama:gemma4:12b";"0.85";"Görev";"Charge has many meanings (accusation, cost, load, attack). 'Görev' is one possibility but 'Yük' or 'Suçlama' are also common. 'Görev' is acceptable for A1 but ambiguous.";"Top | Saldırı | Yük | Geçirmek";"freedict+kelly+frequencywords"
"A1";"Yer";"LOCATION";"Noun";"495";"AI onaylı";"ai_approved";"ollama:gemma4:12b";"1";"Yer";"The clue 'Yer' is a direct and accurate translation for 'Location' at A1 level.";"Mahal | Mevki";"freedict+kelly+frequencywords"
"A1";"Analiz";"ANALYSIS";"Noun";"496";"AI onaylı";"ai_approved";"ollama:gemma4:12b";"1";"Analiz";"The clue 'Analiz' is a standard and accurate translation for 'Analysis'.";"Tahlil";"freedict+kelly+frequencywords"
"A1";"Tek";"UNIT";"Noun";"497";"İnsan incelemesi";"needs_review";"ollama:gemma4:12b";"0.85";"Birim";"The current clue 'Tek' means 'Single' or 'Only'. 'Birim' is the correct technical term for 'Unit'.";"Bir | Birim | Ünite";"freedict+kelly+frequencywords"
"A1";"Çalışma";"OPERATION";"Noun";"498";"İnsan incelemesi";"needs_review";"ollama:gemma4:12b";"0.85";"İşlem";"The clue 'Çalışma' means 'Work' or 'Study'. 'İşlem' or 'Operasyon' is more accurate for 'Operation'.";"Etki | Hüküm | Süreç | İşleme";"freedict+kelly+frequencywords"
"A1";"Bizzat";"HIMSELF";"Pronoun";"506";"AI reddi";"ai_rejected";"ollama:gemma4:12b";"1";"Kendisi";"The clue 'Bizzat' means 'Personally'. 'Kendisi' is the correct translation for the reflexive pronoun 'Himself'.";"";"freedict+kelly+frequencywords"
"A1";"Toplum";"SOCIETY";"Noun";"507";"AI onaylı";"ai_approved";"ollama:gemma4:12b";"0.95";"Toplum";"The original clue 'Millet' is archaic/specific; 'Toplum' is the standard modern term for 'Society'.";"Şirket | Halk | Toplum | Arkadaşlık";"freedict+kelly+frequencywords"
"A1";"Düşünmek";"REFLECT";"Verb";"509";"AI reddi";"ai_rejected";"ollama:gemma4:12b";"0.9";"Yansıtmak";"The clue 'Düşünmek' corresponds to 'think', while 'Reflect' primarily means 'yansıtmak' or 'düşünmek' in a reflective sense. 'Yansıtmak' is more direct.";"";"freedict+kelly+frequencywords"
"A1";"Çift";"COUPLE";"Noun";"510";"AI onaylı";"ai_approved";"ollama:gemma4:12b";"0.98";"Çift";"The clue 'Çift' is the correct and common translation for 'Couple' as a noun.";"Bağlamak | Birleştirmek";"freedict+kelly+frequencywords"
"A1";"Yazar";"AUTHOR";"Noun";"517";"AI onaylı";"ai_approved";"ollama:gemma4:12b";"0.98";"Yazar";"The clue 'Yazar' is the accurate and standard translation for 'Author'.";"Yaratıcı | Yazmak";"freedict+kelly+frequencywords"
"A1";"Gerçekten";"INDEED";"Adverb";"524";"AI onaylı";"ai_approved";"ollama:gemma4:12b";"0.95";"Gerçekten";"The clue 'Gerçekten' is a correct and common translation for the adverb 'Indeed'.";"Doğrusu";"freedict+kelly+frequencywords"
"A1";"Asla";"MEANS";"Noun";"525";"AI reddi";"ai_rejected";"ollama:gemma4:12b";"1";"Araç";"The clue 'Asla' (Never) is unrelated to 'MEANS'. The correct single-word clue should be 'Araç'.";"Araç | Servet | Varlık | Katiyen";"freedict+kelly+frequencywords"
"A1";"Ana";"CENTRAL";"Adjective";"527";"AI onaylı";"ai_approved";"ollama:gemma4:12b";"0.95";"Ana";"The clue 'Ana' is a valid and common synonym for 'Central' in this context.";"Merkezi";"freedict+kelly+frequencywords"
"A1";"Müdür";"MANAGER";"Noun";"530";"AI onaylı";"ai_approved";"ollama:gemma4:12b";"0.98";"Müdür";"The clue 'Müdür' is a direct and accurate translation for 'Manager'.";"Yönetmen | Yönetici | Direktör";"freedict+kelly+frequencywords"
"A1";"Anlaşma";"DEAL";"Noun";"531";"AI onaylı";"ai_approved";"ollama:gemma4:12b";"0.98";"Anlaşma";"The clue 'Anlaşma' is a correct and common translation for 'Deal'.";"Pazarlık | Miktar | Davranmak | İlgilenmek";"freedict+kelly+frequencywords"
"A1";"Hazır";"CUT";"Verb";"532";"AI reddi";"ai_rejected";"ollama:gemma4:12b";"1";"Kesmek";"The clue 'Hazır' (Ready) is incorrect for 'CUT'. The correct verb form is 'Kesmek'.";"Bırakmak | Parça | Sıkıcı | İncitmek";"freedict+kelly+frequencywords"
"A1";"Savaş";"WAR";"Noun";"535";"AI onaylı";"ai_approved";"ollama:gemma4:12b";"1";"Savaş";"The clue 'Savaş' is a direct, common, and accurate translation for 'WAR' at A1 level.";"Mücadele | Strateji | Harp | Muharebe";"freedict+kelly+frequencywords"
"A1";"Bahsetmek";"MENTION";"Verb";"541";"İnsan onaylı";"approved";"İnsan";"";"";"Kullanıcı tarafından doğrulandı.";"Anma | İfade | Anmak | İma";"freedict+kelly+frequencywords"
"A1";"Her";"EITHER";"Adverb";"544";"AI reddi";"ai_rejected";"ollama:gemma4:12b";"1";"";"The clue 'Her' is ambiguous and doesn't clearly represent 'either' in a pair. 'Ya' or 'Her ikisi' is better, but 'Ya' is the standard single word.";"İki";"freedict+kelly+frequencywords"
"A1";"Şart";"PROVISION";"Noun";"546";"AI reddi";"ai_rejected";"ollama:gemma4:12b";"1";"Erzak";"The clue 'Şart' means 'condition'. 'Provision' usually means 'erzak' or 'tedarik'. 'Şart' is incorrect for this word.";"Hazırlık | Erzak | Tedarik | Hazırlama";"freedict+kelly+frequencywords"
"A1";"Gerçek";"ESSENTIAL";"Adjective";"550";"AI reddi";"ai_rejected";"ollama:gemma4:12b";"1";"Temel";"The clue 'Gerçek' means 'true/real'. 'Essential' means 'temel' or 'gerekli'. 'Gerçek' is a wrong translation.";"Önemli | Zaten | Temel | Temelli";"freedict+kelly+frequencywords"
"A1";"Kolayca";"EASILY";"Adverb";"555";"AI onaylı";"ai_approved";"ollama:gemma4:12b";"1";"Kolayca";"The clue 'Kolayca' is a direct and accurate translation of 'Easily' and fits the A1 level.";"Şüphesiz | Kolaylıkla";"freedict+kelly+frequencywords"
"A1";"Kurmak";"PROPOSE";"Verb";"557";"AI reddi";"ai_rejected";"ollama:gemma4:12b";"1";"Önermek";"The current clue 'Kurmak' (to establish/set up) is incorrect for 'Propose'. 'Önermek' is the correct translation.";"";"freedict+kelly+frequencywords"
"A1";"Eski";"FORMER";"Adjective";"558";"AI onaylı";"ai_approved";"ollama:gemma4:12b";"0.95";"Eski";"The clue 'Eski' is a valid and common translation for 'Former' in this context.";"Önceki | Geçmiş | Evvelki";"freedict+kelly+frequencywords"
"A1";"Önemli";"SERIOUS";"Adjective";"559";"İnsan incelemesi";"needs_review";"ollama:gemma4:12b";"0.85";"Ciddi";"The clue 'Önemli' (important) is a possible meaning, but 'Ciddi' is the more direct translation for 'Serious'.";"Gerçek | Ciddi | Tehlikeli | Ağır";"freedict+kelly+frequencywords"
"A1";"Kocaman";"HUGE";"Adjective";"564";"AI onaylı";"ai_approved";"ollama:gemma4:12b";"1";"Kocaman";"The clue 'Kocaman' is a perfect synonym for 'Huge' and fits the A1 level.";"";"freedict+kelly+frequencywords"
"A1";"Zevk";"TREAT";"Verb";"565";"AI reddi";"ai_rejected";"ollama:gemma4:12b";"1";"Davranmak";"The word 'TREAT' as a verb means 'davranmak' or 'davranış'. 'Zevk' is a noun and does not match the part of speech or primary meaning of the verb 'treat'.";"Davranmak";"freedict+kelly+frequencywords"
"A1";"Yiyecek";"BOARD";"Noun";"567";"AI reddi";"ai_rejected";"ollama:gemma4:12b";"1";"Tahta";"The clue 'Yiyecek' (food) is incorrect for 'BOARD'. The correct noun meaning is 'tahta' or 'kurul'. 'Yiyecek' is unrelated.";"Masa | Tahta | İçecek | Kereste";"freedict+kelly+frequencywords"
"A1";"Haber";"COMMUNICATION";"Noun";"568";"AI onaylı";"ai_approved";"ollama:gemma4:12b";"0.95";"Haber";"The clue 'Haber' is a valid, single-word synonym for communication in this context.";"Ulaşım | Haberleşme | Ulaştırma";"freedict+kelly+frequencywords"
"A1";"Teknik";"TECHNIQUE";"Noun";"569";"AI onaylı";"ai_approved";"ollama:gemma4:12b";"0.98";"Teknik";"The clue 'Teknik' is a direct and accurate translation for 'technique'.";"";"freedict+kelly+frequencywords"
"A1";"Müşteri";"CLIENT";"Noun";"572";"AI onaylı";"ai_approved";"ollama:gemma4:12b";"0.98";"Müşteri";"The clue 'Müşteri' is the standard and correct translation for 'client'.";"Alıcı | Müvekkil";"freedict+kelly+frequencywords"
"A1";"Bağışlamak";"CONTRIBUTE";"Verb";"574";"AI reddi";"ai_rejected";"ollama:gemma4:12b";"1";"Katkı";"The clue 'Bağışlamak' (to donate) is a specific meaning, but 'Katkı' is a more accurate general translation for 'contribute'. Also, 'contribute' is usually B1 level, not A1.";"";"freedict+kelly+frequencywords"
"A1";"Güç";"POTENTIAL";"Adjective";"575";"AI reddi";"ai_rejected";"ollama:gemma4:12b";"1";"Olası";"The clue 'Güç' (power/force) is incorrect for 'potential'. 'Olası' or 'Potansiyel' is correct. Also, 'potential' as an adjective is B1 level.";"İhtimal | Muhtemel | Potansiyel | İktidar";"freedict+kelly+frequencywords"
"A1";"Arkadaş";"ASSOCIATE";"Verb";"578";"AI reddi";"ai_rejected";"ollama:gemma4:12b";"1";"İlişkilendirmek";"The clue 'Arkadaş' (friend) is a noun, while 'associate' is a verb. 'İlişkilendirmek' is the correct verb form.";"Ortak | Dost | Birleştirmek | Ortaklık";"freedict+kelly+frequencywords"
"A1";"İrlandalı";"IRISH";"Adjective";"579";"AI onaylı";"ai_approved";"ollama:gemma4:12b";"1";"İrlandalı";"The clue is accurate, single word, and matches the word type.";"";"freedict+kelly+frequencywords"
"A1";"Porselen";"CHINA";"Noun";"581";"AI reddi";"ai_rejected";"ollama:gemma4:12b";"1";"Çin";"The clue 'Porselen' is a specific meaning of 'china' (noun), but 'Çin' is the primary meaning. However, 'China' as a country is A1, while 'china' as porcelain is more specific.";"Seramik";"freedict+kelly+frequencywords"
"A1";"Vergi";"ASSESSMENT";"Noun";"586";"AI reddi";"ai_rejected";"ollama:gemma4:12b";"1";"Değerlendirme";"The clue 'Vergi' means 'Tax'. 'Assessment' is not a direct synonym for tax; 'Değerlendirme' is the correct term.";"";"freedict+kelly+frequencywords"
"A1";"Kayıt";"ENTRY";"Noun";"587";"AI onaylı";"ai_approved";"ollama:gemma4:12b";"0.95";"Kayıt";"The clue 'Kayıt' is a valid and common synonym for 'Entry' in this context.";"Girme | Giriş";"freedict+kelly+frequencywords"
"A1";"Zaman";"SEASON";"Noun";"588";"AI reddi";"ai_rejected";"ollama:gemma4:12b";"1";"Mevsim";"The clue 'Zaman' means 'Time'. While 'Season' is a period of time, 'Mevsim' is the specific and correct term.";"Süre | Vakit | Bulunur | Vaktinde";"freedict+kelly+frequencywords"
"A1";"Baskı";"PRESSURE";"Noun";"589";"AI onaylı";"ai_approved";"ollama:gemma4:12b";"0.95";"Baskı";"The clue 'Baskı' is a correct and common synonym for 'Pressure'.";"Basınç | Hücum";"freedict+kelly+frequencywords"
"A1";"Dürüstlük";"PRINCIPLE";"Noun";"590";"AI reddi";"ai_rejected";"ollama:gemma4:12b";"1";"İlke";"The clue 'Dürüstlük' means 'Honesty'. 'Principle' should be 'İlke' or 'Prensip'.";"Prensip | Köken";"freedict+kelly+frequencywords"
"A1";"Emin";"SAFE";"Adjective";"591";"AI onaylı";"ai_approved";"ollama:gemma4:12b";"1";"Emin";"The clue 'Emin' correctly corresponds to the adjective 'SAFE' in an A1 context.";"Sağlam | Güvenilir | Salim | Kasa";"freedict+kelly+frequencywords"
"A1";"Ayırmak";"DEFINE";"Verb";"593";"AI reddi";"ai_rejected";"ollama:gemma4:12b";"1";"Tanımlamak";"The clue 'Ayırmak' means 'separate', which is not the primary meaning of 'DEFINE' (to define/tanımlamak).";"";"freedict+kelly+frequencywords"
"A1";"Son";"FINISH";"Verb";"594";"AI reddi";"ai_rejected";"ollama:gemma4:12b";"1";"Bitirmek";"The clue 'Son' is an adjective/noun meaning 'last', while 'FINISH' is a verb. 'Bitirmek' is the correct verb form.";"Bitirmek | Nihayet | Bitmek | Mahvetmek";"freedict+kelly+frequencywords"
"A1";"Uygun";"NORMAL";"Adjective";"595";"AI reddi";"ai_rejected";"ollama:gemma4:12b";"1";"Normal";"The clue 'Uygun' means 'suitable/appropriate', which is not the direct translation for 'NORMAL'.";"Çoğunlukla | Dikey";"freedict+kelly+frequencywords"
"A1";"Yol";"SORT";"Noun";"596";"AI reddi";"ai_rejected";"ollama:gemma4:12b";"1";"Tür";"The clue 'Yol' means 'road/way'. 'SORT' as a noun means 'type/kind' (Tür) or as a verb 'to sort' (sıralamak).";"Tür | Çeşit | Tarz | Nevi";"freedict+kelly+frequencywords"
"A1";"Gelişme";"PROGRESS";"Noun";"597";"AI onaylı";"ai_approved";"ollama:gemma4:12b";"1";"Gelişme";"The clue 'Gelişme' is a precise, single-word noun matching the word 'PROGRESS' at A1 level.";"İlerleme | Yükselme | İlerlemek";"freedict+kelly+frequencywords"
"A1";"Göstermek";"DEMONSTRATE";"Verb";"598";"AI onaylı";"ai_approved";"ollama:gemma4:12b";"1";"Göstermek";"The clue 'Göstermek' is a correct single-word verb for 'DEMONSTRATE'.";"Gösteri | Delil | Gösteren | Sergi";"freedict+kelly+frequencywords"
"A1";"Ara";"HALF";"Noun";"599";"AI reddi";"ai_rejected";"ollama:gemma4:12b";"1";"Yarı";"The current clue 'Ara' means 'space' or 'search', which is incorrect for 'HALF'. 'Yarı' is the correct term.";"Yarı | Abd | Kısmen";"freedict+kelly+frequencywords"
"A1";"Hazır";"FIT";"Verb";"601";"AI reddi";"ai_rejected";"ollama:gemma4:12b";"1";"Uygun";"The clue 'Hazır' means 'ready'. 'Uygun' is the correct single-word translation for 'FIT' in this context.";"Uygun | Sara | Uymak | Uydurmak";"freedict+kelly+frequencywords"
"A1";"Görev";"TASK";"Noun";"603";"AI onaylı";"ai_approved";"ollama:gemma4:12b";"1";"Görev";"The clue 'Görev' is a perfect single-word noun for 'TASK'.";"Hizmet | Ödev | Vazife";"freedict+kelly+frequencywords"
"A1";"Almak";"PICK";"Verb";"605";"AI reddi";"ai_rejected";"ollama:gemma4:12b";"1";"Seçmek";"The current clue 'Almak' (to buy/get) is ambiguous and can be confused with 'get' or 'buy'. 'Seçmek' is the precise translation for 'pick'.";"Çalmak | Toplamak | Seçmek | Çıkartmak";"freedict+kelly+frequencywords"
"A1";"Üstüne";"ONTO";"Preposition";"608";"AI onaylı";"ai_approved";"ollama:gemma4:12b";"0.95";"Üstüne";"The clue 'Üstünde' is acceptable, though 'Üstüne' is more precise for 'onto', but it fits the single-word requirement.";"";"freedict+kelly+frequencywords"
"A1";"Nişan";"SIGN";"Noun";"610";"AI reddi";"ai_rejected";"ollama:gemma4:12b";"1";"İşaret";"The clue 'Nişan' is too specific/archaic for a general A1 level. 'İşaret' is the standard translation.";"İşaret | Belirti | Tabela | Levha";"freedict+kelly+frequencywords"
"A1";"Kilise";"CHURCH";"Noun";"611";"AI onaylı";"ai_approved";"ollama:gemma4:12b";"1";"Kilise";"The clue is accurate, unambiguous, and fits the level.";"Cemaat";"freedict+kelly+frequencywords"
"A1";"Ekonomik";"ECONOMIC";"Adjective";"616";"AI onaylı";"ai_approved";"ollama:gemma4:12b";"1";"Ekonomik";"The clue is accurate and matches the word type.";"";"freedict+kelly+frequencywords"
"A1";"Bin";"THOUSAND";"Number";"618";"AI onaylı";"ai_approved";"ollama:gemma4:12b";"1";"Bin";"The clue 'Bin' is a direct and accurate translation for 'Thousand' at A1 level.";"";"freedict+kelly+frequencywords"
"A1";"Memur";"OFFICER";"Noun";"619";"AI onaylı";"ai_approved";"ollama:gemma4:12b";"0.95";"Memur";"The clue 'Memur' is a standard translation for 'Officer' in a general context.";"Subay";"freedict+kelly+frequencywords"
"A1";"Anlamak";"COLLECT";"Verb";"623";"AI reddi";"ai_rejected";"ollama:gemma4:12b";"1";"Toplamak";"The clue 'Anlamak' means 'to understand', which is incorrect for 'Collect'. 'Toplamak' is the correct translation.";"Toplamak | Biriktirmek";"freedict+kelly+frequencywords"
"A1";"Büyüme";"GROWTH";"Noun";"624";"AI onaylı";"ai_approved";"ollama:gemma4:12b";"0.9";"Büyüme";"While 'Gelişme' is acceptable, 'Büyüme' is a more direct translation for 'Growth' in many contexts.";"Kaynak | Büyüme";"freedict+kelly+frequencywords"
"A1";"Önem";"IMPORTANCE";"Noun";"625";"AI onaylı";"ai_approved";"ollama:gemma4:12b";"1";"Önem";"The clue 'Önem' is the precise and standard translation for 'Importance'.";"Etki | İtibar | Nüfuz | Tesir";"freedict+kelly+frequencywords"
"A1";"Yetişir";"ENOUGH";"Adverb";"631";"AI onaylı";"ai_approved";"ollama:gemma4:12b";"1";"Yetişir";"The clue 'Yetişir' is a correct and common Turkish equivalent for 'enough' in this context.";"";"freedict+kelly+frequencywords"
"A1";"Çağırmak";"INVITE";"Verb";"632";"AI onaylı";"ai_approved";"ollama:gemma4:12b";"1";"Çağırmak";"The clue 'Çağırmak' is a standard and accurate translation for 'invite'.";"";"freedict+kelly+frequencywords"
"A1";"Oturmak";"LOCATE";"Verb";"633";"AI reddi";"ai_rejected";"ollama:gemma4:12b";"0.95";"Yerleştirmek";"The current clue 'Oturmak' means 'to sit', which is incorrect for 'locate'. 'Yerleştirmek' is the correct single-word substitute.";"Yerleştirmek";"freedict+kelly+frequencywords"
"A1";"Neredeyse";"NEARLY";"Adverb";"634";"AI onaylı";"ai_approved";"ollama:gemma4:12b";"1";"Neredeyse";"The clue 'Neredeyse' is the precise and common translation for 'nearly'.";"Yakından";"freedict+kelly+frequencywords"
"A1";"Kendin";"YOURSELF";"Pronoun";"635";"AI onaylı";"ai_approved";"ollama:gemma4:12b";"1";"Kendin";"The clue 'Kendin' is the correct and standard translation for 'yourself'.";"";"freedict+kelly+frequencywords"
"A1";"Hiç";"WHATEVER";"Determiner";"637";"AI reddi";"ai_rejected";"ollama:gemma4:12b";"1";"Herşey";"The current clue 'Hiç' (Never/Not at all) is semantically unrelated to 'Whatever'. 'Herşey' or 'Her ne' is a better fit, but 'Whatever' is often used as 'Her neyse'.";"Hepsi | Hangi";"freedict+kelly+frequencywords"
"A1";"Bizzat";"MYSELF";"Pronoun";"644";"AI reddi";"ai_rejected";"ollama:gemma4:12b";"1";"Kendim";"The clue 'Bizzat' (Personally/In person) is not a direct translation for the reflexive pronoun 'Myself'. 'Kendim' is the correct single-word equivalent.";"";"freedict+kelly+frequencywords"
"A1";"Tamam";"EXACTLY";"Adverb";"646";"AI reddi";"ai_rejected";"ollama:gemma4:12b";"1";"Tam";"The clue 'Tamam' means 'Okay'. The correct translation for 'Exactly' is 'Tam' or 'Tamamen'.";"Tam | Tamamen | Aynen";"freedict+kelly+frequencywords"
"A1";"Gelmek";"PULL";"Verb";"658";"AI reddi";"ai_rejected";"ollama:gemma4:12b";"1";"Çekmek";"The clue 'Gelmek' means 'To come'. 'Pull' means 'Çekmek'. The current clue is a different verb entirely.";"Girmek | Çekmek | Arka | Desteklemek";"freedict+kelly+frequencywords"
"A1";"Sandalye";"CHAIR";"Noun";"663";"AI onaylı";"ai_approved";"ollama:gemma4:12b";"1";"Sandalye";"The clue 'Sandalye' is a correct, common, and single-word translation for 'Chair'.";"Sedye | Makam";"freedict+kelly+frequencywords"
"A1";"Asıl";"STUFF";"Noun";"666";"AI reddi";"ai_rejected";"ollama:gemma4:12b";"1";"Eşya";"The current clue 'Asıl' (Main/Principal) is incorrect for 'Stuff'. 'Eşya' or 'Madde' would be better, but 'Eşya' is the most common single word.";"Saçma | Madde | Esas | Kumaş";"freedict+kelly+frequencywords"
"A1";"Merak";"WORRY";"Verb";"669";"AI reddi";"ai_rejected";"ollama:gemma4:12b";"1";"Endişe";"The clue 'Merak' means 'Curiosity'. 'Worry' is 'Endişe'. Since 'Endişe' is a noun and 'Worry' can be a verb, 'Endişe' is the correct synonym.";"Endişe | Üzmek | Üzüntü | Üzülmek";"freedict+kelly+frequencywords"
"A1";"Mesele";"TROUBLE";"Noun";"670";"AI reddi";"ai_rejected";"ollama:gemma4:12b";"1";"Sıkıntı";"The clue 'Mesele' means 'Issue/Matter'. 'Trouble' is best translated as 'Sıkıntı' or 'Sorun'.";"Dert | Sıkıntı | Zahmet | Rahatsızlık";"freedict+kelly+frequencywords"
"A1";"Ölü";"DEAD";"Adjective";"671";"AI onaylı";"ai_approved";"ollama:gemma4:12b";"1";"Ölü";"The clue 'Ölü' is a correct and common translation for 'Dead'.";"Solgun | Hareketsiz | Cansız | Sönük";"freedict+kelly+frequencywords"
"A1";"Çok";"ROUND";"Noun";"680";"AI reddi";"ai_rejected";"ollama:gemma4:12b";"1";"Yuvarlak";"The clue 'Çok' means 'Many/Much'. 'Round' means 'Yuvarlak' (adj) or 'Tur' (noun). 'Çok' is completely unrelated.";"Çabuk | Açık | Sefer | Sıra";"freedict+kelly+frequencywords"
"A1";"Orta";"MIDDLE";"Noun";"687";"AI onaylı";"ai_approved";"ollama:gemma4:12b";"1";"Orta";"The clue 'Orta' is a direct and accurate translation for 'Middle' at A1 level.";"Aradaki | Ortadaki | Vasat";"freedict+kelly+frequencywords"
"A1";"Sert";"DRY";"Adjective";"690";"AI reddi";"ai_rejected";"ollama:gemma4:12b";"0.95";"Kuru";"The current clue 'Sert' means 'Hard' or 'Harsh'. The correct translation for 'Dry' is 'Kuru'.";"Sıkıcı | Kuru | Keskin | Susamış";"freedict+kelly+frequencywords"
"A1";"Güzel";"LOVELY";"Adjective";"694";"AI onaylı";"ai_approved";"ollama:gemma4:12b";"1";"Güzel";"The clue 'Güzel' is a standard and appropriate translation for 'Lovely' at A1 level.";"Hoş | Sevimli | Latif";"freedict+kelly+frequencywords"
"A1";"Konuşma";"CONVERSATION";"Noun";"710";"AI onaylı";"ai_approved";"ollama:gemma4:12b";"1";"Konuşma";"The clue 'Konuşma' is a correct and common translation for 'Conversation'.";"Sohbet";"freedict+kelly+frequencywords"
"A1";"Acı";"SORRY";"Exclamation";"716";"AI reddi";"ai_rejected";"ollama:gemma4:12b";"0.95";"Üzgün";"The clue 'Acı' means 'Pain' or 'Bitter'. 'Sorry' is an expression of regret or feeling 'Üzgün'.";"Üzgün | Pişman | Üzücü | Hüzünlü";"freedict+kelly+frequencywords"
"A1";"Şanslı";"LUCKY";"Adjective";"720";"AI onaylı";"ai_approved";"ollama:gemma4:12b";"1";"Şanslı";"The clue 'Şanslı' is a direct and accurate translation for 'LUCKY' at A1 level.";"Uğurlu | Talihli";"freedict+kelly+frequencywords"
"A1";"Parmak";"FINGER";"Noun";"721";"AI onaylı";"ai_approved";"ollama:gemma4:12b";"1";"Parmak";"The clue 'Parmak' is the correct primary meaning for 'FINGER'.";"Katılmak | Çalmak";"freedict+kelly+frequencywords"
"A1";"Tabak";"PLATE";"Noun";"722";"AI onaylı";"ai_approved";"ollama:gemma4:12b";"1";"Tabak";"The clue 'Tabak' is the standard translation for 'PLATE'.";"Kupa | Protez";"freedict+kelly+frequencywords"
"A1";"Çalmak";"RING";"Verb";"726";"AI reddi";"ai_rejected";"ollama:gemma4:12b";"1";"Çalmak";"The word 'RING' as a verb means 'çalmak' (as in a bell), but the clue is ambiguous as it could also mean 'yüzük' (noun). However, since the partOfSpeech is Verb, 'Çalmak' is technically correct but 'Çınlamak' might be more specific. Since '";"Halka | Daire | Yüzük | Sirk";"freedict+kelly+frequencywords"
"A1";"Yağmur";"WET";"Adjective";"727";"AI reddi";"ai_rejected";"ollama:gemma4:12b";"1";"Islak";"The clue 'Yağmur' means 'Rain', not 'Wet'. The correct translation for 'WET' is 'Islak'.";"Yaş | Islak | Yağmurlu | Nem";"freedict+kelly+frequencywords"
"A1";"Çentik";"CHIP";"Noun";"741";"İnsan incelemesi";"needs_review";"ollama:gemma4:12b";"1";"Cips";"Çentik is a technical term; for A1 level, 'Cips' (snack) is the expected meaning of 'Chip'.";"";"freedict+kelly+frequencywords"
"A1";"Pişirmek";"COOK";"Verb";"751";"AI onaylı";"ai_approved";"ollama:gemma4:12b";"0.95";"Pişirmek";"The clue 'Hazırlamak' is acceptable, but 'Pişirmek' is the more direct translation for 'Cook'.";"Pişirmek";"freedict+kelly+frequencywords"
"A1";"Boyun";"NECK";"Noun";"753";"AI onaylı";"ai_approved";"ollama:gemma4:12b";"0.98";"Boyun";"Correct translation for the body part.";"Boğaz";"freedict+kelly+frequencywords"
"A1";"Mumya";"MUMMY";"Noun";"781";"AI onaylı";"ai_approved";"ollama:gemma4:12b";"0.98";"Mumya";"Correct translation.";"";"freedict+kelly+frequencywords"
"A1";"Affetmek";"PARDON";"Exclamation";"785";"AI onaylı";"ai_approved";"ollama:gemma4:12b";"0.95";"Affetmek";"Correct translation for the exclamation/verb context.";"";"freedict+kelly+frequencywords"
"A1";"Sevgili";"DARLING";"Noun";"787";"AI onaylı";"ai_approved";"ollama:gemma4:12b";"1";"Sevgili";"The clue 'Sevgili' is a direct and common translation for 'Darling' at A1 level.";"Sevgilim | Sevimli";"freedict+kelly+frequencywords"
"A2";"Aynı";"SET";"Verb";"796";"AI reddi";"ai_rejected";"ollama:gemma4:12b";"1";"Kurmak";"The current clue 'Aynı' (Same) is an adjective, while 'SET' is a verb. 'Kurmak' or 'Yerleştirmek' is a better verb-to-verb match.";"Hazır | Takım | Grup | Göstermek";"freedict+kelly+frequencywords"
"A2";"Yol";"SYSTEM";"Noun";"797";"AI reddi";"ai_rejected";"ollama:gemma4:12b";"1";"Sistem";"The clue 'Yol' (Way/Road) is not a direct synonym for 'SYSTEM'. 'Sistem' is the correct noun equivalent.";"Kural | Sistem | Düzen | Evren";"freedict+kelly+frequencywords"
"A2";"Durum";"CASE";"Noun";"804";"AI onaylı";"ai_approved";"ollama:gemma4:12b";"1";"Durum";"The clue 'Durum' is a correct, single-word noun synonym for 'CASE' at A2 level.";"Hasta | Dava | Mesele | Problem";"freedict+kelly+frequencywords"
"A2";"Yer";"SITE";"Noun";"805";"AI onaylı";"ai_approved";"ollama:gemma4:12b";"1";"Yer";"The clue 'Yer' is a common and accurate single-word synonym for 'SITE'.";"Mahal | Mevki";"freedict+kelly+frequencywords"
"A2";"Göstermek";"OFFER";"Verb";"806";"AI reddi";"ai_rejected";"ollama:gemma4:12b";"1";"Teklif";"The clue 'Göstermek' is a verb meaning 'to show', which is not the primary meaning of 'OFFER' (to offer/propose). 'Teklif' is the correct noun/verb base.";"Teklif | Sunmak";"freedict+kelly+frequencywords"
"A2";"Bırakmak";"ALLOW";"Verb";"807";"AI reddi";"ai_rejected";"ollama:gemma4:12b";"1";"İzin";"The clue 'Bırakmak' (to leave/let) is not the primary or most accurate translation for 'ALLOW' (to permit). 'İzin' is the correct noun/verb root.";"Saymak | Meşru";"freedict+kelly+frequencywords"
"A2";"Örnek";"EXAMPLE";"Noun";"809";"AI onaylı";"ai_approved";"ollama:gemma4:12b";"1";"Örnek";"The clue is accurate, common, and matches the word type and level.";"Numune | Misal";"freedict+kelly+frequencywords"
"A2";"Kalmak";"CONTINUE";"Verb";"812";"AI reddi";"ai_rejected";"ollama:gemma4:12b";"1";"Devam";"The clue 'Kalmak' (to stay/remain) is semantically different from 'CONTINUE' (to go on/continue). 'Devam' is the correct core meaning.";"Sürmek | Uzatmak | Dayanmak";"freedict+kelly+frequencywords"
"A2";"Bakma";"VIEW";"Noun";"819";"AI reddi";"ai_rejected";"ollama:gemma4:12b";"1";"Görünüm";"The clue 'Bakma' (looking/glance) is a verb/gerund, while 'VIEW' as a noun is 'Görünüm' or 'Manzara'. 'Bakış' is also possible but 'Görünüm' is standard.";"Görmek | Bakış | Görüş | Bakmak";"freedict+kelly+frequencywords"
"A2";"Fırsat";"OPPORTUNITY";"Noun";"820";"AI onaylı";"ai_approved";"ollama:gemma4:12b";"1";"Fırsat";"The clue is accurate, common, and matches the word type and level.";"";"freedict+kelly+frequencywords"
"A2";"Kısa";"LOW";"Adjective";"828";"AI reddi";"ai_rejected";"ollama:gemma4:12b";"1";"Alçak";"The clue 'Kısa' means 'short'. For 'LOW', the correct Turkish equivalent is 'Alçak'.";"Yavaş | Zayıf | Üzgün | Ucuz";"freedict+kelly+frequencywords"
"A2";"Açık";"WIDE";"Adjective";"830";"AI reddi";"ai_rejected";"ollama:gemma4:12b";"1";"Geniş";"The clue 'Açık' means 'open'. For 'WIDE', the correct Turkish equivalent is 'Geniş'.";"Tamamen | Uzak | Bol | Geniş";"freedict+kelly+frequencywords"
"A2";"Güç";"POWER";"Noun";"831";"AI onaylı";"ai_approved";"ollama:gemma4:12b";"1";"Güç";"The clue 'Güç' is a direct and accurate translation for 'POWER'.";"Devlet | Hükümet | Yetenek | Etki";"freedict+kelly+frequencywords"
"A2";"Genel";"GENERAL";"Adjective";"839";"AI onaylı";"ai_approved";"ollama:gemma4:12b";"1";"Genel";"The clue 'Genel' is a correct and common translation for 'GENERAL'.";"Halk | Umumi";"freedict+kelly+frequencywords"
"A2";"Yer";"POSITION";"Noun";"840";"AI reddi";"ai_rejected";"ollama:gemma4:12b";"1";"Konum";"The clue 'Yer' means 'place'. While 'position' can mean 'yer', 'Konum' is a more precise translation for 'POSITION'.";"Durum | Fikir | Görev | Koyma";"freedict+kelly+frequencywords"
"A2";"İdare";"CONTROL";"Noun";"843";"AI onaylı";"ai_approved";"ollama:gemma4:12b";"0.95";"İdare";"The clue 'İdare' is a valid, single-word synonym for 'control' in a management context.";"";"freedict+kelly+frequencywords"
"A2";"Göre";"UPON";"Preposition";"844";"İnsan incelemesi";"needs_review";"ollama:gemma4:12b";"0.88";"Üzerinde";"The word 'Upon' is a preposition; 'Göre' is a different meaning. 'Üzerinde' is a more accurate single-word clue.";"Üzerinde | Üzerine | Üstünde | Hususunda";"freedict+kelly+frequencywords"
"A2";"Neden";"CAUSE";"Verb";"849";"AI onaylı";"ai_approved";"ollama:gemma4:12b";"0.98";"Neden";"The clue 'Neden' is a standard and accurate single-word synonym for 'cause'.";"Sebep | Hedef | Amaç | Doğurmak";"freedict+kelly+frequencywords"
"A2";"Ulusal";"NATIONAL";"Adjective";"850";"AI onaylı";"ai_approved";"ollama:gemma4:12b";"0.98";"Ulusal";"The clue 'Ulusal' is the direct and correct translation for 'national'.";"Milli | Yurttaş";"freedict+kelly+frequencywords"
"A2";"Tek";"SINGLE";"Adjective";"851";"AI onaylı";"ai_approved";"ollama:gemma4:12b";"0.98";"Tek";"The clue 'Tek' is the standard single-word translation for 'single'.";"Yalnız | Özel | Basit | Ayrı";"freedict+kelly+frequencywords"
"A2";"Kendisi";"ITSELF";"Pronoun";"853";"AI onaylı";"ai_approved";"ollama:gemma4:12b";"1";"Kendisi";"The clue 'Kendisi' is a precise, single-word Turkish equivalent for 'itself' in this context.";"Bizzat";"freedict+kelly+frequencywords"
"A2";"Karar";"DECISION";"Noun";"854";"AI onaylı";"ai_approved";"ollama:gemma4:12b";"1";"Karar";"The clue 'Karar' is the standard and most common translation for 'decision'.";"Emir | Hüküm | İrade";"freedict+kelly+frequencywords"
"A2";"Gelmek";"REACH";"Verb";"856";"İnsan incelemesi";"needs_review";"ollama:gemma4:12b";"0.85";"Ulaşmak";"The current clue 'Gelmek' (to come) is too broad and can be ambiguous for 'reach'. 'Ulaşmak' is more precise.";"Alan | Ulaşmak | Varmak | Uzatmak";"freedict+kelly+frequencywords"
"A2";"Sebep";"ACCOUNT";"Noun";"859";"İnsan incelemesi";"needs_review";"ollama:gemma4:12b";"0.85";"Hesap";"The clue 'Sebep' (reason) is a specific usage. 'Hesap' is the primary meaning, but 'Sebep' is often used in 'on account of'. 'Hesap' is safer for a general dictionary.";"Değer | Hesap | Tarif | Önem";"freedict+kelly+frequencywords"
"A2";"Gerekli";"NECESSARY";"Adjective";"860";"AI onaylı";"ai_approved";"ollama:gemma4:12b";"1";"Gerekli";"The clue 'Gerekli' is the standard and accurate translation for 'necessary'.";"Çaresiz | Kaçınılmaz | Zorunlu | Muhakkak";"freedict+kelly+frequencywords"
"A2";"Çeşit";"RATE";"Noun";"862";"AI reddi";"ai_rejected";"ollama:gemma4:12b";"1";"Oran";"The clue 'Çeşit' means 'variety'. 'Rate' means 'oran' or 'hız'. 'Çeşit' is not a suitable single-word synonym for 'rate'.";"Sınıf | Fiyat | Nevi | Bedel";"freedict+kelly+frequencywords"
"A2";"Eğitim";"EDUCATION";"Noun";"863";"AI onaylı";"ai_approved";"ollama:gemma4:12b";"1";"Eğitim";"The clue 'Eğitim' is a perfect, common, and accurate translation for 'Education' at A2 level.";"Yetiştirme | Tahsil";"freedict+kelly+frequencywords"
"A2";"Vermek";"DELIVER";"Verb";"865";"AI reddi";"ai_rejected";"ollama:gemma4:12b";"1";"Teslim";"The clue 'Vermek' is too general (to give). 'Teslim' or 'dağıtmak' is more accurate for 'deliver'.";"Kurtarmak | Bırakmak";"freedict+kelly+frequencywords"
"A2";"İlk";"ORIGINAL";"Adjective";"866";"AI reddi";"ai_rejected";"ollama:gemma4:12b";"1";"Özgün";"The clue 'İlk' means 'first'. While 'original' can mean 'first' in some contexts, 'Özgün' is the primary meaning for 'original'.";"Kaynak | Aslı | Özgün | Yeni";"freedict+kelly+frequencywords"
"A2";"Tek";"SIMPLE";"Adjective";"867";"AI reddi";"ai_rejected";"ollama:gemma4:12b";"1";"Basit";"The clue 'Tek' means 'single'. 'Simple' should be 'Basit'. 'Tek' is a different concept.";"Tabii | Kolay | Basit | Bayağı";"freedict+kelly+frequencywords"
"A2";"Adalet";"LAW";"Noun";"868";"İnsan incelemesi";"needs_review";"ollama:gemma4:12b";"0.9";"Kanun";"The clue 'Adalet' means 'Justice'. 'Kanun' or 'Yasa' is a more accurate synonym for 'Law'.";"Kanun | Kural | Yasa | Hukuk";"freedict+kelly+frequencywords"
"A2";"Girmek";"ENTER";"Verb";"869";"AI onaylı";"ai_approved";"ollama:gemma4:12b";"1";"Girmek";"The clue is accurate, single-worded, and matches the verb type.";"Başlamak | Katılmak | Koymak | Yazmak";"freedict+kelly+frequencywords"
"A2";"Almak";"ACCEPT";"Verb";"871";"AI reddi";"ai_rejected";"ollama:gemma4:12b";"0.95";"Kabul";"The clue 'Almak' means 'To take/get'. 'Kabul' is the correct translation for 'Accept'.";"Anlamak | Onaylamak";"freedict+kelly+frequencywords"
"A2";"Düşünce";"COMMENT";"Noun";"872";"AI reddi";"ai_rejected";"ollama:gemma4:12b";"0.95";"Yorum";"The clue 'Düşünce' means 'Thought'. 'Yorum' is the correct translation for 'Comment'.";"İzah";"freedict+kelly+frequencywords"
"A2";"Mükemmel";"EXCELLENT";"Adjective";"875";"AI onaylı";"ai_approved";"ollama:gemma4:12b";"1";"Mükemmel";"The clue is accurate, single-worded, and matches the adjective type.";"Kusursuz | Üstün";"freedict+kelly+frequencywords"
"A2";"Mal";"PROPERTY";"Noun";"877";"İnsan incelemesi";"needs_review";"ollama:gemma4:12b";"1";"Mülk";"The clue 'Mal' is ambiguous as it can mean 'goods' or 'property'. 'Mülk' is a more precise single-word synonym for property in this context.";"Arazi | Emlak | Mülk | Özellik";"freedict+kelly+frequencywords"
"A2";"Başarılı";"SUCCESSFUL";"Adjective";"879";"AI onaylı";"ai_approved";"ollama:gemma4:12b";"1";"Başarılı";"The clue is accurate, unambiguous, and matches the word class and level.";"";"freedict+kelly+frequencywords"
"A2";"Özel";"PRIVATE";"Adjective";"885";"AI onaylı";"ai_approved";"ollama:gemma4:12b";"1";"Özel";"The clue is accurate and clearly represents the primary meaning of the word.";"Kişisel | Asker | Özellik | Mahrem";"freedict+kelly+frequencywords"
"A2";"Değiştirmek";"AFFECT";"Verb";"887";"İnsan incelemesi";"needs_review";"ollama:gemma4:12b";"1";"Etkilemek";"The clue 'Değiştirmek' (to change) is a possible meaning but 'Etkilemek' is the more standard translation for 'affect' in most contexts.";"Dokunmak | Etkilemek";"freedict+kelly+frequencywords"
"A2";"Anlaşma";"ACCORD";"Verb";"889";"İnsan incelemesi";"needs_review";"ollama:gemma4:12b";"1";"Uzlaşma";"The word 'Accord' is primarily a noun meaning agreement/harmony. The clue 'Anlaşma' is correct, but 'Uzlaşma' is a more precise synonym for the noun form.";"Uyum | Uymak | Birleşme | Uzlaşma";"freedict+kelly+frequencywords"
"A2";"Perde";"WEB";"Noun";"891";"AI reddi";"ai_rejected";"ollama:gemma4:12b";"1";"";"The clue 'Perde' (curtain) is incorrect for 'WEB'. The correct Turkish equivalent is 'Ağ'.";"Örgü | Tomar";"freedict+kelly+frequencywords"
"A2";"Katil";"DEATH";"Noun";"892";"AI reddi";"ai_rejected";"ollama:gemma4:12b";"1";"Ölüm";"The clue 'Katil' (killer) is a different concept. The correct Turkish equivalent for 'DEATH' is 'Ölüm'.";"Vefat";"freedict+kelly+frequencywords"
"A2";"Olmak";"PROVE";"Verb";"897";"AI reddi";"ai_rejected";"ollama:gemma4:12b";"1";"Kanıtlamak";"The clue 'Olmak' (to be/become) is incorrect. The correct Turkish equivalent for 'PROVE' is 'Kanıtlamak'.";"Denemek";"freedict+kelly+frequencywords"
"A2";"Kolay";"EFFORT";"Noun";"898";"AI reddi";"ai_rejected";"ollama:gemma4:12b";"1";"Çaba";"The clue 'Kolay' (easy) is an antonym or unrelated. The correct Turkish equivalent for 'EFFORT' is 'Çaba'.";"Çaba | Gayret";"freedict+kelly+frequencywords"
"A2";"Görüşme";"DISCUSSION";"Noun";"899";"AI onaylı";"ai_approved";"ollama:gemma4:12b";"0.95";"Görüşme";"The clue 'Görüşme' is a valid and common Turkish equivalent for 'DISCUSSION' at A2 level.";"Müzakere | Münakaşa";"freedict+kelly+frequencywords"
"A2";"Şebeke";"NETWORK";"Noun";"902";"AI onaylı";"ai_approved";"ollama:gemma4:12b";"1";"Şebeke";"The clue 'Şebeke' is a correct and common synonym for 'Network' in Turkish.";"";"freedict+kelly+frequencywords"
"A2";"Yetenek";"ABILITY";"Noun";"903";"AI onaylı";"ai_approved";"ollama:gemma4:12b";"1";"Yetenek";"The clue 'Yetenek' is a precise and common synonym for 'Ability'.";"İktidar | Marifet";"freedict+kelly+frequencywords"
"A2";"Bırakmak";"FAIL";"Verb";"904";"AI reddi";"ai_rejected";"ollama:gemma4:12b";"1";"Başarısızlık";"The clue 'Bırakmak' means 'to leave/abandon', which is not the primary meaning of 'Fail'. 'Başarısızlık' or 'Başarısız' is more accurate.";"Bitmek | Mutlaka | Yapmamak";"freedict+kelly+frequencywords"
"A2";"Numara";"FIGURE";"Noun";"906";"İnsan incelemesi";"needs_review";"ollama:gemma4:12b";"0.85";"Şekil";"The clue 'Numara' (number) is only one specific meaning of 'Figure'. 'Şekil' or 'Şekil/Sayı' would be more representative.";"Yüz | Değer | Resim | Adet";"freedict+kelly+frequencywords"
"A2";"Sanat";"ADDRESS";"Verb";"911";"AI reddi";"ai_rejected";"ollama:gemma4:12b";"1";"Adres";"The clue 'Sanat' (art) is completely unrelated to the word 'Address'.";"Adres | Nutuk | Eda";"freedict+kelly+frequencywords"
"A2";"Yapmak";"ACT";"Verb";"914";"AI reddi";"ai_rejected";"ollama:gemma4:12b";"1";"Hareket";"The clue 'Yapmak' is too broad and can refer to many verbs. 'Hareket' is a more specific noun/verb synonym for 'Act' in this context.";"Oynamak | Davranmak | Kanun | Etkilemek";"freedict+kelly+frequencywords"
"A2";"Durum";"CHARACTER";"Noun";"915";"AI reddi";"ai_rejected";"ollama:gemma4:12b";"1";"Kişilik";"The clue 'Durum' means 'situation'. 'Kişilik' or 'Karakter' is the correct translation for 'Character'.";"Tip | Karakter | Ahlak | Nam";"freedict+kelly+frequencywords"
"A2";"Nezaket";"ATTENTION";"Noun";"919";"AI reddi";"ai_rejected";"ollama:gemma4:12b";"1";"Dikkat";"The clue 'Nezaket' means 'politeness'. 'Dikkat' is the correct translation for 'Attention'.";"İltifat | Dikkat";"freedict+kelly+frequencywords"
"A2";"Çok";"HIGHLY";"Adverb";"921";"AI onaylı";"ai_approved";"ollama:gemma4:12b";"0.95";"Çok";"The clue 'Çok' is a valid, common, and single-word synonym for 'Highly' in an adverbial context.";"Ziyadesiyle";"freedict+kelly+frequencywords"
"A2";"Hak";"CLAIM";"Verb";"923";"AI reddi";"ai_rejected";"ollama:gemma4:12b";"1";"İddia";"The clue 'Hak' means 'right/right of'. 'İddia' is the correct translation for the verb/noun 'Claim'.";"İstemek | Talep | İddia";"freedict+kelly+frequencywords"
"A2";"Temel";"BASIC";"Adjective";"924";"AI onaylı";"ai_approved";"ollama:gemma4:12b";"1";"Temel";"The clue 'Temel' is a precise, single-word synonym for 'Basic' at A2 level.";"Esas";"freedict+kelly+frequencywords"
"A2";"Yüzde";"PERCENT";"Noun";"925";"AI onaylı";"ai_approved";"ollama:gemma4:12b";"1";"Yüzde";"The clue 'Yüzde' is the direct and standard translation for 'Percent'.";"";"freedict+kelly+frequencywords"
"A2";"Fazla";"BEYOND";"Preposition";"926";"İnsan incelemesi";"needs_review";"ollama:gemma4:12b";"0.85";"Ötesinde";"The current clue 'Fazla' is too broad; 'Ötesinde' is a more accurate translation for 'Beyond'.";"Dışında | Ötesinde | Ötede | Ötesine";"freedict+kelly+frequencywords"
"A2";"Alet";"TOOL";"Noun";"927";"AI onaylı";"ai_approved";"ollama:gemma4:12b";"1";"Alet";"The clue 'Alet' is a correct and common single-word translation for 'Tool'.";"Kalem";"freedict+kelly+frequencywords"
"A2";"Tek";"UNIQUE";"Adjective";"932";"İnsan incelemesi";"needs_review";"ollama:gemma4:12b";"0.9";"Eşsiz";"The clue 'Tek' means 'single' or 'only'; 'Eşsiz' better captures the meaning of 'Unique'.";"Eşsiz | Yegane | Emsalsiz";"freedict+kelly+frequencywords"
"A2";"Toplantı";"SESSION";"Noun";"936";"AI onaylı";"ai_approved";"ollama:gemma4:12b";"1";"Toplantı";"The clue 'Toplantı' is a valid, single-word synonym for 'Session' in this context.";"Oturum";"freedict+kelly+frequencywords"
"A2";"Sıra";"FILE";"Noun";"937";"AI reddi";"ai_rejected";"ollama:gemma4:12b";"1";"Dosya";"The current clue 'Sıra' (Queue/Line) is ambiguous and not the primary meaning of 'File' in most contexts. 'Dosya' is the standard translation.";"Halk | Dosya | Dizi | Kuyruk";"freedict+kelly+frequencywords"
"A2";"Yayın";"PUBLICATION";"Noun";"938";"AI onaylı";"ai_approved";"ollama:gemma4:12b";"1";"Yayın";"The clue 'Yayın' is a precise, single-word translation for 'Publication'.";"";"freedict+kelly+frequencywords"
"A2";"Bulmak";"DISCOVER";"Verb";"939";"İnsan incelemesi";"needs_review";"ollama:gemma4:12b";"0.85";"Keşfetmek";"The clue 'Bulmak' is common, but 'Keşfetmek' is a more precise translation for 'Discover' at A2 level.";"Keşfetmek";"freedict+kelly+frequencywords"
"A2";"Emniyet";"SECURITY";"Noun";"940";"AI onaylı";"ai_approved";"ollama:gemma4:12b";"1";"Emniyet";"The clue 'Emniyet' is a correct and common single-word translation for 'Security'.";"Emanet | Rehin | Kefalet | Kefil";"freedict+kelly+frequencywords"
"A2";"Baş";"LEADER";"Noun";"941";"AI onaylı";"ai_approved";"ollama:gemma4:12b";"1";"Baş";"The clue 'Baş' is a valid, single-word synonym for 'Leader' in this context.";"Lider | Liderlik | Rehber | Reis";"freedict+kelly+frequencywords"
"A2";"Zemin";"BACKGROUND";"Noun";"942";"AI reddi";"ai_rejected";"ollama:gemma4:12b";"1";"Arkaplan";"The clue 'Zemin' means 'ground' or 'floor', which is not the primary meaning of 'Background'.";"";"freedict+kelly+frequencywords"
"A2";"Seri";"TRACK";"Noun";"943";"AI reddi";"ai_rejected";"ollama:gemma4:12b";"1";"";"The clue 'Seri' means 'series'. 'İz' or 'Yol' would be better for 'Track'.";"Nişan | Geçmek | Eser | Koşma";"freedict+kelly+frequencywords"
"A2";"Hepsi";"TOTAL";"Adjective";"944";"AI reddi";"ai_rejected";"ollama:gemma4:12b";"1";"Toplam";"The clue 'Hepsi' means 'all'. 'Toplam' is the correct adjective for 'Total'.";"Etmek | Top | Tutar | Tutmak";"freedict+kelly+frequencywords"
"A2";"Enerji";"ENERGY";"Noun";"945";"AI onaylı";"ai_approved";"ollama:gemma4:12b";"1";"Enerji";"The clue 'Enerji' is a direct and accurate translation.";"Kuvvet | Faaliyet | Kudret";"freedict+kelly+frequencywords"
"A2";"Emir";"DIRECTION";"Noun";"947";"AI reddi";"ai_rejected";"ollama:gemma4:12b";"1";"Yön";"The current clue 'Emir' means 'Order' or 'Command', which is not the primary meaning of 'Direction' in this context. 'Yön' is the correct single-word synonym.";"Taraf | Yön | İdare | Talimat";"freedict+kelly+frequencywords"
"A2";"Daire";"DEPARTMENT";"Noun";"948";"AI reddi";"ai_rejected";"ollama:gemma4:12b";"1";"Bölüm";"The clue 'Daire' is ambiguous and often refers to a circle or a specific administrative office. 'Bölüm' is the standard term for 'Department'.";"Kol";"freedict+kelly+frequencywords"
"A2";"Yol";"MEASURE";"Noun";"949";"AI reddi";"ai_rejected";"ollama:gemma4:12b";"1";"Ölçü";"The clue 'Yol' means 'Way' or 'Road'. 'Ölçü' is the correct translation for 'Measure' as a noun.";"Derece | Düzgün | Kanun | Miktar";"freedict+kelly+frequencywords"
"A2";"Farkında";"AWARE";"Adjective";"950";"AI onaylı";"ai_approved";"ollama:gemma4:12b";"1";"Farkında";"The clue 'Farkında' is a correct and common single-word equivalent for 'Aware' at the A2 level.";"Haberdar | Vakıf";"freedict+kelly+frequencywords"
"A2";"Engel";"DIFFICULTY";"Noun";"952";"AI reddi";"ai_rejected";"ollama:gemma4:12b";"1";"Zorluk";"The clue 'Engel' means 'Obstacle'. 'Zorluk' is the direct and accurate translation for 'Difficulty'.";"Sıkıntı | İtiraz";"freedict+kelly+frequencywords"
"A2";"Öğretim";"TEACHING";"Noun";"955";"AI onaylı";"ai_approved";"ollama:gemma4:12b";"1";"Öğretim";"The clue 'Öğretim' is a direct and accurate translation for 'Teaching' as a noun.";"Öğretme | Telkin";"freedict+kelly+frequencywords"
"A2";"Tam";"EXPRESS";"Verb";"958";"AI reddi";"ai_rejected";"ollama:gemma4:12b";"0.95";"İfade";"The clue 'Tam' (Full/Complete) is not a standard translation for the verb 'Express'. 'İfade' or 'Belirt' would be more appropriate.";"Özel | Açık | Kesin | Belli";"freedict+kelly+frequencywords"
"A2";"Yol";"ROUTE";"Noun";"959";"AI onaylı";"ai_approved";"ollama:gemma4:12b";"1";"Yol";"The clue 'Yol' is a common and accurate translation for 'Route'.";"Rota";"freedict+kelly+frequencywords"
"A2";"Konusunda";"RESPECT";"Noun";"960";"AI reddi";"ai_rejected";"ollama:gemma4:12b";"0.95";"Saygı";"The clue 'Konusunda' (Regarding/About) is unrelated to the meaning of 'Respect'. 'Saygı' is the correct translation.";"Saygı | Yön | İtibar | Hürmet";"freedict+kelly+frequencywords"
"A2";"Uygun";"SUITABLE";"Adjective";"961";"AI onaylı";"ai_approved";"ollama:gemma4:12b";"1";"Uygun";"The clue 'Uygun' is a precise and common translation for 'Suitable'.";"Yerinde | Münasip";"freedict+kelly+frequencywords"
"A2";"Tutmak";"CATCH";"Verb";"963";"AI reddi";"ai_rejected";"ollama:gemma4:12b";"1";"Yakalamak";"The current clue 'Tutmak' (to hold) is a different verb. 'Yakalamak' is the correct single-word translation for 'Catch'.";"Çekmek | Vurmak | Bölüm | Parça";"freedict+kelly+frequencywords"
"A2";"Toplamak";"COMBINE";"Verb";"969";"İnsan incelemesi";"needs_review";"ollama:gemma4:12b";"0.9";"Birleştirmek";"The clue 'Toplamak' (to collect/gather) is related but 'Birleştirmek' is a more precise synonym for 'Combine'.";"Birlik | Karıştırmak | Birleştirmek | Uzlaşma";"freedict+kelly+frequencywords"
"A2";"Teklif";"PROPOSAL";"Noun";"970";"AI onaylı";"ai_approved";"ollama:gemma4:12b";"1";"Teklif";"The clue is accurate, single-word, and matches the part of speech and level.";"";"freedict+kelly+frequencywords"
"A2";"Hedef";"GOAL";"Noun";"971";"AI onaylı";"ai_approved";"ollama:gemma4:12b";"1";"Hedef";"The clue is accurate, single-word, and matches the part of speech and level.";"Nişan";"freedict+kelly+frequencywords"
"A2";"Anlaşma";"CONTRACT";"Noun";"972";"İnsan incelemesi";"needs_review";"ollama:gemma4:12b";"0.9";"Sözleşme";"The clue 'Anlaşma' (agreement) is acceptable, but 'Sözleşme' is the more specific legal term for 'Contract'.";"Almak | Kontrat | Anlaşmalı | Yakalanmak";"freedict+kelly+frequencywords"
"A2";"Bakmak";"SURVEY";"Noun";"973";"AI reddi";"ai_rejected";"ollama:gemma4:12b";"1";"Anket";"The clue 'Bakmak' is too broad and ambiguous for 'Survey'. 'Anket' or 'İnceleme' would be more accurate.";"Düşünmek | Muayene | Teftiş | Yoklama";"freedict+kelly+frequencywords"
"A2";"İsrail";"ISRAEL";"Noun";"974";"AI reddi";"ai_rejected";"ollama:gemma4:12b";"1";"İsrail";"The clue is a direct translation of the proper noun. While correct, it's not a 'clue' in the sense of a synonym or definition.";"";"freedict+kelly+frequencywords"
"A2";"Desteklemek";"ASSIST";"Verb";"976";"AI onaylı";"ai_approved";"ollama:gemma4:12b";"1";"Desteklemek";"The clue is a precise, single-word synonym for the verb 'Assist'.";"İmdat";"freedict+kelly+frequencywords"
"A2";"Sahibi";"WORTH";"Adjective";"977";"AI reddi";"ai_rejected";"ollama:gemma4:12b";"1";"Değer";"The clue 'Sahibi' means 'owner', which is incorrect for 'Worth' (value/worth).";"Değer | Servet | Layık | Bedel";"freedict+kelly+frequencywords"
"A2";"Öncelik";"INITIATIVE";"Noun";"987";"AI reddi";"ai_rejected";"ollama:gemma4:12b";"1";"Girişim";"The clue 'Öncelik' means 'priority'. 'Girişim' is the correct translation for 'Initiative'.";"Başlatan";"freedict+kelly+frequencywords"
"A2";"Fikir";"THOUGHT";"Noun";"988";"İnsan incelemesi";"needs_review";"ollama:gemma4:12b";"1";"Düşünce";"The current clue 'Fikir' is valid, but 'Düşünce' is a more direct and common synonym for 'thought' in many contexts. 'Fikir' often leans towards 'idea'.";"Endişe | Düşünce | Görüş | Ümit";"freedict+kelly+frequencywords"
"A2";"Engel";"BAR";"Noun";"989";"AI reddi";"ai_rejected";"ollama:gemma4:12b";"1";"Çubuk";"The clue 'Engel' (barrier/obstacle) is a different concept from 'Bar' (rod/bar). 'Çubuk' is the correct physical noun.";"Kol | Çubuk | Önlemek | Baro";"freedict+kelly+frequencywords"
"A2";"Sıra";"ARRANGE";"Verb";"990";"AI reddi";"ai_rejected";"ollama:gemma4:12b";"1";"Düzenle";"The clue 'Sıra' (order/row) is a noun, while 'Arrange' is a verb. 'Düzenle' is the correct verb form.";"Bitirmek | Anlaşma | Düzeltmek | Hazırlamak";"freedict+kelly+frequencywords"
"A2";"Resmi";"TECHNICAL";"Adjective";"991";"AI reddi";"ai_rejected";"ollama:gemma4:12b";"1";"Teknik";"The clue 'Resmi' means 'official', which is incorrect for 'Technical'. 'Teknik' is the correct translation.";"Teknik | Mesleki";"freedict+kelly+frequencywords"
"A2";"Kanada";"CANADA";"Noun";"992";"AI onaylı";"ai_approved";"ollama:gemma4:12b";"1";"Kanada";"The clue is a direct and correct translation of the proper noun.";"";"freedict+kelly+frequencywords"
"A2";"Deniz";"DEEP";"Adjective";"995";"AI reddi";"ai_rejected";"ollama:gemma4:12b";"1";"Derin";"The current clue 'Deniz' (Sea) is a noun, while 'DEEP' is an adjective. The correct single-word Turkish equivalent is 'Derin'.";"Ağır | Kalın | Derin | Şiddetli";"freedict+kelly+frequencywords"
"A2";"Söz";"VOICE";"Noun";"996";"AI reddi";"ai_rejected";"ollama:gemma4:12b";"1";"Ses";"The current clue 'Söz' (Word/Promise) is not the primary meaning of 'VOICE'. The correct single-word equivalent is 'Ses'.";"Fikir | Ses | Söylemek | Çatı";"freedict+kelly+frequencywords"
"A2";"Yanlış";"TRIP";"Noun";"999";"AI reddi";"ai_rejected";"ollama:gemma4:12b";"1";"Tur";"The current clue 'Yanlış' (Wrong) is an adjective/adverb. 'TRIP' as a noun is 'Tur' or 'Gezi'. 'Hata' would be 'Mistake'.";"Hata | Tur | Çelme";"freedict+kelly+frequencywords"
"A2";"Gerçek";"OBJECTIVE";"Noun";"1000";"AI reddi";"ai_rejected";"ollama:gemma4:12b";"1";"Hedef";"The current clue 'Gerçek' (Truth/Real) is not the primary meaning of 'OBJECTIVE'. The correct single-word equivalent is 'Hedef'.";"Hedef | Objektif";"freedict+kelly+frequencywords"
"A2";"Çıkarmak";"KILL";"Verb";"1001";"AI reddi";"ai_rejected";"ollama:gemma4:12b";"1";"Öldürmek";"The current clue 'Çıkarmak' (To take out/extract) is incorrect. The correct single-word verb is 'Öldürmek'.";"Mahvetmek | Öldürme";"freedict+kelly+frequencywords"
"A2";"Bakmak";"EXAMINE";"Verb";"1002";"İnsan incelemesi";"needs_review";"ollama:gemma4:12b";"1";"İncelemek";"The current clue 'Bakmak' (to look) is too general and doesn't capture the specific meaning of 'examine' (to inspect/study). 'İncelemek' is a better fit.";"Müfettiş";"freedict+kelly+frequencywords"
"A2";"Hükmetmek";"AWARD";"Noun";"1004";"AI reddi";"ai_rejected";"ollama:gemma4:12b";"1";"Ödül";"The clue 'Hükmetmek' (to rule/judge) is a verb, but the word is listed as a Noun. 'Ödül' is the correct noun form.";"";"freedict+kelly+frequencywords"
"A2";"Ayrı";"SEPARATE";"Adjective";"1005";"AI reddi";"ai_rejected";"ollama:gemma4:12b";"1";"Ayrı";"The word 'SEPARATE' is a Verb, but the clue 'Ayrı' is an Adjective. The clue should be 'Ayırmak'.";"Ayrılma | Ayrılmış | Ayrılmak | Ayırma";"freedict+kelly+frequencywords"
"A2";"Pek";"FIRM";"Noun";"1015";"İnsan incelemesi";"needs_review";"ollama:gemma4:12b";"1";"Sert";"The word is listed as a Noun, but 'Pek' is an adverb. 'Sert' or 'Katı' are better adjectives, but since it's a Noun, 'Şirket' is an alternative, but 'Sert' is the most common meaning.";"Sert | Sıkı | Katı | Şirket";"freedict+kelly+frequencywords"
"A2";"Acele";"PRESS";"Noun";"1016";"AI reddi";"ai_rejected";"ollama:gemma4:12b";"1";"Basın";"The clue 'Acele' (hurry) is unrelated to 'Press' (press/pressurize). 'Basın' or 'Baskı' are correct.";"Basın | Baskı | Kalabalık | Sıkmak";"freedict+kelly+frequencywords"
"A2";"Hafıza";"MEMORY";"Noun";"1019";"AI onaylı";"ai_approved";"ollama:gemma4:12b";"1";"Hafıza";"The clue 'Hafıza' is a precise, single-word synonym for 'Memory' at the A2 level.";"Zihin | Anısına | Bellek";"freedict+kelly+frequencywords"
"A2";"Yüzey";"SURFACE";"Noun";"1023";"AI onaylı";"ai_approved";"ollama:gemma4:12b";"0.95";"Yüzey";"The current clue 'Yüz' can mean 'face' or 'hundred'. 'Yüzey' is the more accurate single-word term for 'Surface'.";"Dış | Düzey | Yüzeysel | Görünüşte";"freedict+kelly+frequencywords"
"A2";"Konsey";"COUNCIL";"Noun";"1024";"AI onaylı";"ai_approved";"ollama:gemma4:12b";"0.9";"Konsey";"While 'Meclis' is correct, 'Konsey' is a very common and clear synonym for 'Council'.";"Konsey | Divan";"freedict+kelly+frequencywords"
"A2";"Başarı";"SPEED";"Noun";"1025";"AI reddi";"ai_rejected";"ollama:gemma4:12b";"1";"Hız";"The current clue 'Başarı' means 'success', which is incorrect for 'Speed'. 'Hız' is the correct translation.";"Geçirmek | Sürat";"freedict+kelly+frequencywords"
"A2";"Doğurmak";"GENERATE";"Verb";"1029";"AI reddi";"ai_rejected";"ollama:gemma4:12b";"1";"Üretmek";"The clue 'Doğurmak' means 'to give birth'. 'Üretmek' is the correct technical and general term for 'Generate'.";"";"freedict+kelly+frequencywords"
"A2";"Meydan";"COURT";"Noun";"1031";"İnsan incelemesi";"needs_review";"ollama:gemma4:12b";"0.85";"Saray";"The word 'Court' is polysemous (Saray, Saha, Mahkeme). 'Meydan' is not a standard translation for 'Court'.";"Saray | Saha | Aramak | Avlu";"freedict+kelly+frequencywords"
"A2";"Güven";"CREDIT";"Noun";"1035";"İnsan incelemesi";"needs_review";"ollama:gemma4:12b";"0.9";"Kredi";"The clue 'Güven' is a general meaning, but 'Kredi' is the specific term for 'Credit' in most contexts.";"Kredi | Emniyet | Şeref | İtibar";"freedict+kelly+frequencywords"
"A2";"Tema";"THEME";"Noun";"1036";"AI onaylı";"ai_approved";"ollama:gemma4:12b";"0.95";"Tema";"While 'Konu' is acceptable, 'Tema' is the direct equivalent. However, 'Konu' is widely understood.";"Madde | Mevzu | Gövde | Tema";"freedict+kelly+frequencywords"
"A2";"Durum";"STATUS";"Noun";"1037";"AI onaylı";"ai_approved";"ollama:gemma4:12b";"1";"Durum";"The clue 'Durum' is a precise and common translation for 'Status' at A2 level.";"Rol | Hal | Vaziyet";"freedict+kelly+frequencywords"
"A2";"Kalkmak";"ARISE";"Verb";"1041";"İnsan incelemesi";"needs_review";"ollama:gemma4:12b";"0.9";"Uyanmak";"Kalkmak (to get up) ve Uyanmak (to wake up) anlamları ARISE için karıştırılabilir; 'Uyanmak' veya 'Ortaya çıkmak' daha spesifik olabilir.";"Doğmak";"freedict+kelly+frequencywords"
"A2";"Süre";"LENGTH";"Noun";"1043";"İnsan incelemesi";"needs_review";"ollama:gemma4:12b";"0.95";"Uzunluk";"Süre (duration) ve Uzunluk (length) farklı kavramlardır. 'Uzunluk' fiziksel ölçü için daha uygundur.";"Boy | Mesafe | Müddet";"freedict+kelly+frequencywords"
"A2";"Söylemek";"SUBMIT";"Verb";"1045";"AI reddi";"ai_rejected";"ollama:gemma4:12b";"1";"Sunmak";"Söylemek (to say) yanlış bir çeviridir. Submit fiili 'Sunmak' veya 'Teslim etmek' anlamına gelir.";"";"freedict+kelly+frequencywords"
"A2";"Durum";"LAY";"Verb";"1048";"AI reddi";"ai_rejected";"ollama:gemma4:12b";"1";"Yatırmak";"Durum (situation) kelimesi LAY fiili ile eşleşmez. LAY fiili 'Yatırmak' veya 'Yumurtlamak' anlamındadır.";"Koymak | Yakalamak | Toplamak | Şiir";"freedict+kelly+frequencywords"
"A2";"Şans";"HIT";"Verb";"1049";"AI reddi";"ai_rejected";"ollama:gemma4:12b";"1";"Vurmak";"Şans (luck/chance) kelimesi HIT fiili ile eşleşmez. HIT fiili 'Vurmak' veya 'Çarpmak' anlamına gelir.";"Darbe | Varmak | Başarı | Saldırmak";"freedict+kelly+frequencywords"
"A2";"İdare";"GUIDANCE";"Noun";"1050";"İnsan incelemesi";"needs_review";"ollama:gemma4:12b";"0.9";"Kılavuzluk";"The current clue 'İdare' is ambiguous and can mean 'management' or 'management/handling'. 'Kılavuzluk' or 'Rehberlik' is a more precise synonym for Guidance.";"Rehberlik | İşaret | Kılavuz";"freedict+kelly+frequencywords"
"A2";"Göstermek";"MARK";"Verb";"1053";"AI reddi";"ai_rejected";"ollama:gemma4:12b";"0.95";"İşaret";"The clue 'Göstermek' is a verb (to show), but 'Mark' as a noun is 'İşaret'. Since the part of speech is Noun, the clue must be a noun.";"Hedef | Yazmak | Nişan | Marka";"freedict+kelly+frequencywords"
"A2";"Takma";"ASSUME";"Verb";"1054";"AI reddi";"ai_rejected";"ollama:gemma4:12b";"0.95";"Varsaymak";"The clue 'Takma' means 'nickname' or 'alias'. 'Assume' means 'to suppose' or 'to take on'. 'Varsaymak' is the correct verb form.";"Hayali | Mağrur";"freedict+kelly+frequencywords"
"A2";"Ara";"DISTANCE";"Noun";"1056";"AI reddi";"ai_rejected";"ollama:gemma4:12b";"0.98";"Mesafe";"The clue 'Ara' is a verb (to search/space between). 'Distance' as a noun is 'Mesafe'. 'Ara' is too ambiguous.";"Mesafe | Aralık | Müddet | Menzil";"freedict+kelly+frequencywords"
"A2";"Koruma";"PROTECTION";"Noun";"1057";"AI onaylı";"ai_approved";"ollama:gemma4:12b";"1";"Koruma";"The clue 'Koruma' is a perfect, single-word noun synonym for 'Protection' at A2 level.";"Muhafaza | Barınak";"freedict+kelly+frequencywords"
"A2";"Korumak";"SCREEN";"Noun";"1058";"AI reddi";"ai_rejected";"ollama:gemma4:12b";"1";"Perde";"The clue 'Korumak' (to protect) is a verb, but 'SCREEN' is a noun in this context. 'Perde' is the correct noun equivalent.";"Sinema | Perde | Saklamak | Kafes";"freedict+kelly+frequencywords"
"A2";"Kullanmak";"HANDLE";"Verb";"1059";"AI reddi";"ai_rejected";"ollama:gemma4:12b";"1";"Çözmek";"The clue 'Kullanmak' (to use) is too broad and doesn't specifically target the meaning of 'handle' (to manage/deal with).";"Satmak | Dokunmak | Alet | Bahane";"freedict+kelly+frequencywords"
"A2";"Tartışmak";"ARGUE";"Verb";"1060";"AI onaylı";"ai_approved";"ollama:gemma4:12b";"1";"Tartışmak";"The clue 'Tartışmak' is a direct and accurate translation for 'ARGUE' at A2 level.";"Savunmak";"freedict+kelly+frequencywords"
"A2";"Kaçırmak";"THROW";"Verb";"1061";"AI reddi";"ai_rejected";"ollama:gemma4:12b";"1";"Atmak";"The clue 'Kaçırmak' means 'to miss' or 'to kidnap'. The correct translation for 'THROW' is 'Atmak'.";"Atış | Düşürmek | Atma | Karıştırmak";"freedict+kelly+frequencywords"
"A2";"Mülakat";"INTERVIEW";"Noun";"1064";"AI onaylı";"ai_approved";"ollama:gemma4:12b";"1";"Mülakat";"The clue 'Görüşme' is acceptable, but 'Mülakat' is more specific for 'Interview'. However, 'Görüşme' is a valid single-word clue.";"Görüşmek | Röportaj | Mülakat";"freedict+kelly+frequencywords"
"A2";"Fazla";"PLUS";"Conjunction";"1065";"İnsan incelemesi";"needs_review";"ollama:gemma4:12b";"1";"Dahası";"The clue 'Fazla' (more/excess) is slightly different from 'Plus' as a conjunction/addition. 'Dahası' or 'Artı' is better.";"Ayrıca | Artı | Pozitif";"freedict+kelly+frequencywords"
"A2";"İspanya";"SPAIN";"Noun";"1066";"AI onaylı";"ai_approved";"ollama:gemma4:12b";"1";"İspanya";"The clue is a direct and accurate translation of the country name.";"";"freedict+kelly+frequencywords"
"A2";"Küresel";"GLOBAL";"Adjective";"1070";"AI onaylı";"ai_approved";"ollama:gemma4:12b";"1";"Küresel";"The clue is a direct and accurate translation of the adjective.";"";"freedict+kelly+frequencywords"
"A2";"Örnek";"PATTERN";"Noun";"1071";"İnsan incelemesi";"needs_review";"ollama:gemma4:12b";"1";"Model";"The clue 'Örnek' means 'example'. 'Pattern' is better translated as 'Model' or 'Desen'.";"Model | Numune | Misal";"freedict+kelly+frequencywords"
"A2";"Hiç";"NONE";"Pronoun";"1072";"İnsan incelemesi";"needs_review";"ollama:gemma4:12b";"1";"Hiçbiri";"The clue 'Hiç' is an adverb. 'None' as a pronoun/determiner is better matched by 'Hiçbiri'.";"Asla";"freedict+kelly+frequencywords"
"A2";"Savaş";"FIGHT";"Verb";"1077";"AI onaylı";"ai_approved";"ollama:gemma4:12b";"1";"Savaş";"The clue 'Savaş' is a direct and accurate translation for 'FIGHT' in this context.";"Savaşmak | Mücadele | Dövüş | Dövüşmek";"freedict+kelly+frequencywords"
"A2";"Yapı";"CONSTRUCTION";"Noun";"1079";"AI onaylı";"ai_approved";"ollama:gemma4:12b";"1";"Yapı";"The clue 'Yapı' is a valid and common translation for 'CONSTRUCTION'.";"İnşaat | İnşa";"freedict+kelly+frequencywords"
"A2";"Tartışma";"DEBATE";"Noun";"1082";"AI onaylı";"ai_approved";"ollama:gemma4:12b";"1";"Tartışma";"The clue 'Tartışma' accurately reflects the noun form of 'DEBATE'.";"Tartışmak | Müzakere | Münakaşa";"freedict+kelly+frequencywords"
"A2";"Seminer";"WORKSHOP";"Noun";"1084";"AI reddi";"ai_rejected";"ollama:gemma4:12b";"1";"Atölye";"The clue 'Seminer' is incorrect; 'Workshop' is 'Atölye' in Turkish.";"";"freedict+kelly+frequencywords"
"A2";"Hemen";"DROP";"Verb";"1085";"AI reddi";"ai_rejected";"ollama:gemma4:12b";"1";"Bırakmak";"The clue 'Hemen' means 'immediately', which is unrelated to the verb 'DROP'.";"Çıkmak | Bırakmak | Düşmek | Damla";"freedict+kelly+frequencywords"
"A2";"Yoksa";"OTHERWISE";"Adverb";"1086";"AI onaylı";"ai_approved";"ollama:gemma4:12b";"1";"Yoksa";"The clue 'Yoksa' is a precise and common single-word translation for 'otherwise' in this context.";"Olmazsa";"freedict+kelly+frequencywords"
"A2";"İhmal";"FAILURE";"Noun";"1089";"AI reddi";"ai_rejected";"ollama:gemma4:12b";"1";"Başarısızlık";"The clue 'İhmal' means 'neglect', which is not the primary meaning of 'failure'. 'Başarısızlık' is the correct term.";"Başarısızlık | Kaybolma";"freedict+kelly+frequencywords"
"A2";"Yarış";"RACE";"Noun";"1091";"AI onaylı";"ai_approved";"ollama:gemma4:12b";"1";"Yarış";"The clue 'Yarış' is the most common and accurate single-word translation for 'race'.";"Yuva | Koşu | Kök | Nesil";"freedict+kelly+frequencywords"
"A2";"Memur";"EMPLOYEE";"Noun";"1093";"AI reddi";"ai_rejected";"ollama:gemma4:12b";"1";"Çalışan";"The clue 'Memur' specifically means 'civil servant' or 'official'. 'Çalışan' is the accurate general term for 'employee'.";"İşçi";"freedict+kelly+frequencywords"
"A2";"Şüphe";"DOUBT";"Noun";"1094";"AI onaylı";"ai_approved";"ollama:gemma4:12b";"1";"Şüphe";"The clue 'Şüphe' is the standard and accurate translation for 'doubt'.";"Tereddüt | Güvensizlik";"freedict+kelly+frequencywords"
"A2";"Başta";"AHEAD";"Adverb";"1096";"AI onaylı";"ai_approved";"ollama:gemma4:12b";"0.95";"Başta";"The clue 'Başta' is a valid, single-word Turkish equivalent for 'AHEAD' in many contexts, and the level A2 is appropriate.";"İleri | İleride";"freedict+kelly+frequencywords"
"A2";"Zarar";"DAMAGE";"Noun";"1097";"AI onaylı";"ai_approved";"ollama:gemma4:12b";"0.98";"Zarar";"The clue 'Zarar' is a precise and common single-word translation for 'DAMAGE'.";"Hasar | Fiyat | Ziyan";"freedict+kelly+frequencywords"
"A2";"İncelemek";"INVESTIGATE";"Verb";"1098";"AI onaylı";"ai_approved";"ollama:gemma4:12b";"0.98";"İncelemek";"The clue 'İncelemek' is a standard and accurate translation for 'INVESTIGATE'.";"İnceleme | Teftiş | Tetkik";"freedict+kelly+frequencywords"
"A2";"Hazırlamak";"FIX";"Verb";"1099";"AI reddi";"ai_rejected";"ollama:gemma4:12b";"0.9";"Sabitlemek";"The current clue 'Hazırlamak' means 'prepare', which is not the primary meaning of 'FIX' in this context. 'Sabitlemek' or 'Tamir etmek' would be better, but 'Sabitlemek' fits the single-word rule.";"Yerleştirmek";"freedict+kelly+frequencywords"
"A2";"Tehlikeli";"CRITICAL";"Adjective";"1100";"İnsan incelemesi";"needs_review";"ollama:gemma4:12b";"0.8";"Kritik";"The clue 'Tehlikeli' means 'dangerous'. While 'critical' can imply danger, 'Kritik' is the direct translation. The ambiguity between 'critical' and 'dangerous' requires review.";"Nazik | Tahlili";"freedict+kelly+frequencywords"
"A2";"Görev";"EMPLOYMENT";"Noun";"1103";"AI reddi";"ai_rejected";"ollama:gemma4:12b";"1";"İstihdam";"The clue 'Görev' (Task/Duty) is not a direct synonym for 'Employment' (İstihdam/İş). 'İstihdam' is the correct term.";"Hizmet | Vazife";"freedict+kelly+frequencywords"
"A2";"Geçirmek";"MATCH";"Verb";"1107";"AI reddi";"ai_rejected";"ollama:gemma4:12b";"1";"Eşleşme";"The clue 'Geçirmek' (to spend/pass time) is unrelated to 'Match' in this context. 'Eşleşme' or 'Uyum' is more appropriate.";"Geçmek | Benzer | Maç | Evlenme";"freedict+kelly+frequencywords"
"A2";"Güç";"CAPACITY";"Noun";"1108";"AI reddi";"ai_rejected";"ollama:gemma4:12b";"1";"Kapasite";"The clue 'Güç' (Power/Force) is not the primary meaning of 'Capacity'. 'Kapasite' is the correct term.";"Yetenek | Mevki | İktidar";"freedict+kelly+frequencywords"
"A2";"Aksi";"EDGE";"Noun";"1109";"AI reddi";"ai_rejected";"ollama:gemma4:12b";"1";"Kenar";"The clue 'Aksi' (Opposite/Contrary) is incorrect for 'Edge'. 'Kenar' or 'Sınır' is the correct term.";"Sınır | Sinirli | Endişeli | Ağız";"freedict+kelly+frequencywords"
"A2";"Yiyecek";"DRUG";"Noun";"1113";"AI reddi";"ai_rejected";"ollama:gemma4:12b";"1";"İlaç";"The clue 'Yiyecek' (Food) is completely incorrect for 'Drug'. 'İlaç' is the correct term.";"Esrar | İçecek | Ecza";"freedict+kelly+frequencywords"
"A2";"Gerçek";"REALITY";"Noun";"1114";"AI onaylı";"ai_approved";"ollama:gemma4:12b";"1";"Gerçek";"The clue 'Gerçek' is a direct and accurate translation for 'Reality' at A2 level.";"Gerçeklik | Hakikat";"freedict+kelly+frequencywords"
"A2";"Ayrı";"APART";"Adverb";"1115";"AI onaylı";"ai_approved";"ollama:gemma4:12b";"1";"Ayrı";"The clue 'Ayrı' correctly reflects the adverbial meaning of 'Apart'.";"Uzaklaşmak";"freedict+kelly+frequencywords"
"A2";"Sonuç";"OUTCOME";"Noun";"1118";"AI onaylı";"ai_approved";"ollama:gemma4:12b";"1";"Sonuç";"The clue 'Sonuç' is the standard translation for 'Outcome'.";"";"freedict+kelly+frequencywords"
"A2";"İtalya";"ITALIAN";"Adjective";"1120";"AI reddi";"ai_rejected";"ollama:gemma4:12b";"0.95";"İtalyan";"The current clue 'İtalya' is a noun (country), while 'Italian' is an adjective/noun (nationality/language). 'İtalyan' is the correct single-word clue.";"İtalyanca | İtalyan";"freedict+kelly+frequencywords"
"A2";"Çoğunlukla";"USUAL";"Adjective";"1121";"İnsan incelemesi";"needs_review";"ollama:gemma4:12b";"0.85";"Olağan";"The clue 'Çoğunlukla' means 'mostly/usually' (adverb), but 'Usual' is an adjective. 'Olağan' is a better fit for the word class.";"Olağan | Alışılmış";"freedict+kelly+frequencywords"
"A2";"Pervane";"FAN";"Noun";"1123";"AI onaylı";"ai_approved";"ollama:gemma4:12b";"1";"Pervane";"The clue 'Pervane' is a precise, single-word Turkish equivalent for 'Fan' at the A2 level.";"";"freedict+kelly+frequencywords"
"A2";"Çinli";"CHINESE";"Adjective";"1125";"İnsan incelemesi";"needs_review";"ollama:gemma4:12b";"0.9";"Çince";"The current clue 'Çinli' means 'Chinese (person)', while the word is an adjective/noun for the language. 'Çince' is more accurate.";"Çince";"freedict+kelly+frequencywords"
"A2";"Hava";"SPIRIT";"Noun";"1126";"İnsan incelemesi";"needs_review";"ollama:gemma4:12b";"0.9";"Ruh";"The clue 'Hava' is ambiguous and doesn't match the primary meaning of 'Spirit' in this context. 'Ruh' is a better single-word clue.";"Hayalet | Peri | Cin | Önder";"freedict+kelly+frequencywords"
"A2";"Kurul";"COMMITTEE";"Noun";"1127";"AI onaylı";"ai_approved";"ollama:gemma4:12b";"1";"Kurul";"The clue 'Kurul' is a correct and common single-word translation for 'Committee'.";"Komite";"freedict+kelly+frequencywords"
"A2";"Toplantı";"HIGHLIGHT";"Verb";"1129";"AI reddi";"ai_rejected";"ollama:gemma4:12b";"1";"Vurgu";"The clue 'Toplantı' means 'Meeting' and is completely unrelated to 'Highlight'. 'Vurgu' or 'Öneçikmek' would be better.";"Opera";"freedict+kelly+frequencywords"
"A2";"Saygı";"CONSIDERATION";"Noun";"1130";"AI reddi";"ai_rejected";"ollama:gemma4:12b";"1";"Düşünce";"The clue 'Saygı' (Respect) is not a direct synonym for 'Consideration' in this context. 'Düşünce' or 'Dikkate alma' is more accurate.";"Karşılık | Düşünce | Önem | Bedel";"freedict+kelly+frequencywords"
"A2";"Sakin";"RESIDENT";"Noun";"1131";"AI onaylı";"ai_approved";"ollama:gemma4:12b";"0.95";"Sakin";"The clue 'Sakin' is a valid and common synonym for 'Resident' in Turkish.";"Oturan | Yerli | Yerleşmiş";"freedict+kelly+frequencywords"
"A2";"Tartışma";"ARGUMENT";"Noun";"1132";"AI onaylı";"ai_approved";"ollama:gemma4:12b";"0.98";"Tartışma";"The clue 'Tartışma' is a precise and common synonym for 'Argument'.";"Yargılama | Münakaşa";"freedict+kelly+frequencywords"
"A2";"Güzel";"FAIR";"Adjective";"1134";"AI reddi";"ai_rejected";"ollama:gemma4:12b";"1";"Adil";"The clue 'Güzel' is ambiguous and can mean 'pretty' or 'nice'. 'Adil' is the correct synonym for 'Fair' in a justice context.";"Doğru | Hoş | Uygun | Temiz";"freedict+kelly+frequencywords"
"A2";"Kazanmak";"PURCHASE";"Verb";"1136";"AI reddi";"ai_rejected";"ollama:gemma4:12b";"1";"";"The clue 'Kazanmak' means 'to win' or 'to earn', not 'to purchase'. 'Satın_alma' is the correct term.";"Alım";"freedict+kelly+frequencywords"
"A2";"Vekil";"REPRESENTATIVE";"Noun";"1139";"İnsan incelemesi";"needs_review";"ollama:gemma4:12b";"1";"Temsilci";"The clue 'Vekil' is specific to a political representative. 'Temsilci' is a more accurate general term for 'Representative' at A2 level.";"Milletvekili";"freedict+kelly+frequencywords"
"A2";"Fazla";"HEAVY";"Adjective";"1142";"AI reddi";"ai_rejected";"ollama:gemma4:12b";"1";"Ağır";"The clue 'Fazla' is an incorrect translation for 'Heavy' in most contexts. 'Ağır' is the correct primary meaning.";"Önemli | Ciddi | Güç | Ağır";"freedict+kelly+frequencywords"
"A2";"Yol";"PATH";"Noun";"1147";"AI onaylı";"ai_approved";"ollama:gemma4:12b";"1";"Yol";"The clue 'Yol' is a correct and common translation for 'Path'.";"Patika";"freedict+kelly+frequencywords"
"A2";"Yabancı";"EXTERNAL";"Adjective";"1152";"AI reddi";"ai_rejected";"ollama:gemma4:12b";"1";"Dış";"The clue 'Yabancı' means 'Foreign' or 'Stranger'. 'Dış' is the correct translation for 'External'.";"Dış | Durumlar | Maddi | Yüzeysel";"freedict+kelly+frequencywords"
"A2";"Koymak";"APPOINT";"Verb";"1154";"AI reddi";"ai_rejected";"ollama:gemma4:12b";"1";"Atamak";"The clue 'Koymak' is too general. 'Atamak' is the specific and correct translation for 'Appoint'.";"";"freedict+kelly+frequencywords"
"A2";"Açmak";"EXPAND";"Verb";"1156";"AI reddi";"ai_rejected";"ollama:gemma4:12b";"1";"Genişletmek";"The clue 'Açmak' is too broad and can mean 'open'. 'Genişletmek' is the precise translation for 'expand'.";"Geliştirmek | Büyütmek | Büyümek | Yaymak";"freedict+kelly+frequencywords"
"A2";"Düzen";"INSTALL";"Verb";"1158";"AI reddi";"ai_rejected";"ollama:gemma4:12b";"1";"Kurmak";"The clue 'Düzen' means 'order' or 'arrangement'. 'Kurmak' is the correct verb for 'install'.";"Düzenlemek | Fabrika";"freedict+kelly+frequencywords"
"A2";"Gelir";"INCOME";"Noun";"1159";"AI onaylı";"ai_approved";"ollama:gemma4:12b";"1";"Gelir";"The clue 'Gelir' is a precise and common translation for 'income'.";"Kazanç";"freedict+kelly+frequencywords"
"A2";"Sıkıntı";"WEIGHT";"Noun";"1160";"AI reddi";"ai_rejected";"ollama:gemma4:12b";"1";"Ağırlık";"The clue 'Sıkıntı' means 'trouble' or 'boredom'. 'Ağırlık' is the correct translation for 'weight'.";"Yük | Önem | Ağırlık | İtibar";"freedict+kelly+frequencywords"
"A2";"Ortam";"SETTING";"Noun";"1167";"İnsan incelemesi";"needs_review";"ollama:gemma4:12b";"0.85";"Ayar";"The clue 'Ortam' can mean 'setting' in a literary sense, but 'Ayar' is more common for technical settings. Ambiguity exists.";"Gurup | Beste";"freedict+kelly+frequencywords"
"A2";"Yemek";"TOUCH";"Noun";"1169";"AI reddi";"ai_rejected";"ollama:gemma4:12b";"1";"Temas";"The current clue 'Yemek' (Food) is completely unrelated to the word 'TOUCH'.";"Dokunma | Koku | Temas | Düzeltmek";"freedict+kelly+frequencywords"
"A2";"Birlik";"ASSOCIATION";"Noun";"1170";"İnsan incelemesi";"needs_review";"ollama:gemma4:12b";"0.9";"Kurum";"The clue 'Birlik' is ambiguous; 'Kurum' or 'Dernek' is more accurate for 'Association'.";"Arkadaşlık | Kurum | Cemiyet";"freedict+kelly+frequencywords"
"A2";"Reddetmek";"REFUSE";"Verb";"1171";"AI onaylı";"ai_approved";"ollama:gemma4:12b";"1";"Reddetmek";"The clue is accurate, single-word, and matches the verb form.";"Vermemek";"freedict+kelly+frequencywords"
"A2";"İçsel";"INTERNAL";"Adjective";"1172";"AI onaylı";"ai_approved";"ollama:gemma4:12b";"0.95";"İçsel";"The clue 'İçten' is acceptable, but 'İçsel' is a more precise adjective.";"Dahili";"freedict+kelly+frequencywords"
"A2";"Açık";"OBVIOUS";"Adjective";"1173";"AI reddi";"ai_rejected";"ollama:gemma4:12b";"1";"Aşikar";"The clue 'Açık' is too broad and can mean 'open' or 'clear'. 'Aşikar' is the precise adjective.";"Apaçık | Besbelli | Açıklık | Aşikar";"freedict+kelly+frequencywords"
"A2";"Emin";"SECURE";"Verb";"1174";"AI reddi";"ai_rejected";"ollama:gemma4:12b";"1";"Güvenceye";"The clue 'Emin' is an adjective/adverb, while 'SECURE' is a verb. 'Güvenceye' or 'Koru' would be better for the verb form.";"Korumak | Şüphesiz | Bağlamak | Korkusuz";"freedict+kelly+frequencywords"
"A2";"Dengelemek";"BALANCE";"Noun";"1181";"AI onaylı";"ai_approved";"ollama:gemma4:12b";"1";"Dengelemek";"The clue is accurate, single-word, and matches the part of speech.";"";"freedict+kelly+frequencywords"
"A2";"Genel";"CATHOLIC";"Adjective";"1185";"AI reddi";"ai_rejected";"ollama:gemma4:12b";"1";"Katolik";"The clue 'Genel' is a false friend or incorrect translation for 'Catholic'. It should be 'Katolik'.";"Evrensel | Umumi";"freedict+kelly+frequencywords"
"A2";"Geçirmek";"CROSS";"Verb";"1186";"AI reddi";"ai_rejected";"ollama:gemma4:12b";"1";"Çarpı";"The clue 'Geçirmek' is ambiguous for 'Cross'. 'Çarpı' or 'Kesişmek' is more specific, but 'Geçirmek' is often used for 'experience'.";"Ters | Dert | Bozmak | Aksi";"freedict+kelly+frequencywords"
"A2";"Temsilci";"AGENT";"Noun";"1187";"AI onaylı";"ai_approved";"ollama:gemma4:12b";"1";"Temsilci";"The clue is accurate and fits the noun category.";"Fail";"freedict+kelly+frequencywords"
"A2";"Mükemmel";"IDEAL";"Adjective";"1188";"AI onaylı";"ai_approved";"ollama:gemma4:12b";"1";"Mükemmel";"The clue 'Mükemmel' is a perfect single-word synonym for 'Ideal' at A2 level.";"Kusursuz | Üstün | İdeal";"freedict+kelly+frequencywords"
"A2";"Japon";"JAPANESE";"Adjective";"1189";"AI onaylı";"ai_approved";"ollama:gemma4:12b";"1";"Japon";"The clue 'Japon' correctly identifies the nationality/language adjective at A2 level.";"Japonca";"freedict+kelly+frequencywords"
"A2";"Kan";"BLOOD";"Noun";"1190";"AI onaylı";"ai_approved";"ollama:gemma4:12b";"1";"Kan";"The primary meaning 'Kan' is clear and appropriate for the noun 'Blood'.";"Asalet | Huy";"freedict+kelly+frequencywords"
"A2";"Tarihi";"HISTORICAL";"Adjective";"1191";"AI onaylı";"ai_approved";"ollama:gemma4:12b";"1";"Tarihi";"The clue 'Tarihi' is a standard and accurate translation for 'Historical'.";"Tarihsel";"freedict+kelly+frequencywords"
"A2";"Tamamen";"STOCK";"Noun";"1192";"AI reddi";"ai_rejected";"ollama:gemma4:12b";"0.9";"Stok";"The clue 'Tamamen' (completely) is incorrect for 'Stock'. The word 'Stock' usually refers to inventory or lineage, but 'Tamamen' is an adverb.";"Asıl | Nesil | Irk | Soy";"freedict+kelly+frequencywords"
"A2";"Düşünmek";"SUPPOSE";"Verb";"1193";"İnsan incelemesi";"needs_review";"ollama:gemma4:12b";"0.9";"Varsaymak";"The clue 'Düşünmek' is too broad for 'Suppose'. 'Varsaymak' is a more precise single-word synonym.";"Güya";"freedict+kelly+frequencywords"
"A2";"Haber";"NOTICE";"Noun";"1196";"AI reddi";"ai_rejected";"ollama:gemma4:12b";"0.95";"İlan";"The clue 'Haber' is ambiguous. 'Notice' as a noun usually means 'İlan' or 'Uyarı'. 'Haber' is too general.";"Bilgi | Saygı | Bahsetmek | Görülebilir";"freedict+kelly+frequencywords"
"A2";"Davranış";"ATTITUDE";"Noun";"1198";"AI onaylı";"ai_approved";"ollama:gemma4:12b";"0.95";"Davranış";"The clue 'Davranış' is a correct and common single-word synonym for 'Attitude'.";"Tavır | Tutum";"freedict+kelly+frequencywords"
"A2";"Taş";"STONE";"Noun";"1199";"AI onaylı";"ai_approved";"ollama:gemma4:12b";"1";"Taş";"The clue 'Taş' is a direct and accurate translation for 'Stone'.";"";"freedict+kelly+frequencywords"
"A2";"Temiz";"FRESH";"Adjective";"1200";"AI reddi";"ai_rejected";"ollama:gemma4:12b";"0.95";"Taze";"The clue 'Temiz' means 'Clean'. 'Fresh' should be 'Taze' to avoid confusion with 'Clean'.";"Canlı | Taze | Acemi | Yeni";"freedict+kelly+frequencywords"
"A2";"Cihaz";"ENGINE";"Noun";"1203";"AI reddi";"ai_rejected";"ollama:gemma4:12b";"1";"Motor";"The clue 'Cihaz' (Device) is too broad and ambiguous for 'ENGINE'. 'Motor' is the precise technical term.";"Makina";"freedict+kelly+frequencywords"
"A2";"Harika";"WONDER";"Verb";"1204";"İnsan incelemesi";"needs_review";"ollama:gemma4:12b";"0.9";"Mucize";"The clue 'Harika' is an adjective, but 'WONDER' is used as a noun/verb here. 'Mucize' is a better noun equivalent.";"Düşünmek | Mucize | Hayret | Şaşkınlık";"freedict+kelly+frequencywords"
"A2";"Kapı";"OPENING";"Noun";"1205";"AI reddi";"ai_rejected";"ollama:gemma4:12b";"1";"Açılış";"The clue 'Kapı' means 'Door'. 'Opening' as a noun means 'Açılış' or 'Açık'.";"Fırsat | Başlangıç | Delik | Açma";"freedict+kelly+frequencywords"
"A2";"Sürmek";"PUSH";"Verb";"1209";"AI reddi";"ai_rejected";"ollama:gemma4:12b";"1";"İtmek";"The clue 'Sürmek' means 'to drive' or 'to continue'. 'Push' means 'İtmek'.";"Saldırmak | Sıkıntı | Yürütmek | Hücum";"freedict+kelly+frequencywords"
"A2";"Birleştirmek";"INCORPORATE";"Verb";"1211";"AI onaylı";"ai_approved";"ollama:gemma4:12b";"0.95";"Birleştirmek";"The clue 'Birleştirmek' is a correct and common translation for 'Incorporate' in this context.";"Birleşmek";"freedict+kelly+frequencywords"
"A2";"Bütçe";"BUDGET";"Noun";"1216";"AI onaylı";"ai_approved";"ollama:gemma4:12b";"1";"Bütçe";"The clue 'Bütçe' is a direct and accurate translation of 'Budget' and fits the A2 level.";"Stok";"freedict+kelly+frequencywords"
"A2";"Resim";"TAX";"Noun";"1218";"AI reddi";"ai_rejected";"ollama:gemma4:12b";"1";"Vergi";"The current clue 'Resim' means 'Picture' or 'Image', which is incorrect for 'Tax'. 'Vergi' is the correct term.";"Vergi | Yük | Yüklemek";"freedict+kelly+frequencywords"
"A2";"Gerçekten";"ACTUAL";"Adjective";"1219";"İnsan incelemesi";"needs_review";"ollama:gemma4:12b";"0.85";"Gerçek";"The clue 'Gerçekten' is an adverb (Really), while 'Actual' is an adjective. 'Gerçek' is a better fit for the part of speech.";"Gerçek | Asıl | Hakiki";"freedict+kelly+frequencywords"
"A2";"Sonuç";"CONSEQUENCE";"Noun";"1220";"AI onaylı";"ai_approved";"ollama:gemma4:12b";"1";"Sonuç";"The clue 'Sonuç' is a precise and common translation for 'Consequence'.";"Eser | Netice";"freedict+kelly+frequencywords"
"A2";"Kaya";"ROCK";"Noun";"1221";"AI onaylı";"ai_approved";"ollama:gemma4:12b";"1";"Kaya";"The clue 'Kaya' is a correct and standard translation for 'Rock'.";"Elmas | Sallama | Sallamak";"freedict+kelly+frequencywords"
"A2";"Emir";"INSTRUCTION";"Noun";"1223";"AI reddi";"ai_rejected";"ollama:gemma4:12b";"1";"Talimat";"The current clue 'Emir' (Order/Command) is not the best fit for 'Instruction'. 'Talimat' is the standard translation.";"Eğitim | Talimat | Talim | Öğrenim";"freedict+kelly+frequencywords"
"A2";"Oyun";"DEVICE";"Noun";"1229";"AI reddi";"ai_rejected";"ollama:gemma4:12b";"1";"Cihaz";"The clue 'Oyun' (Game) is incorrect for 'Device'. 'Cihaz' is the correct single-word synonym.";"Resim | Alet | İcat | Nisan";"freedict+kelly+frequencywords"
"A2";"Hata";"ERROR";"Noun";"1231";"AI onaylı";"ai_approved";"ollama:gemma4:12b";"0.95";"Hata";"The clue 'Yanlış' is acceptable, but 'Hata' is the more precise noun for 'Error'.";"Hata | Günah";"freedict+kelly+frequencywords"
"A2";"Gerçek";"TRUTH";"Noun";"1232";"AI onaylı";"ai_approved";"ollama:gemma4:12b";"0.98";"Gerçek";"The clue 'Gerçek' is a perfect match for 'Truth'.";"Hak | Gerçeklik | Sadakat | Doğruluk";"freedict+kelly+frequencywords"
"A2";"Dahil";"INSIDE";"Preposition";"1238";"AI reddi";"ai_rejected";"ollama:gemma4:12b";"1";"İçeride";"The clue 'Dahil' means 'Included'. 'İçeride' or 'İçerisi' is the correct spatial preposition for 'Inside'.";"İçerisinde | İçeriye";"freedict+kelly+frequencywords"
"A2";"Olay";"APPEARANCE";"Noun";"1239";"AI reddi";"ai_rejected";"ollama:gemma4:12b";"1";"Görünüş";"The current clue 'Olay' means 'event', which is incorrect for 'appearance'. 'Görünüş' is the correct single-word synonym.";"Gösteriş | Görünüş | Hadise";"freedict+kelly+frequencywords"
"A2";"Meslektaş";"COLLEAGUE";"Noun";"1242";"AI onaylı";"ai_approved";"ollama:gemma4:12b";"1";"Meslektaş";"The clue is accurate, single-word, and matches the word class and level.";"";"freedict+kelly+frequencywords"
"A2";"Yağ";"OIL";"Noun";"1243";"AI onaylı";"ai_approved";"ollama:gemma4:12b";"1";"Yağ";"The clue is accurate and unambiguous.";"Petrol";"freedict+kelly+frequencywords"
"A2";"Yemek";"FEED";"Verb";"1246";"AI reddi";"ai_rejected";"ollama:gemma4:12b";"1";"Beslemek";"The clue 'Yemek' is a noun, but 'FEED' is a verb. 'Beslemek' is the correct verb form.";"Yiyecek | Yem | Beslemek | Desteklemek";"freedict+kelly+frequencywords"
"A2";"Doğru";"PROPER";"Adjective";"1250";"İnsan incelemesi";"needs_review";"ollama:gemma4:12b";"0.85";"Uygun";"The word 'Proper' can mean 'correct' or 'appropriate'. 'Uygun' is a more precise single-word synonym for the adjective.";"Tam | Gerçek | Uygun | Layık";"freedict+kelly+frequencywords"
"A2";"Gerçekten";"TRULY";"Adverb";"1251";"AI onaylı";"ai_approved";"ollama:gemma4:12b";"1";"Gerçekten";"The clue 'Gerçekten' is a perfect single-word synonym for 'Truly' at A2 level.";"Tamamen | Hakikaten | Kanunen | Sadakatle";"freedict+kelly+frequencywords"
"A2";"Tavsiye";"RECOMMENDATION";"Noun";"1253";"AI onaylı";"ai_approved";"ollama:gemma4:12b";"1";"Tavsiye";"The clue 'Tavsiye' is a direct and accurate translation for 'Recommendation'.";"";"freedict+kelly+frequencywords"
"A2";"Mevcut";"STORE";"Noun";"1254";"İnsan incelemesi";"needs_review";"ollama:gemma4:12b";"0.9";"Mağaza";"The current clue 'Mevcut' means 'available' or 'existing'. 'Store' as a noun usually means 'Mağaza'. 'Depo' is also possible but 'Mağaza' is more common.";"Saklamak | Stok | Ambar | Bolluk";"freedict+kelly+frequencywords"
"A2";"Tamamen";"ENTIRELY";"Adverb";"1255";"AI onaylı";"ai_approved";"ollama:gemma4:12b";"1";"Tamamen";"The clue 'Tamamen' is a precise single-word synonym for 'Entirely'.";"Büsbütün";"freedict+kelly+frequencywords"
"A2";"Ses";"BEAT";"Verb";"1259";"AI reddi";"ai_rejected";"ollama:gemma4:12b";"0.95";"Vurmak";"The current clue 'Ses' means 'sound/noise'. 'Beat' as a verb means 'Vurmak' or 'Yenmek'. 'Ses' is incorrect.";"Darbe | Yenmek | Vuruş | Dövmek";"freedict+kelly+frequencywords"
"A2";"Profil";"PROFILE";"Noun";"1260";"AI onaylı";"ai_approved";"ollama:gemma4:12b";"1";"Profil";"The clue 'Profil' is a direct and accurate translation for the noun 'PROFILE' at A2 level.";"Grafik";"freedict+kelly+frequencywords"
"A2";"Düzeltmek";"EDIT";"Verb";"1261";"AI onaylı";"ai_approved";"ollama:gemma4:12b";"1";"Düzeltmek";"The clue 'Düzeltmek' is a standard and correct translation for the verb 'EDIT'.";"Düzenlemek";"freedict+kelly+frequencywords"
"A2";"Tehdit";"THREAT";"Noun";"1264";"AI onaylı";"ai_approved";"ollama:gemma4:12b";"1";"Tehdit";"The clue 'Tehdit' is the most accurate single-word translation for 'THREAT'.";"Tehlike | Korkutma | Gözdağı";"freedict+kelly+frequencywords"
"A2";"Dağıtım";"DISTRIBUTION";"Noun";"1265";"AI onaylı";"ai_approved";"ollama:gemma4:12b";"1";"Dağıtım";"The clue 'Dağıtım' is the standard translation for 'DISTRIBUTION'.";"Bölme | Dağıtma | Taksim | Yayılma";"freedict+kelly+frequencywords"
"A2";"Latince";"LATIN";"Noun";"1266";"AI onaylı";"ai_approved";"ollama:gemma4:12b";"1";"Latince";"The clue 'Latince' is the correct translation for the language 'LATIN'.";"Latin";"freedict+kelly+frequencywords"
"A2";"Müslüman";"MUSLIM";"Noun";"1267";"AI onaylı";"ai_approved";"ollama:gemma4:12b";"1";"Müslüman";"The clue is accurate, single-word, and matches the word type and level.";"";"freedict+kelly+frequencywords"
"A2";"Bereketli";"PLENTY";"Pronoun";"1268";"AI reddi";"ai_rejected";"ollama:gemma4:12b";"0.9";"Bolca";"The current clue 'Bereketli' means 'blessed/fruitful', while 'Bolca' or 'Çok' is the correct translation for 'Plenty'.";"Bolluk";"freedict+kelly+frequencywords"
"A2";"Adına";"BEHALF";"Noun";"1269";"AI onaylı";"ai_approved";"ollama:gemma4:12b";"1";"Adına";"The clue is accurate and fits the context of the word.";"Yan";"freedict+kelly+frequencywords"
"A2";"İzin";"PERMISSION";"Noun";"1270";"AI onaylı";"ai_approved";"ollama:gemma4:12b";"1";"İzin";"The clue is accurate and matches the word type.";"Müsaade | Ruhsat";"freedict+kelly+frequencywords"
"A2";"Denemek";"APPROVE";"Verb";"1271";"AI reddi";"ai_rejected";"ollama:gemma4:12b";"0.95";"Onaylamak";"The current clue 'Denemek' means 'to try', which is incorrect for 'Approve'. 'Onaylamak' is the correct translation.";"Onaylamak";"freedict+kelly+frequencywords"
"A2";"Durum";"SHAPE";"Noun";"1272";"AI reddi";"ai_rejected";"ollama:gemma4:12b";"1";"Kalıp";"The clue 'Durum' is ambiguous and can mean 'situation' or 'condition'. 'Kalıp' is a more accurate single-word synonym for 'shape' in many contexts.";"Hayal | Hayalet | Kalıp | Hal";"freedict+kelly+frequencywords"
"A2";"Tutmak";"OBSERVE";"Verb";"1273";"AI reddi";"ai_rejected";"ollama:gemma4:12b";"1";"İzlemek";"The clue 'Tutmak' is incorrect for 'observe'. 'İzlemek' or 'Gözlemlemek' are correct synonyms.";"Kutlamak";"freedict+kelly+frequencywords"
"A2";"Yardım";"AID";"Noun";"1274";"AI onaylı";"ai_approved";"ollama:gemma4:12b";"1";"Yardım";"The clue 'Yardım' is a direct and accurate translation for 'aid'.";"";"freedict+kelly+frequencywords"
"A2";"Değerli";"VALUABLE";"Adjective";"1275";"AI onaylı";"ai_approved";"ollama:gemma4:12b";"1";"Değerli";"The clue 'Değerli' is a correct and common translation for 'valuable'.";"Pahalı | Aziz | Kıymetli";"freedict+kelly+frequencywords"
"A2";"Yer";"SEAT";"Noun";"1276";"AI reddi";"ai_rejected";"ollama:gemma4:12b";"1";"Sandalye";"The clue 'Yer' means 'place' or 'location'. 'Sandalye' is the specific noun for 'seat'.";"Merkez | Sandalye | Mahal | Mevki";"freedict+kelly+frequencywords"
"A2";"Zarar";"INJURY";"Noun";"1277";"İnsan incelemesi";"needs_review";"ollama:gemma4:12b";"0.95";"Yaralanma";"The clue 'Zarar' is too broad and can mean 'damage'. 'Yaralanma' is a more precise single-word synonym for 'injury'.";"Yara | Hasar | Haksızlık | Ziyan";"freedict+kelly+frequencywords"
"A2";"Değerlendirmek";"APPRECIATE";"Verb";"1278";"AI reddi";"ai_rejected";"ollama:gemma4:12b";"0.9";"Takdir";"The clue 'Değerlendirmek' means 'to evaluate'. 'Appreciate' usually means 'takdir etmek' or 'değer vermek'.";"";"freedict+kelly+frequencywords"
"A2";"Çok";"NUMEROUS";"Adjective";"1280";"AI onaylı";"ai_approved";"ollama:gemma4:12b";"1";"Çok";"The clue 'Çok' is a correct and common single-word synonym for 'numerous'.";"Sayısız";"freedict+kelly+frequencywords"
"A2";"Garip";"FANTASTIC";"Adjective";"1281";"AI reddi";"ai_rejected";"ollama:gemma4:12b";"1";"Harika";"The clue 'Garip' means 'strange', which is incorrect for 'fantastic'.";"Tuhaf | Acayip | Hayali | Mantıksız";"freedict+kelly+frequencywords"
"A2";"Birlikte";"JOINT";"Adjective";"1284";"AI reddi";"ai_rejected";"ollama:gemma4:12b";"0.95";"Ortak";"The clue 'Birlikte' is an adverb/conjunction. 'Joint' as an adjective means 'ortak' or 'müşterek'.";"Çıkmış | Birleşmiş | Düğüm | Müşterek";"freedict+kelly+frequencywords"
"A2";"Aynı";"DOUBLE";"Adjective";"1286";"AI reddi";"ai_rejected";"ollama:gemma4:12b";"1";"Çift";"The current clue 'Aynı' (Same) is incorrect for 'Double'. The correct single-word synonym is 'Çift'.";"Oyun | Çift | Kat | Hile";"freedict+kelly+frequencywords"
"A2";"Koymak";"STICK";"Verb";"1288";"AI reddi";"ai_rejected";"ollama:gemma4:12b";"1";"Çubuk";"The clue 'Koymak' (To put) is a verb, but 'Stick' as a noun is 'Çubuk'. As a verb, it means 'saplamak' or 'yapıştırmak'. 'Çubuk' is the most common noun form.";"Sokmak | Ağaç | Tahta | Çakmak";"freedict+kelly+frequencywords"
"A2";"Rahat";"PEACE";"Noun";"1289";"AI reddi";"ai_rejected";"ollama:gemma4:12b";"1";"Barış";"The clue 'Rahat' (Comfortable/Relaxed) is an adjective, while 'Peace' is a noun. The correct noun synonym is 'Barış'.";"Barış | Huzur | Uzlaşma | Sulh";"freedict+kelly+frequencywords"
"A2";"Kur";"SUIT";"Verb";"1296";"AI reddi";"ai_rejected";"ollama:gemma4:12b";"1";"Uymak";"The clue 'Kur' (Establish/Set up) is incorrect for the verb 'Suit' (to fit/suit). 'Uymak' is the correct verb form.";"Kostüm | Uydurmak | Mayo";"freedict+kelly+frequencywords"
"A2";"Nişan";"BRAND";"Noun";"1297";"AI reddi";"ai_rejected";"ollama:gemma4:12b";"1";"Marka";"The clue 'Nişan' (Aim/Target) is incorrect for 'Brand'. The correct noun synonym is 'Marka'.";"Dağ | Marka | Ayıp | İşaret";"freedict+kelly+frequencywords"
"A2";"Mahvetmek";"DESTROY";"Verb";"1302";"AI onaylı";"ai_approved";"ollama:gemma4:12b";"1";"Mahvetmek";"The clue 'Mahvetmek' is a direct and accurate synonym for 'Destroy' at A2 level.";"Yıkmak";"freedict+kelly+frequencywords"
"A2";"Anlatmak";"ILLUSTRATE";"Verb";"1303";"İnsan incelemesi";"needs_review";"ollama:gemma4:12b";"0.85";"Resimlemek";"The clue 'Anlatmak' (to explain/tell) is too broad for 'Illustrate'. 'Resimlemek' or 'Tasvir etmek' is more specific.";"";"freedict+kelly+frequencywords"
"A2";"İspanyol";"SPANISH";"Adjective";"1304";"AI onaylı";"ai_approved";"ollama:gemma4:12b";"1";"İspanyol";"The clue is accurate and matches the word type and level.";"";"freedict+kelly+frequencywords"
"A2";"Uygun";"SUFFICIENT";"Adjective";"1305";"İnsan incelemesi";"needs_review";"ollama:gemma4:12b";"0.9";"Yeterli";"The current clue 'Uygun' means 'suitable'. 'Yeterli' is the direct translation for 'Sufficient'.";"Yeterli | Elverişli";"freedict+kelly+frequencywords"
"A2";"Oldukça";"REASONABLE";"Adjective";"1306";"AI reddi";"ai_rejected";"ollama:gemma4:12b";"0.95";"Makul";"The current clue 'Oldukça' means 'quite/rather' and is not a synonym for 'Reasonable'.";"Mantıklı | Makul";"freedict+kelly+frequencywords"
"A2";"Hazırlık";"PREPARATION";"Noun";"1311";"AI onaylı";"ai_approved";"ollama:gemma4:12b";"1";"Hazırlık";"The clue 'Hazırlık' is a precise, single-word noun matching the word 'PREPARATION' at A2 level.";"Hazırlama";"freedict+kelly+frequencywords"
"A2";"Acı";"PAIN";"Noun";"1312";"İnsan incelemesi";"needs_review";"ollama:gemma4:12b";"0.9";"Ağrı";"The word 'PAIN' is polysemous (physical pain vs. emotional distress). 'Ağrı' is the most common physical sense, but 'Acı' can be ambiguous.";"Dert | Ağrı | Sel | Keder";"freedict+kelly+frequencywords"
"A2";"Kesmek";"DIVIDE";"Verb";"1313";"AI reddi";"ai_rejected";"ollama:gemma4:12b";"0.95";"Bölmek";"The current clue 'Kesmek' means 'to cut'. The correct translation for 'DIVIDE' is 'Bölmek'.";"Dağıtmak | Bölmek";"freedict+kelly+frequencywords"
"A2";"Birlik";"UNION";"Noun";"1317";"AI onaylı";"ai_approved";"ollama:gemma4:12b";"1";"Birlik";"The clue 'Birlik' is a correct and common single-word translation for 'UNION'.";"Birleşme | Sendika";"freedict+kelly+frequencywords"
"A2";"Yunanca";"GREEK";"Adjective";"1321";"İnsan incelemesi";"needs_review";"ollama:gemma4:12b";"0.85";"Yunan";"The clue 'Yunanca' refers to the language. While 'GREEK' can mean the language, it often refers to the nationality/ethnicity. 'Yunan' is a more neutral single word.";"Yunanlı | Rum";"freedict+kelly+frequencywords"
"A2";"Güven";"TRUST";"Noun";"1322";"AI onaylı";"ai_approved";"ollama:gemma4:12b";"1";"Güven";"The clue 'Güven' is a direct, common, and accurate translation for 'TRUST' at A2 level.";"Kredi | Emniyet | Emanet | Ümit";"freedict+kelly+frequencywords"
"A2";"Kız";"DAUGHTER";"Noun";"1324";"AI onaylı";"ai_approved";"ollama:gemma4:12b";"1";"Kız";"The clue 'Kız' is the standard and unambiguous translation for 'DAUGHTER'.";"";"freedict+kelly+frequencywords"
"A2";"Kendi";"SELF";"Noun";"1331";"AI onaylı";"ai_approved";"ollama:gemma4:12b";"1";"Kendi";"The clue 'Kendi' accurately reflects the reflexive/possessive sense of 'SELF' in this context.";"Aynı | Nefis | Şahsi | Şahıs";"freedict+kelly+frequencywords"
"A2";"Hücre";"CELL";"Noun";"1334";"İnsan incelemesi";"needs_review";"ollama:gemma4:12b";"0.8";"Hücre";"The word 'CELL' is polysemous (biological cell, prison cell, mobile phone). 'Hücre' is correct but might be ambiguous without context.";"Ünite";"freedict+kelly+frequencywords"
"A2";"İnanç";"BELIEF";"Noun";"1335";"AI onaylı";"ai_approved";"ollama:gemma4:12b";"1";"İnanç";"The clue 'İnanç' is the standard and accurate translation for 'BELIEF'.";"Kanaat | İman";"freedict+kelly+frequencywords"
"A2";"Kalabalık";"HOST";"Verb";"1336";"AI reddi";"ai_rejected";"ollama:gemma4:12b";"1";"";"The clue 'Kalabalık' means 'crowded', which is not a synonym for 'host'. 'Ev sahibi' is the correct single-word Turkish equivalent.";"";"freedict+kelly+frequencywords"
"A2";"Görev";"APPOINTMENT";"Noun";"1337";"AI reddi";"ai_rejected";"ollama:gemma4:12b";"1";"Randevu";"The clue 'Görev' means 'task/duty'. 'Randevu' is the specific and correct term for 'appointment'.";"Hizmet | Emir | Randevu | Tayin";"freedict+kelly+frequencywords"
"A2";"Söz";"SPEECH";"Noun";"1339";"AI onaylı";"ai_approved";"ollama:gemma4:12b";"0.95";"Söz";"The clue 'Söz' is a valid and common synonym for 'speech' in this context.";"Konuşma | Dil | Lisan";"freedict+kelly+frequencywords"
"A2";"Toplamak";"CONCENTRATE";"Verb";"1341";"AI reddi";"ai_rejected";"ollama:gemma4:12b";"1";"Odaklan";"The clue 'Toplamak' means 'to collect/gather'. 'Odaklan' is the correct verb for 'concentrate'.";"";"freedict+kelly+frequencywords"
"A2";"İmkansız";"IMPOSSIBLE";"Adjective";"1342";"AI onaylı";"ai_approved";"ollama:gemma4:12b";"0.98";"İmkansız";"The clue 'İmkansız' is the direct and accurate translation for 'impossible'.";"Çekilmez | Yapılamaz";"freedict+kelly+frequencywords"
"A2";"Ölmek";"GATHER";"Verb";"1343";"AI reddi";"ai_rejected";"ollama:gemma4:12b";"1";"Toplamak";"The current clue 'Ölmek' (to die) is completely unrelated to 'GATHER'. The correct synonym is 'Toplamak'.";"Kazanmak | Anlamak | Toplamak | Seçmek";"freedict+kelly+frequencywords"
"A2";"Sağ";"LIVING";"Noun";"1344";"AI reddi";"ai_rejected";"ollama:gemma4:12b";"1";"Canlı";"The clue 'Sağ' (healthy/right) is not the best fit for 'LIVING' as an adjective/noun. 'Canlı' is the accurate translation.";"Canlı | Yaşayan | Kuvvetli | Yaşama";"freedict+kelly+frequencywords"
"A2";"Baba";"ANCIENT";"Adjective";"1345";"AI reddi";"ai_rejected";"ollama:gemma4:12b";"1";"Eski";"The clue 'Baba' (father) is unrelated to 'ANCIENT'. The correct translation is 'Eski' or 'Kadim'.";"Eski | Ata | Kadim";"freedict+kelly+frequencywords"
"A2";"Zaten";"ANYWAY";"Adverb";"1346";"AI onaylı";"ai_approved";"ollama:gemma4:12b";"1";"Zaten";"The clue 'Zaten' is a correct, common, and single-word synonym for 'ANYWAY'.";"Dikkatsizce";"freedict+kelly+frequencywords"
"A2";"Değiştirmek";"EXCHANGE";"Noun";"1348";"AI reddi";"ai_rejected";"ollama:gemma4:12b";"1";"Değişim";"The clue 'Değiştirmek' is a verb, but the partOfSpeech is 'Noun'. 'Değişim' is the correct noun form.";"Değişme";"freedict+kelly+frequencywords"
"A2";"Rus";"RUSSIAN";"Adjective";"1349";"AI onaylı";"ai_approved";"ollama:gemma4:12b";"1";"Rus";"The clue 'Rus' is a correct, single-word Turkish equivalent for the adjective 'Russian'.";"";"freedict+kelly+frequencywords"
"A2";"Tavsiye";"TIP";"Noun";"1350";"İnsan incelemesi";"needs_review";"ollama:gemma4:12b";"0.9";"Bahşiş";"The word 'Tip' is polysemous. 'Tavsiye' is one meaning, but 'Bahşiş' is more common in many contexts. 'Bahşiş' is a better primary clue.";"Burun | Bahşiş | Tepe | Etkilemek";"freedict+kelly+frequencywords"
"A2";"Göstermek";"SETTLE";"Verb";"1351";"AI reddi";"ai_rejected";"ollama:gemma4:12b";"0.9";"Halletmek";"The clue 'Göstermek' (to show) is incorrect for 'Settle'. 'Halletmek' or 'Çözmek' are better fits.";"Ödemek | Düzeltmek | Halletmek | Sabit";"freedict+kelly+frequencywords"
"A2";"Hazır";"IMMEDIATE";"Adjective";"1352";"AI reddi";"ai_rejected";"ollama:gemma4:12b";"0.9";"Derhal";"The clue 'Hazır' (ready) is not a direct synonym for 'Immediate'. 'Derhal' or 'Anında' is more accurate.";"Derhal | Şimdiki";"freedict+kelly+frequencywords"
"A2";"Tarif";"DEFINITION";"Noun";"1354";"AI reddi";"ai_rejected";"ollama:gemma4:12b";"0.9";"Tanım";"The clue 'Tarif' is less common than 'Tanım' for the noun 'Definition'.";"İzah | Tanımlama";"freedict+kelly+frequencywords"
"A2";"Hediye";"GIFT";"Noun";"1357";"AI onaylı";"ai_approved";"ollama:gemma4:12b";"1";"Hediye";"The clue 'Hediye' is a perfect, single-word synonym for 'GIFT' at A2 level.";"Armağan | Hünerli";"freedict+kelly+frequencywords"
"A2";"Alt";"BOTTOM";"Noun";"1358";"İnsan incelemesi";"needs_review";"ollama:gemma4:12b";"0.85";"Alt";"The word 'Bottom' is polysemous (e.g., 'Temel' or 'Esas'). While 'Alt' is correct, the presence of multiple meanings makes it slightly ambiguous.";"Gemi | Temel | Esas | Tekne";"freedict+kelly+frequencywords"
"A2";"Kısa";"BRIEF";"Adjective";"1362";"AI onaylı";"ai_approved";"ollama:gemma4:12b";"0.95";"Kısa";"The clue 'Kısa' is a standard and accurate translation for 'Brief' as an adjective.";"Özet";"freedict+kelly+frequencywords"
"A2";"Muayene";"EXAMINATION";"Noun";"1363";"İnsan incelemesi";"needs_review";"ollama:gemma4:12b";"0.85";"Sınav";"The word 'Examination' can mean 'Sınav' or 'Muayene'. 'Sınav' is more common in academic contexts, but 'Muayene' is also valid.";"Sınav | Teftiş | Yoklama | Tetkik";"freedict+kelly+frequencywords"
"A2";"Önemli";"SUBSTANTIAL";"Adjective";"1364";"AI reddi";"ai_rejected";"ollama:gemma4:12b";"0.9";"Önemli";"The word 'Substantial' is typically B2/C1 level. 'Önemli' is a very general term; 'Büyük' or 'Azımsal' might be more specific, but the level is the main issue.";"Zengin | Değerli | Kıymetli | Dayanıklı";"freedict+kelly+frequencywords"
"A2";"Düğme";"BUTTON";"Noun";"1365";"AI reddi";"ai_rejected";"ollama:gemma4:12b";"1";"Düğme";"The current clue 'Düğme' is correct, but the alternative 'Sürgün' suggests a confusion with 'Banishment'. However, since 'Düğme' is the standard translation for 'Button', it is technically correct, but the system flags it as rejected if the";"Sürgün";"freedict+kelly+frequencywords"
"A2";"Engel";"BLOCK";"Noun";"1366";"AI onaylı";"ai_approved";"ollama:gemma4:12b";"0.95";"Engel";"The clue 'Engel' is a valid, single-word synonym for 'Block' in this context.";"Blok | Kesmek | Makara | Kapamak";"freedict+kelly+frequencywords"
"A2";"Serbest";"VOLUNTARY";"Adjective";"1367";"AI reddi";"ai_rejected";"ollama:gemma4:12b";"0.95";"Gönüllü";"The current clue 'Serbest' means 'Free', not 'Voluntary'. 'Gönüllü' is the correct translation.";"Gönüllü | İsteyerek | Hür | Fahri";"freedict+kelly+frequencywords"
"A2";"Geçit";"GAP";"Noun";"1368";"AI reddi";"ai_rejected";"ollama:gemma4:12b";"0.95";"Aralık";"The clue 'Geçit' means 'Passage'. 'Aralık' or 'Boşluk' is a better fit for 'Gap'.";"Aralık | Ayrılık | Açıklık";"freedict+kelly+frequencywords"
"A2";"Acı";"KEEN";"Adjective";"1369";"AI reddi";"ai_rejected";"ollama:gemma4:12b";"0.95";"İstekli";"The clue 'Acı' means 'Sharp/Bitter'. 'Keen' as an adjective usually means 'Eager' or 'Sharp'. 'İstekli' is the best single-word fit.";"Sert | Canlı | Zeki | Akıllı";"freedict+kelly+frequencywords"
"A2";"Açmak";"SPREAD";"Verb";"1370";"AI reddi";"ai_rejected";"ollama:gemma4:12b";"1";"Dağıtmak";"The clue 'Açmak' is ambiguous and often refers to 'open'. 'Dağıtmak' is a more accurate single-word translation for 'spread' in many contexts.";"Sürmek | Dağıtmak | Ayırmak | Saha";"freedict+kelly+frequencywords"
"A2";"Yönetim";"ADMINISTRATION";"Noun";"1371";"AI onaylı";"ai_approved";"ollama:gemma4:12b";"1";"Yönetim";"The clue is accurate, unambiguous, and matches the part of speech.";"İdare";"freedict+kelly+frequencywords"
"A2";"Gönüllü";"VOLUNTEER";"Noun";"1373";"AI onaylı";"ai_approved";"ollama:gemma4:12b";"1";"Gönüllü";"The clue is accurate and clearly represents the word.";"";"freedict+kelly+frequencywords"
"A2";"Fikir";"SIGHT";"Noun";"1376";"AI reddi";"ai_rejected";"ollama:gemma4:12b";"1";"Manzara";"The clue 'Fikir' means 'idea'. 'Sight' means 'manzara' or 'görme'. The current clue is incorrect.";"Görmek | Görme | Muayene | Manzara";"freedict+kelly+frequencywords"
"A2";"Nakit";"CASH";"Noun";"1377";"AI onaylı";"ai_approved";"ollama:gemma4:12b";"0.95";"Nakit";"While 'Para' is correct, 'Nakit' is the more specific translation for 'Cash'. However, 'Para' is acceptable for A2.";"Ödemeli";"freedict+kelly+frequencywords"
"A2";"Anlam";"HANG";"Verb";"1379";"AI reddi";"ai_rejected";"ollama:gemma4:12b";"1";"Asmak";"The current clue 'Anlam' (meaning) is unrelated to the verb 'HANG'. 'Asmak' is the correct single-word Turkish equivalent.";"Takmak | Asmak | Ertelemek | Asılmak";"freedict+kelly+frequencywords"
"A2";"Sebep";"SCORE";"Noun";"1380";"AI reddi";"ai_rejected";"ollama:gemma4:12b";"1";"Puan";"The clue 'Sebep' (reason) is incorrect for 'SCORE'. 'Puan' is the standard translation for a score.";"Çizgi | İşaret | Değerlendirmek";"freedict+kelly+frequencywords"
"A2";"Yer";"SPOT";"Noun";"1382";"AI reddi";"ai_rejected";"ollama:gemma4:12b";"1";"Nokta";"The clue 'Yer' (place) is too broad. 'Nokta' or 'Bölge' is more specific for 'SPOT' as a noun.";"Derhal | Sorumlu | Nokta | Bulmak";"freedict+kelly+frequencywords"
"A2";"Sözcü";"SPEAKER";"Noun";"1383";"AI onaylı";"ai_approved";"ollama:gemma4:12b";"1";"Sözcü";"The clue 'Sözcü' is a correct and common single-word translation for 'SPEAKER'.";"";"freedict+kelly+frequencywords"
"A2";"Kimlik";"IDENTITY";"Noun";"1384";"AI onaylı";"ai_approved";"ollama:gemma4:12b";"1";"Kimlik";"The clue 'Kimlik' is the accurate and standard translation for 'IDENTITY'.";"";"freedict+kelly+frequencywords"
"A2";"Yeterli";"EQUAL";"Adjective";"1392";"AI reddi";"ai_rejected";"ollama:gemma4:12b";"1";"Eşit";"The clue 'Yeterli' means 'sufficient', which is not a synonym for 'equal'. 'Eşit' is the correct term.";"Eşit";"freedict+kelly+frequencywords"
"A2";"Çok";"VAST";"Adjective";"1393";"İnsan incelemesi";"needs_review";"ollama:gemma4:12b";"0.9";"Geniş";"The clue 'Çok' is too general and can mean 'many' or 'much'. 'Geniş' is a more accurate single-word synonym for 'vast'.";"Geniş | Engin | Büyüklük";"freedict+kelly+frequencywords"
"A2";"İnanç";"FAITH";"Noun";"1394";"AI onaylı";"ai_approved";"ollama:gemma4:12b";"0.95";"İnanç";"While 'Güven' is related, 'İnanç' is the primary meaning of 'faith' in this context.";"Emniyet | Din | Sadakat | İnanç";"freedict+kelly+frequencywords"
"A2";"Ertesi";"FOLLOWING";"Pronoun";"1395";"AI reddi";"ai_rejected";"ollama:gemma4:12b";"1";"Sonraki";"The clue 'Ertesi' is slightly ambiguous; 'Sonraki' or 'Takip eden' is better, but 'Ertesi' is often used for 'the next day'. However, 'Following' as a pronoun/adjective is best matched by 'Sonraki'.";"Aşağıdaki | İzleyen";"freedict+kelly+frequencywords"
"A2";"Dönüş";"CYCLE";"Noun";"1397";"AI reddi";"ai_rejected";"ollama:gemma4:12b";"1";"Döngü";"The clue 'Dönüş' means 'return' or 'turn'. 'Döngü' is the correct term for 'cycle' in a technical or natural context.";"Devre | Dönem | Dönme | Bisiklet";"freedict+kelly+frequencywords"
"A2";"Haber";"WIND";"Noun";"1398";"AI reddi";"ai_rejected";"ollama:gemma4:12b";"1";"Rüzgar";"The clue 'Haber' means 'News'. The correct Turkish word for 'Wind' is 'Rüzgar'.";"Hava | Nefes | Duymak | Bitirmek";"freedict+kelly+frequencywords"
"A2";"Taslak";"OUTLINE";"Verb";"1401";"AI onaylı";"ai_approved";"ollama:gemma4:12b";"0.95";"Taslak";"The clue 'Taslak' is a correct and common single-word synonym for 'Outline'.";"";"freedict+kelly+frequencywords"
"A2";"Kaza";"ACCIDENT";"Noun";"1402";"AI onaylı";"ai_approved";"ollama:gemma4:12b";"0.98";"Kaza";"The clue 'Kaza' is the standard and unambiguous translation for 'Accident'.";"Kazara | Arıza | Rasgele | Tesadüfi";"freedict+kelly+frequencywords"
"A2";"Asyalı";"ASIAN";"Adjective";"1403";"AI onaylı";"ai_approved";"ollama:gemma4:12b";"0.98";"Asyalı";"The clue 'Asyalı' is the correct and standard translation for 'Asian'.";"";"freedict+kelly+frequencywords"
"A2";"Durum";"ESTATE";"Noun";"1404";"İnsan incelemesi";"needs_review";"ollama:gemma4:12b";"0.88";"Mülk";"The clue 'Durum' means 'Situation'. 'Estate' usually refers to property/land ('Mülk').";"Mal | Sınıf | Mülk | İtibar";"freedict+kelly+frequencywords"
"A2";"Ait";"MENTAL";"Adjective";"1405";"AI reddi";"ai_rejected";"ollama:gemma4:12b";"1";"Zihinsel";"The current clue 'Ait' is incorrect and unrelated to 'Mental'. 'Zihinsel' is the correct adjective form.";"Zihni";"freedict+kelly+frequencywords"
"A2";"Artık";"WASTE";"Noun";"1407";"AI reddi";"ai_rejected";"ollama:gemma4:12b";"1";"Atık";"The clue 'Artık' is an adverb/conjunction. 'Atık' is the correct noun for 'Waste'.";"Boş | Hali | Çöp | Atılmış";"freedict+kelly+frequencywords"
"A2";"Ağır";"MASSIVE";"Adjective";"1408";"AI reddi";"ai_rejected";"ollama:gemma4:12b";"1";"Devasa";"The clue 'Ağır' means 'Heavy'. 'Devasa' or 'Muazzam' is a better fit for 'Massive'.";"Muazzam | İri";"freedict+kelly+frequencywords"
"A2";"Garanti";"GUARANTEE";"Verb";"1411";"AI onaylı";"ai_approved";"ollama:gemma4:12b";"1";"Garanti";"The clue is accurate and matches the word type and level.";"Kefalet | Kefil | Teminat";"freedict+kelly+frequencywords"
"A2";"Benzerlik";"COMPARISON";"Noun";"1412";"AI reddi";"ai_rejected";"ollama:gemma4:12b";"1";"Karşılaştırma";"The clue 'Benzerlik' means 'Similarity'. 'Karşılaştırma' is the correct noun for 'Comparison'.";"İlişki | Karşılaştırma | Benzetme | Mukayese";"freedict+kelly+frequencywords"
"A2";"Asıl";"ORIGIN";"Noun";"1413";"İnsan incelemesi";"needs_review";"ollama:gemma4:12b";"0.9";"Kaynak";"The clue 'Asıl' is ambiguous; 'Kaynak' is a more precise and common translation for 'Origin' in this context.";"Başlangıç | Kaynak | Nesil | Soy";"freedict+kelly+frequencywords"
"A2";"Hisse";"PROPORTION";"Noun";"1414";"AI onaylı";"ai_approved";"ollama:gemma4:12b";"0.95";"Hisse";"The clue 'Hisse' is a valid and common translation for 'Proportion' in many contexts.";"Oran | Boyutlar | Pay";"freedict+kelly+frequencywords"
"A2";"Arkadaşlar";"KID";"Noun";"1417";"AI reddi";"ai_rejected";"ollama:gemma4:12b";"0.95";"Çocuk";"The clue 'Arkadaşlar' is incorrect; 'Kid' means 'Çocuk'. 'Arkadaşlar' would be 'Friends'.";"Bizimkiler";"freedict+kelly+frequencywords"
"A2";"Gazete";"SHEET";"Noun";"1418";"İnsan incelemesi";"needs_review";"ollama:gemma4:12b";"0.9";"Yaprak";"The clue 'Gazete' is too specific; 'Sheet' can mean 'Yaprak' or 'Tabaka'. 'Gazete' is only one specific use.";"Yaprak | Çarşaf | Tabaka | Levha";"freedict+kelly+frequencywords"
"A2";"Derinlik";"DEPTH";"Noun";"1419";"AI onaylı";"ai_approved";"ollama:gemma4:12b";"1";"Derinlik";"The clue 'Derinlik' is the direct and accurate translation for 'Depth'.";"";"freedict+kelly+frequencywords"
"A2";"Bırakmak";"PERMIT";"Verb";"1421";"AI reddi";"ai_rejected";"ollama:gemma4:12b";"1";"İzin";"The clue 'Bırakmak' (to leave/let) is not the primary meaning of 'permit' (to allow/authorize). 'İzin' is the correct single-word Turkish equivalent.";"";"freedict+kelly+frequencywords"
"A2";"Kazanç";"PROFIT";"Noun";"1423";"AI onaylı";"ai_approved";"ollama:gemma4:12b";"0.95";"Kazanç";"The clue 'Kazanmak' is a verb, but 'Profit' is a noun. However, in many contexts, they are closely linked. Since 'Kazanç' is a noun and fits the context, it is acceptable, but 'Kâr' would be more precise.";"Fayda | Kazanç";"freedict+kelly+frequencywords"
"A2";"Doğru";"STRAIGHT";"Adverb";"1424";"AI reddi";"ai_rejected";"ollama:gemma4:12b";"1";"Düz";"The clue 'Doğru' usually means 'correct' or 'right'. 'Straight' as an adverb/adjective refers to physical direction or honesty. 'Düz' is the correct physical translation.";"Emin | Dürüst | Düz | Düzenli";"freedict+kelly+frequencywords"
"A2";"Fark";"DIVISION";"Noun";"1425";"AI reddi";"ai_rejected";"ollama:gemma4:12b";"1";"Bölüm";"The clue 'Fark' means 'difference'. 'Division' means 'bölüm' or 'bölme'. 'Fark' is incorrect for this word.";"Bölüm | Parça | Bölge | Daire";"freedict+kelly+frequencywords"
"A2";"Aktarmak";"QUOTE";"Verb";"1426";"AI reddi";"ai_rejected";"ollama:gemma4:12b";"1";"Alıntı";"The clue 'Aktarmak' means 'to transmit/transfer'. 'Quote' means 'alıntı' or 'alıntılamak'. 'Aktarmak' is not a suitable synonym.";"";"freedict+kelly+frequencywords"
"A2";"Görünüş";"PHASE";"Noun";"1427";"AI reddi";"ai_rejected";"ollama:gemma4:12b";"1";"Aşama";"The current clue 'Görünüş' means 'appearance', which is not a synonym for 'phase'. 'Aşama' is the correct single-word Turkish equivalent.";"Faz";"freedict+kelly+frequencywords"
"A2";"Bahis";"CHAPTER";"Noun";"1428";"AI reddi";"ai_rejected";"ollama:gemma4:12b";"1";"Bölüm";"The current clue 'Bahis' means 'bet'. 'Bölüm' is the correct single-word Turkish equivalent for 'chapter'.";"Kısım";"freedict+kelly+frequencywords"
"A2";"Yakmak";"BURN";"Verb";"1429";"AI onaylı";"ai_approved";"ollama:gemma4:12b";"1";"Yakmak";"The clue 'Yakmak' is a correct, common, and single-word translation for the verb 'burn'.";"Yanık | Yanmak | Dere";"freedict+kelly+frequencywords"
"A2";"İkincil";"SECONDARY";"Adjective";"1430";"AI onaylı";"ai_approved";"ollama:gemma4:12b";"1";"İkincil";"The clue 'Yardımcı' is acceptable, but 'İkincil' is the more precise adjective form. However, 'Yardımcı' is common enough to be approved.";"Sonraki | İkincil";"freedict+kelly+frequencywords"
"A2";"Albüm";"ALBUM";"Noun";"1433";"AI onaylı";"ai_approved";"ollama:gemma4:12b";"1";"Albüm";"The clue 'Albüm' is a direct and correct translation for 'album'.";"";"freedict+kelly+frequencywords"
"A2";"Tercih";"ELECTION";"Noun";"1434";"AI reddi";"ai_rejected";"ollama:gemma4:12b";"1";"Seçim";"The current clue 'Tercih' (Preference) is not the primary meaning of 'Election'. 'Seçim' is the correct term.";"Seçim";"freedict+kelly+frequencywords"
"A2";"Evcil";"DOMESTIC";"Adjective";"1437";"AI reddi";"ai_rejected";"ollama:gemma4:12b";"1";"Yerel";"The clue 'Evcil' refers to 'Tame'. 'Domestic' in a general context usually means 'Yerel' or 'Ev içi'. 'Yerel' is a better fit for A2.";"Ehli";"freedict+kelly+frequencywords"
"A2";"Temel";"FOUNDATION";"Noun";"1438";"AI onaylı";"ai_approved";"ollama:gemma4:12b";"0.95";"Temel";"The clue 'Temel' is a correct and common translation for 'Foundation' in this context.";"Esas | Kurma | Tesis | Kurum";"freedict+kelly+frequencywords"
"A2";"Kızılderili";"INDIAN";"Adjective";"1439";"AI reddi";"ai_rejected";"ollama:gemma4:12b";"1";"Hintli";"The clue 'Kızılderili' is specific to Native Americans. 'Hintli' is the standard translation for 'Indian'.";"Hintli";"freedict+kelly+frequencywords"
"A2";"Hayal";"DREAM";"Noun";"1440";"AI onaylı";"ai_approved";"ollama:gemma4:12b";"0.95";"Hayal";"The clue 'Hayal' is a valid and common translation for 'Dream'.";"Rüya | Hedef | Duş | Amaç";"freedict+kelly+frequencywords"
"A2";"Söz";"PROMISE";"Verb";"1441";"İnsan incelemesi";"needs_review";"ollama:gemma4:12b";"1";"Vaat";"The clue 'Söz' is too broad and can mean 'word' or 'promise'. 'Vaat' is a more precise synonym for the verb/noun promise.";"Göstermek | Cennet | Vaat | Taahhüt";"freedict+kelly+frequencywords"
"A2";"Ağaç";"WOOD";"Noun";"1442";"AI reddi";"ai_rejected";"ollama:gemma4:12b";"1";"Odun";"The clue 'Ağaç' means 'tree'. 'Odun' or 'Tahta' are the correct terms for 'wood' as a material.";"Tahta | Koru | Orman | Odun";"freedict+kelly+frequencywords"
"A2";"Uzatma";"EXTENSION";"Noun";"1444";"AI reddi";"ai_rejected";"ollama:gemma4:12b";"1";"Uzatma";"The current clue 'Uzatma' is technically correct but 'Uzatma' is a bit literal. However, since the original clue is 'Uzatma', it is technically acceptable, but 'Uzatma' is often used for 'extension'. Wait, the prompt says if it's correct, I";"Büyütme | Genişleme";"freedict+kelly+frequencywords"
"A2";"Rahat";"COMFORTABLE";"Adjective";"1445";"AI onaylı";"ai_approved";"ollama:gemma4:12b";"1";"Rahat";"The clue 'Rahat' is a perfect single-word synonym for 'comfortable' at A2 level.";"Rahatlatıcı";"freedict+kelly+frequencywords"
"A2";"Çözmek";"SOLVE";"Verb";"1448";"AI onaylı";"ai_approved";"ollama:gemma4:12b";"1";"Çözmek";"The clue 'Çözmek' is the standard and correct translation for 'solve'.";"Halletmek | Çözülür | Erir";"freedict+kelly+frequencywords"
"A2";"Çiftlik";"FARM";"Noun";"1449";"AI onaylı";"ai_approved";"ollama:gemma4:12b";"1";"Çiftlik";"The clue 'Çiftlik' is a direct and accurate translation for 'FARM' at A2 level.";"Ekmek | Tarla";"freedict+kelly+frequencywords"
"A2";"Adam";"GUY";"Noun";"1450";"AI onaylı";"ai_approved";"ollama:gemma4:12b";"0.9";"Adam";"While 'Herif' is correct, 'Adam' is a more standard and common term for 'Guy' in general contexts.";"";"freedict+kelly+frequencywords"
"A2";"Bölüm";"BRANCH";"Noun";"1451";"İnsan incelemesi";"needs_review";"ollama:gemma4:12b";"0.8";"Dal";"The word 'Branch' has multiple meanings (Dal, Şube, Bölüm). 'Bölüm' is specific to organizations; 'Dal' is more general.";"Kol | Dal | Şube | Ayırmak";"freedict+kelly+frequencywords"
"A2";"Bulmak";"STRIKE";"Verb";"1456";"AI reddi";"ai_rejected";"ollama:gemma4:12b";"0.9";"Vurmak";"The clue 'Bulmak' (to find) is incorrect for 'Strike'. The correct primary meaning is 'Vurmak' or 'Grev'.";"Gelmek | Ulaşmak | Çakmak | Ayırmak";"freedict+kelly+frequencywords"
"A2";"Anlatmak";"COMMUNICATE";"Verb";"1458";"AI reddi";"ai_rejected";"ollama:gemma4:12b";"0.9";"İletişim";"The clue 'Anlatmak' (to tell/explain) is not the primary meaning of 'Communicate'. 'İletişim kurmak' is the correct sense.";"Bildirmek | Bulaştırmak";"freedict+kelly+frequencywords"
"A2";"Kırsal";"RURAL";"Adjective";"1460";"AI onaylı";"ai_approved";"ollama:gemma4:12b";"1";"Kırsal";"The clue 'Kırsal' is a direct and accurate translation for 'RURAL' at A2 level.";"";"freedict+kelly+frequencywords"
"A2";"Tehlikeli";"DANGEROUS";"Adjective";"1462";"AI onaylı";"ai_approved";"ollama:gemma4:12b";"1";"Tehlikeli";"The clue 'Tehlikeli' is the standard and correct translation for 'DANGEROUS'.";"";"freedict+kelly+frequencywords"
"A2";"Çıkmak";"SHOOT";"Verb";"1464";"AI reddi";"ai_rejected";"ollama:gemma4:12b";"1";"Vurmak";"The clue 'Çıkmak' is incorrect for 'SHOOT'. The primary meaning is 'Vurmak' or 'Ateşlemek'.";"Vurmak | Atış | Fırlatmak | Atılmak";"freedict+kelly+frequencywords"
"A2";"Önemli";"OUTSTANDING";"Adjective";"1469";"İnsan incelemesi";"needs_review";"ollama:gemma4:12b";"0.85";"Olağanüstü";"The clue 'Önemli' (Important) is too broad and doesn't capture the specific meaning of 'Outstanding' (Exceptional/Outstanding).";"";"freedict+kelly+frequencywords"
"A2";"Kanal";"CHANNEL";"Noun";"1470";"AI onaylı";"ai_approved";"ollama:gemma4:12b";"1";"Kanal";"The clue 'Kanal' is the correct and standard translation for 'CHANNEL'.";"Hat";"freedict+kelly+frequencywords"
"A2";"Alet";"INSTRUMENT";"Noun";"1472";"AI reddi";"ai_rejected";"ollama:gemma4:12b";"1";"Enstrüman";"The clue 'Alet' is too broad and can mean 'tool' or 'device'. 'Enstrüman' is the specific musical term.";"Belge | Enstrüman | Senet";"freedict+kelly+frequencywords"
"A2";"Mutlu";"BRIGHT";"Adjective";"1475";"AI reddi";"ai_rejected";"ollama:gemma4:12b";"1";"Parlak";"The clue 'Mutlu' means 'happy'. 'Bright' primarily means 'Parlak' in this context.";"Muhteşem | Canlı | Zeki | Parlak";"freedict+kelly+frequencywords"
"A2";"Şeref";"REPUTATION";"Noun";"1476";"AI reddi";"ai_rejected";"ollama:gemma4:12b";"1";"İtibar";"The clue 'Şeref' means 'honor'. 'İtibar' is the accurate translation for 'Reputation'.";"Şöhret | İtibar";"freedict+kelly+frequencywords"
"A2";"Hatırlatmak";"REMIND";"Verb";"1477";"AI onaylı";"ai_approved";"ollama:gemma4:12b";"1";"Hatırlatmak";"The clue is accurate, single-word, and matches the verb form.";"Hatırlayan";"freedict+kelly+frequencywords"
"A2";"Ateş";"TEMPERATURE";"Noun";"1478";"AI reddi";"ai_rejected";"ollama:gemma4:12b";"1";"Sıcaklık";"The clue 'Ateş' means 'fire'. 'Sıcaklık' is the correct term for 'Temperature'.";"Sıcaklık | Isı";"freedict+kelly+frequencywords"
"A2";"Tahmin";"SHOT";"Noun";"1482";"AI reddi";"ai_rejected";"ollama:gemma4:12b";"1";"Atış";"The current clue 'Tahmin' (guess) is incorrect for 'SHOT'. 'Atış' is the correct noun equivalent.";"Şans | Fotoğraf | Atış | Miktar";"freedict+kelly+frequencywords"
"A2";"Resim";"REPRESENTATION";"Noun";"1483";"AI reddi";"ai_rejected";"ollama:gemma4:12b";"1";"Temsil";"The clue 'Resim' (picture) is too specific and not the primary meaning of 'REPRESENTATION'. 'Temsil' is more accurate.";"Rol | Temsil | İfade";"freedict+kelly+frequencywords"
"A2";"İstisna";"EXCEPTION";"Noun";"1484";"AI onaylı";"ai_approved";"ollama:gemma4:12b";"1";"İstisna";"The clue is accurate, single-word, and matches the part of speech.";"";"freedict+kelly+frequencywords"
"A2";"Görülebilir";"VISUAL";"Adjective";"1485";"AI reddi";"ai_rejected";"ollama:gemma4:12b";"1";"Görsel";"The clue 'Görülebilir' is an adjective (can be seen), but 'VISUAL' as an adjective is better translated as 'Görsel'.";"Optik | Görerek";"freedict+kelly+frequencywords"
"A2";"Verme";"EXPENSE";"Noun";"1486";"AI reddi";"ai_rejected";"ollama:gemma4:12b";"1";"Masraf";"The clue 'Verme' (giving) is incorrect. 'Masraf' or 'Harcama' are correct synonyms for 'EXPENSE'.";"Fiyat | Harcama | Paha | Hesabıma";"freedict+kelly+frequencywords"
"A2";"Etkili";"IMPRESSIVE";"Adjective";"1487";"İnsan incelemesi";"needs_review";"ollama:gemma4:12b";"0.95";"Etkileyici";"The current clue 'Etkili' (Effective) is not the most accurate synonym for 'Impressive'. 'Etkileyici' is the standard translation.";"";"freedict+kelly+frequencywords"
"A2";"Açıklama";"EXPLANATION";"Noun";"1490";"AI onaylı";"ai_approved";"ollama:gemma4:12b";"1";"Açıklama";"The clue is accurate, single-word, and matches the part of speech.";"Anlam | Tarif | Yorum | İzah";"freedict+kelly+frequencywords"
"A2";"Bildirmek";"DECLARE";"Verb";"1493";"AI onaylı";"ai_approved";"ollama:gemma4:12b";"1";"Bildirmek";"The clue is accurate and appropriate for the verb form.";"";"freedict+kelly+frequencywords"
"A2";"Uçak";"SHIP";"Noun";"1495";"AI reddi";"ai_rejected";"ollama:gemma4:12b";"0.95";"Gemi";"The current clue 'Uçak' means 'Airplane'. The correct noun for 'Ship' is 'Gemi'. 'Göndermek' is the verb form.";"Göndermek";"freedict+kelly+frequencywords"
"A2";"Kayıt";"REGISTRATION";"Noun";"1496";"AI onaylı";"ai_approved";"ollama:gemma4:12b";"1";"Kayıt";"The clue is accurate and matches the noun form.";"";"freedict+kelly+frequencywords"
"A2";"Garip";"STRANGE";"Adjective";"1497";"AI onaylı";"ai_approved";"ollama:gemma4:12b";"1";"Garip";"The clue 'Garip' is a direct and accurate synonym for 'Strange' at A2 level.";"Tuhaf | Yabancı | Acayip | Utangaç";"freedict+kelly+frequencywords"
"A2";"Girme";"ENTRANCE";"Noun";"1498";"AI reddi";"ai_rejected";"ollama:gemma4:12b";"0.95";"Giriş";"The current clue 'Girme' is a verb (entering), while 'Entrance' is a noun. 'Giriş' is the correct noun form.";"Giriş";"freedict+kelly+frequencywords"
"A2";"Uyarmak";"WARN";"Verb";"1499";"AI onaylı";"ai_approved";"ollama:gemma4:12b";"1";"Uyarmak";"The clue 'Uyarmak' is a perfect one-word translation for the verb 'Warn'.";"";"freedict+kelly+frequencywords"
"A2";"Dağ";"HEIGHT";"Noun";"1501";"AI reddi";"ai_rejected";"ollama:gemma4:12b";"0.95";"Yükseklik";"The clue 'Dağ' means 'Mountain'. 'Height' means 'Yükseklik'. The current clue is factually incorrect.";"Tepe | Yükseklik | Zirve | Doruk";"freedict+kelly+frequencywords"
"A2";"Sormak";"CONSULT";"Verb";"1504";"İnsan incelemesi";"needs_review";"ollama:gemma4:12b";"0.85";"Danışmak";"The clue 'Sormak' (to ask) is close but 'Danışmak' is the more precise translation for 'Consult'.";"Danışman | Rehber | Danışmak";"freedict+kelly+frequencywords"
"A2";"Korkutmak";"THREATEN";"Verb";"1505";"AI onaylı";"ai_approved";"ollama:gemma4:12b";"1";"Korkutmak";"The clue is a direct, single-word synonym for the verb 'threaten' and fits the A2 level.";"";"freedict+kelly+frequencywords"
"A2";"Biraz";"SOMEWHAT";"Adverb";"1506";"AI onaylı";"ai_approved";"ollama:gemma4:12b";"1";"Biraz";"The clue is a standard, single-word translation for the adverb 'somewhat'.";"";"freedict+kelly+frequencywords"
"A2";"Kazanmak";"EARN";"Verb";"1507";"AI onaylı";"ai_approved";"ollama:gemma4:12b";"1";"Kazanmak";"The clue 'Kazanmak' is the most common and accurate single-word translation for 'earn'.";"Edinmek";"freedict+kelly+frequencywords"
"A2";"Gönüllü";"WILLING";"Adjective";"1510";"AI onaylı";"ai_approved";"ollama:gemma4:12b";"1";"Gönüllü";"The clue 'Gönüllü' accurately reflects the adjective 'willing' in a single word.";"Razı | İçten";"freedict+kelly+frequencywords"
"A2";"Ödül";"PRIZE";"Noun";"1511";"AI onaylı";"ai_approved";"ollama:gemma4:12b";"1";"Ödül";"The clue 'Ödül' is a precise single-word noun for 'prize'.";"";"freedict+kelly+frequencywords"
"A2";"Devam";"PERMANENT";"Adjective";"1513";"İnsan incelemesi";"needs_review";"ollama:gemma4:12b";"0.9";"Daimi";"The clue 'Devam' is a verb/adverb, while 'Permanent' is an adjective. 'Daimi' is a better grammatical match.";"Sürekli | Daima | Daimi";"freedict+kelly+frequencywords"
"A2";"Tepe";"HILL";"Noun";"1515";"AI onaylı";"ai_approved";"ollama:gemma4:12b";"1";"Tepe";"The clue is accurate, single-word, and matches the part of speech.";"Yığın | Yokuş";"freedict+kelly+frequencywords"
"A2";"Sakin";"SOFT";"Adjective";"1519";"AI reddi";"ai_rejected";"ollama:gemma4:12b";"0.95";"Yumuşak";"The clue 'Sakin' means 'calm'. The correct translation for 'Soft' is 'Yumuşak'.";"Tatlı | Zayıf | Nazik | Yumuşak";"freedict+kelly+frequencywords"
"A2";"Yapraklı";"LEAF";"Noun";"1520";"AI reddi";"ai_rejected";"ollama:gemma4:12b";"0.95";"Yaprak";"The clue 'Yapraklı' means 'leafy' (adjective). The correct translation for 'Leaf' is 'Yaprak'.";"";"freedict+kelly+frequencywords"
"A2";"Bekleme";"EXPECTATION";"Noun";"1523";"AI reddi";"ai_rejected";"ollama:gemma4:12b";"0.95";"Beklenti";"The clue 'Bekleme' means 'waiting' or 'waiting period'. 'Beklenti' is the correct noun for 'Expectation'.";"Ümit";"freedict+kelly+frequencywords"
"A2";"Göstermek";"EXPOSE";"Verb";"1524";"İnsan incelemesi";"needs_review";"ollama:gemma4:12b";"0.9";"Ortayaçıkarmak";"The clue 'Göstermek' is too broad and can be confused with 'show'. 'Ortayaçıkarmak' is a more precise synonym for 'expose'.";"Açmak | Keşfetmek";"freedict+kelly+frequencywords"
"A2";"Saklanmak";"HIDE";"Verb";"1526";"AI reddi";"ai_rejected";"ollama:gemma4:12b";"0.95";"Gizlemek";"The clue 'Saklanmak' is reflexive (to hide oneself). The verb 'Hide' is transitive (to hide something). 'Gizlemek' is the correct transitive form.";"Gizlemek | Cilt | Post";"freedict+kelly+frequencywords"
"A2";"Sahip";"MASTER";"Noun";"1527";"AI reddi";"ai_rejected";"ollama:gemma4:12b";"0.95";"Usta";"The clue 'Sahip' means 'owner'. While 'Master' can mean owner in specific contexts, 'Usta' is the standard translation for the noun 'Master' in many contexts.";"Baş | Patron | Ana | Efendi";"freedict+kelly+frequencywords"
"A2";"Olay";"AFFAIR";"Noun";"1528";"AI onaylı";"ai_approved";"ollama:gemma4:12b";"0.95";"Olay";"The clue 'Olay' is a correct and common single-word translation for 'Affair' in this context.";"Hal | Vaka | Hadise";"freedict+kelly+frequencywords"
"A2";"Farklı";"UNLIKE";"Preposition";"1529";"AI reddi";"ai_rejected";"ollama:gemma4:12b";"0.9";"Farklı";"The clue 'Farklı' is an adjective. 'Unlike' is a preposition. While they share a root meaning, 'Farklı' is not a direct grammatical equivalent for the prepositional use.";"";"freedict+kelly+frequencywords"
"A2";"Kök";"ROOT";"Noun";"1531";"AI onaylı";"ai_approved";"ollama:gemma4:12b";"0.95";"Kök";"The current clue 'Temel' is acceptable, but 'Kök' is a more direct and common synonym for 'Root' in many contexts. However, 'Temel' is also correct. Since 'Kök' is a primary meaning, it is approved.";"Kaynak | Kök | Toptan | Kökten";"freedict+kelly+frequencywords"
"A2";"Zincir";"CHAIN";"Noun";"1532";"AI onaylı";"ai_approved";"ollama:gemma4:12b";"1";"Zincir";"The clue is accurate, single-word, and matches the part of speech.";"";"freedict+kelly+frequencywords"
"A2";"Kurban";"VICTIM";"Noun";"1533";"AI onaylı";"ai_approved";"ollama:gemma4:12b";"1";"Kurban";"The clue is accurate and unambiguous.";"";"freedict+kelly+frequencywords"
"A2";"Almak";"RECOVER";"Verb";"1534";"AI reddi";"ai_rejected";"ollama:gemma4:12b";"0.95";"Kurtarmak";"The current clue 'Almak' (to get/buy) is incorrect for 'Recover'. 'Kurtarmak' or 'İyileşmek' are correct.";"Kurtarmak | İyileşmek";"freedict+kelly+frequencywords"
"A2";"Yarışmak";"COMPETE";"Verb";"1538";"AI onaylı";"ai_approved";"ollama:gemma4:12b";"1";"Yarışmak";"The clue is accurate and matches the verb form.";"";"freedict+kelly+frequencywords"
"A2";"Evlenmek";"MARRY";"Verb";"1539";"AI onaylı";"ai_approved";"ollama:gemma4:12b";"1";"Evlenmek";"The clue 'Evlenmek' is a direct, single-word translation of 'marry' and fits the A2 level.";"Birleştirmek | Birleşmek";"freedict+kelly+frequencywords"
"A2";"Köprü";"BRIDGE";"Noun";"1540";"AI onaylı";"ai_approved";"ollama:gemma4:12b";"1";"Köprü";"The clue 'Köprü' is the standard and unambiguous translation for 'bridge'.";"";"freedict+kelly+frequencywords"
"A2";"Sıradışı";"UNUSUAL";"Adjective";"1543";"AI onaylı";"ai_approved";"ollama:gemma4:12b";"0.95";"Sıradışı";"While 'Nadir' is correct, 'Sıradışı' is a more common and direct synonym for 'unusual' in many contexts.";"Seyrek";"freedict+kelly+frequencywords"
"A2";"Cinsiyet";"SEX";"Noun";"1544";"AI onaylı";"ai_approved";"ollama:gemma4:12b";"0.85";"Cinsiyet";"The word 'Seks' is common but 'Cinsiyet' is often the primary meaning in educational contexts; however, 'Seks' is acceptable.";"";"freedict+kelly+frequencywords"
"A2";"Delik";"HOLE";"Noun";"1545";"İnsan incelemesi";"needs_review";"ollama:gemma4:12b";"0.8";"Delik";"The word 'Hole' has many meanings (delik, çukur, boşluk). 'Delik' is the best single word, but the ambiguity of the term requires a check.";"Boşluk | Hücre | Zorluk | Çukur";"freedict+kelly+frequencywords"
"A2";"İslam";"ISLAM";"Noun";"1546";"AI reddi";"ai_rejected";"ollama:gemma4:12b";"1";"Din";"The clue 'İslam' is the same as the answer; it should be a descriptive Turkish synonym like 'Din'.";"";"freedict+kelly+frequencywords"
"A2";"Sınır";"BOUNDARY";"Noun";"1547";"AI onaylı";"ai_approved";"ollama:gemma4:12b";"1";"Sınır";"The clue is accurate, single-word, and matches the part of speech.";"";"freedict+kelly+frequencywords"
"A2";"Seçilmiş";"ELECT";"Verb";"1548";"AI reddi";"ai_rejected";"ollama:gemma4:12b";"1";"Seçmek";"The answer is a verb, but the clue 'Seçilmiş' is an adjective/past participle. It should be 'Seçmek'.";"";"freedict+kelly+frequencywords"
"A2";"Yapmak";"FRAME";"Noun";"1549";"AI reddi";"ai_rejected";"ollama:gemma4:12b";"1";"Çerçeve";"The clue 'Yapmak' is too broad and doesn't specifically target 'Frame'. 'Çerçeve' is the correct noun.";"Vücut | Beden | Çatı | Kurmak";"freedict+kelly+frequencywords"
"A2";"Ancak";"SKIN";"Noun";"1550";"AI reddi";"ai_rejected";"ollama:gemma4:12b";"1";"Deri";"The clue 'Ancak' is completely unrelated to the word 'Skin'. 'Deri' is the correct translation.";"Deri";"freedict+kelly+frequencywords"
"A2";"Hesap";"COUNT";"Verb";"1552";"AI reddi";"ai_rejected";"ollama:gemma4:12b";"1";"Saymak";"The word 'count' is a verb in this context, but the clue 'Hesap' is a noun. 'Saymak' is the correct verb form.";"Madde | Kont | Saymak | Sayma";"freedict+kelly+frequencywords"
"A2";"Plak";"RECORDING";"Noun";"1554";"AI reddi";"ai_rejected";"ollama:gemma4:12b";"1";"Kayıt";"The clue 'Plak' refers specifically to a vinyl record. 'Kayıt' is the accurate general term for 'recording'.";"Bant";"freedict+kelly+frequencywords"
"A2";"Sürü";"PACK";"Noun";"1556";"AI reddi";"ai_rejected";"ollama:gemma4:12b";"1";"Paket";"The clue 'Sürü' means 'herd'. 'Paket' is the correct noun for 'pack' in a general sense.";"Takım | Gitmek | Çıkın | Denk";"freedict+kelly+frequencywords"
"A2";"Korumak";"PRESERVE";"Verb";"1557";"AI onaylı";"ai_approved";"ollama:gemma4:12b";"1";"Korumak";"The clue 'Korumak' is a correct and common translation for the verb 'preserve'.";"Saklamak | Şekerleme";"freedict+kelly+frequencywords"
"A2";"Bayan";"LADY";"Noun";"1559";"AI onaylı";"ai_approved";"ollama:gemma4:12b";"1";"Bayan";"The clue 'Bayan' is a standard and appropriate translation for 'lady' at A2 level.";"Hanımefendi | Hanım | Leydi";"freedict+kelly+frequencywords"
"A2";"Kanıt";"INDEX";"Noun";"1560";"AI reddi";"ai_rejected";"ollama:gemma4:12b";"1";"Dizin";"The clue 'Kanıt' (Evidence) is incorrect for 'INDEX'. The correct term is 'Dizin'.";"Delil | İşaret | Gösterge | Katalog";"freedict+kelly+frequencywords"
"A2";"Kurmak";"FOUND";"Verb";"1564";"AI reddi";"ai_rejected";"ollama:gemma4:12b";"1";"Bulundu";"The clue 'Kurmak' (To establish/set up) is incorrect for 'FOUND'. It should be 'Bulundu'.";"Dökmek";"freedict+kelly+frequencywords"
"A2";"Kalabalık";"CROWD";"Noun";"1565";"AI onaylı";"ai_approved";"ollama:gemma4:12b";"1";"Kalabalık";"The clue is accurate and matches the word type and level.";"Doldurmak | Sıkıştırmak";"freedict+kelly+frequencywords"
"A2";"Fırsat";"SCOPE";"Noun";"1569";"AI reddi";"ai_rejected";"ollama:gemma4:12b";"1";"Kapsam";"The clue 'Fırsat' (Opportunity) is incorrect for 'SCOPE'. The correct term is 'Kapsam'.";"Saha | Vesile | Mikroskop";"freedict+kelly+frequencywords"
"A2";"Elbette";"SURELY";"Adverb";"1570";"AI onaylı";"ai_approved";"ollama:gemma4:12b";"1";"Elbette";"The clue is accurate and matches the word type and level.";"Muhakkak";"freedict+kelly+frequencywords"
"A2";"Bütün";"SOLID";"Adjective";"1572";"AI reddi";"ai_rejected";"ollama:gemma4:12b";"1";"Katı";"The clue 'Bütün' (Whole/All) is not a synonym for 'Solid'. 'Katı' is the correct single-word Turkish equivalent.";"Tam | Pek | Gerçek | Sıkı";"freedict+kelly+frequencywords"
"A2";"Zeki";"BRAIN";"Noun";"1573";"AI reddi";"ai_rejected";"ollama:gemma4:12b";"1";"Beyin";"The clue 'Zeki' means 'Intelligent'. 'Brain' is the organ. 'Beyin' is the correct single-word synonym.";"Akıl | Zeka | Zihin";"freedict+kelly+frequencywords"
"A2";"Koridor";"HALL";"Noun";"1576";"AI onaylı";"ai_approved";"ollama:gemma4:12b";"1";"Koridor";"The clue 'Koridor' is a correct and common single-word synonym for 'Hall'.";"Konak";"freedict+kelly+frequencywords"
"A2";"Dikkatli";"CAREFUL";"Adjective";"1577";"AI onaylı";"ai_approved";"ollama:gemma4:12b";"1";"Dikkatli";"The clue 'Dikkatli' is a correct and common single-word synonym for 'Careful'.";"Tedbirli";"freedict+kelly+frequencywords"
"A2";"Pırlanta";"BRILLIANT";"Adjective";"1581";"AI reddi";"ai_rejected";"ollama:gemma4:12b";"1";"Parlak";"The clue 'Pırlanta' means 'Diamond'. 'Brilliant' as an adjective means 'Parlak' or 'Harika'. 'Parlak' is the best single-word fit.";"";"freedict+kelly+frequencywords"
"A2";"Kuzey";"NORTH";"Noun";"1583";"AI onaylı";"ai_approved";"ollama:gemma4:12b";"1";"Kuzey";"The clue is a direct and accurate translation of the word 'NORTH' and fits the A2 level.";"";"freedict+kelly+frequencywords"
"A2";"Düğün";"WEDDING";"Noun";"1587";"AI onaylı";"ai_approved";"ollama:gemma4:12b";"1";"Düğün";"The clue is a direct and accurate translation of the word 'WEDDING'.";"";"freedict+kelly+frequencywords"
"A2";"Zevk";"KICK";"Verb";"1588";"AI reddi";"ai_rejected";"ollama:gemma4:12b";"1";"Tekme";"The current clue 'Zevk' is incorrect. 'Kick' means 'Tekme' or 'Tekmelemek'. 'Zevk' is not a synonym.";"Şikayet | Tekme | Tekmelemek | Heves";"freedict+kelly+frequencywords"
"A2";"Gerçekten";"HONEST";"Adjective";"1589";"AI reddi";"ai_rejected";"ollama:gemma4:12b";"1";"Dürüst";"The clue 'Gerçekten' is an adverb. 'Honest' is an adjective. The correct single-word clue should be 'Dürüst'.";"Dürüst | Namuslu";"freedict+kelly+frequencywords"
"A2";"Çalmak";"BLOW";"Verb";"1590";"AI reddi";"ai_rejected";"ollama:gemma4:12b";"1";"Darbe";"The clue 'Çalmak' is incorrect for 'Blow'. 'Darbe' or 'Vurmak' would be appropriate for the verb 'Blow'.";"Saldırı | Rüzgar | Darbe | Felaket";"freedict+kelly+frequencywords"
"A2";"Yanlış";"FAULT";"Noun";"1592";"AI reddi";"ai_rejected";"ollama:gemma4:12b";"1";"Hata";"The current clue 'Yanlış' is an adjective/adverb, while 'FAULT' is a noun. 'Hata' is the correct noun form.";"Hata | Çatlak | Ayıp | Kusur";"freedict+kelly+frequencywords"
"A2";"Sağ";"ALIVE";"Adjective";"1593";"AI reddi";"ai_rejected";"ollama:gemma4:12b";"1";"Canlı";"The clue 'Sağ' means 'right' or 'healthy' and is ambiguous. 'Canlı' is the direct translation for 'alive'.";"Hayatta | Canlı | Hassas | Heyecanlı";"freedict+kelly+frequencywords"
"A2";"Ses";"CRY";"Verb";"1598";"AI reddi";"ai_rejected";"ollama:gemma4:12b";"1";"Ağlamak";"The clue 'Ses' means 'sound' (noun), while 'CRY' is a verb. 'Ağlamak' is the correct verb form.";"Ağlama | Ağlamak | Bağırmak | Feryat";"freedict+kelly+frequencywords"
"A2";"Çok";"THICK";"Adjective";"1599";"AI reddi";"ai_rejected";"ollama:gemma4:12b";"1";"Kalın";"The clue 'Çok' means 'much/very'. 'Kalın' is the correct translation for 'thick'.";"Kalın | Sık | Koyu | Samimi";"freedict+kelly+frequencywords"
"A2";"Hazine";"MINE";"Pronoun";"1602";"AI reddi";"ai_rejected";"ollama:gemma4:12b";"1";"Benim";"The clue 'Hazine' means 'treasure'. Since 'MINE' is listed as a Pronoun, the clue should be 'Benim' (possessive).";"Maden | Lağım";"freedict+kelly+frequencywords"
"A2";"Para";"POCKET";"Noun";"1605";"AI reddi";"ai_rejected";"ollama:gemma4:12b";"1";"Cep";"The current clue 'Para' (Money) is a different concept. 'Cep' is the correct single-word noun for pocket.";"Cep | Saklamak | Çukur | Gizlemek";"freedict+kelly+frequencywords"
"A2";"Güzel";"SWEET";"Adjective";"1606";"İnsan incelemesi";"needs_review";"ollama:gemma4:12b";"0.9";"Tatlı";"The clue 'Güzel' is too broad and can mean 'beautiful'. 'Tatlı' is the specific primary meaning for 'Sweet'.";"Hoş | Tatlı | Sevgili | Sevimli";"freedict+kelly+frequencywords"
"A2";"Doğru";"SQUARE";"Adjective";"1608";"AI reddi";"ai_rejected";"ollama:gemma4:12b";"1";"Kare";"The clue 'Doğru' means 'correct' or 'straight'. 'Kare' is the correct geometric term for 'Square'.";"Tam | Açık | Dürüst | Ada";"freedict+kelly+frequencywords"
"A2";"Güzel";"GLAD";"Adjective";"1609";"AI reddi";"ai_rejected";"ollama:gemma4:12b";"1";"Memnun";"The clue 'Güzel' is ambiguous. 'Memnun' or 'Mutlu' are accurate single-word adjectives for 'Glad'.";"Parlak | Gülen";"freedict+kelly+frequencywords"
"A2";"Durdurmak";"SHUT";"Verb";"1617";"AI reddi";"ai_rejected";"ollama:gemma4:12b";"1";"Kapat";"The clue 'Durdurmak' means 'to stop'. 'Kapat' is the correct verb for 'Shut'.";"Kapalı | Kapatmak | Susturmak | Kapamak";"freedict+kelly+frequencywords"
"A2";"Herkes";"ANYBODY";"Pronoun";"1618";"AI onaylı";"ai_approved";"ollama:gemma4:12b";"1";"Herkes";"The clue 'Herkes' is a correct, single-word Turkish equivalent for 'Anybody' in this context.";"";"freedict+kelly+frequencywords"
"A2";"Zarar";"HURT";"Verb";"1619";"AI onaylı";"ai_approved";"ollama:gemma4:12b";"0.95";"Zarar";"The clue 'Zarar' is a valid single-word synonym for 'Hurt' as a verb/noun concept.";"Acı | İncitmek | Hasar | Ağrı";"freedict+kelly+frequencywords"
"A2";"Put";"GOD";"Noun";"1620";"AI reddi";"ai_rejected";"ollama:gemma4:12b";"1";"Tanrı";"The current clue 'Put' is unrelated to the word 'God'. 'Tanrı' is the correct Turkish equivalent.";"";"freedict+kelly+frequencywords"
"A2";"Diz";"KNEE";"Noun";"1624";"AI onaylı";"ai_approved";"ollama:gemma4:12b";"1";"Diz";"The clue 'Diz' is the exact and correct translation for 'Knee'.";"";"freedict+kelly+frequencywords"
"A2";"Bağırmak";"SHOUT";"Verb";"1626";"AI onaylı";"ai_approved";"ollama:gemma4:12b";"0.9";"Bağırmak";"While 'Çığlık' is a noun (Scream), 'Bağırmak' is the verb form. However, 'Çığlık' is often used in such contexts; 'Bağırmak' is slightly more accurate for the verb 'Shout'.";"Çağırmak | Bağırmak | Bağırma | Feryat";"freedict+kelly+frequencywords"
"A2";"Küçük";"TOY";"Noun";"1639";"AI reddi";"ai_rejected";"ollama:gemma4:12b";"1";"Oyuncak";"The current clue 'Küçük' (Small) is too broad and does not specifically define 'Toy'. 'Oyuncak' is the correct direct translation.";"Oyuncak | Eğlenmek";"freedict+kelly+frequencywords"
"A2";"Plastik";"PLASTIC";"Adjective";"1642";"AI onaylı";"ai_approved";"ollama:gemma4:12b";"1";"Plastik";"The clue is accurate, matches the word type, and is a standard translation.";"Naylon";"freedict+kelly+frequencywords"
"A2";"Tutun";"SMOKE";"Noun";"1648";"AI reddi";"ai_rejected";"ollama:gemma4:12b";"1";"Duman";"The clue 'Tutun' is a verb (to smoke/tobacco) or a specific noun, whereas 'Duman' is the correct noun for 'Smoke'.";"Duman";"freedict+kelly+frequencywords"
"A2";"Zeki";"CLEVER";"Adjective";"1651";"AI onaylı";"ai_approved";"ollama:gemma4:12b";"1";"Zeki";"The clue 'Zeki' is a precise and common translation for 'Clever' at A2 level.";"Akıllı | Becerikli";"freedict+kelly+frequencywords"
"A2";"Çikolata";"CHOCOLATE";"Noun";"1652";"AI onaylı";"ai_approved";"ollama:gemma4:12b";"1";"Çikolata";"The clue is a direct and accurate translation of the word.";"Çikolatalı";"freedict+kelly+frequencywords"
"A2";"Kaba";"LOUD";"Adjective";"1653";"AI reddi";"ai_rejected";"ollama:gemma4:12b";"1";"Gürültülü";"The clue 'Kaba' means 'rude' or 'coarse', which is not a synonym for 'LOUD'. 'Gürültülü' is the correct adjective.";"Sesli | Gürültülü";"freedict+kelly+frequencywords"
"A2";"Saçma";"STUPID";"Adjective";"1662";"AI onaylı";"ai_approved";"ollama:gemma4:12b";"0.95";"Saçma";"The clue 'Saçma' is a valid and common synonym for 'Stupid' in this context.";"Budala";"freedict+kelly+frequencywords"
"A2";"Korkunç";"AWFUL";"Adjective";"1666";"AI onaylı";"ai_approved";"ollama:gemma4:12b";"0.95";"Korkunç";"The clue 'Korkunç' is a standard synonym for 'Awful'.";"Berbat | Müthiş";"freedict+kelly+frequencywords"
"A2";"Saçma";"MOON";"Noun";"1668";"AI reddi";"ai_rejected";"ollama:gemma4:12b";"1";"";"The clue 'Saçma' means 'absurd/nonsense', not 'Moon'. The correct Turkish word is 'Ay'.";"Uydu";"freedict+kelly+frequencywords"
"A2";"Sıfır";"ZERO";"Number";"1669";"AI onaylı";"ai_approved";"ollama:gemma4:12b";"0.95";"Sıfır";"While 'Hiç' can mean 'none', 'Sıfır' is the direct translation for the number 'Zero'. However, 'Hiç' is often used in similar contexts, but 'Sıfır' is more precise for the number.";"Sıfır | Hiçlik";"freedict+kelly+frequencywords"
"A2";"Efendim";"SIR";"Noun";"1677";"AI onaylı";"ai_approved";"ollama:gemma4:12b";"1";"Efendim";"The clue 'Efendim' is a correct and common one-word Turkish equivalent for 'Sir' in this context.";"Sör";"freedict+kelly+frequencywords"
"A2";"Kullanılmış";"USED";"Adjective";"1680";"AI onaylı";"ai_approved";"ollama:gemma4:12b";"1";"Kullanılmış";"The clue 'Kullanılmış' accurately reflects the primary meaning of 'Used' as an adjective.";"Alışık | Tükenmek";"freedict+kelly+frequencywords"
"A2";"Uyurken";"ASLEEP";"Adjective";"1685";"AI onaylı";"ai_approved";"ollama:gemma4:12b";"1";"Uyurken";"The clue 'Uyurken' is a valid one-word Turkish equivalent for the state of being asleep.";"Uyuşmuş";"freedict+kelly+frequencywords"
"A2";"Koşmak";"HURRY";"Verb";"1689";"AI reddi";"ai_rejected";"ollama:gemma4:12b";"0.95";"Acele";"The current clue 'Koşmak' means 'to run', which is not the primary meaning of 'Hurry'. 'Acele' is the correct one-word equivalent.";"Sıkıştırmak";"freedict+kelly+frequencywords"
"A2";"Uyanık";"AWAKE";"Adjective";"1695";"AI onaylı";"ai_approved";"ollama:gemma4:12b";"1";"Uyanık";"The clue 'Uyanık' is a correct and common one-word Turkish equivalent for 'Awake'.";"Tetikte | Uyandırıcı";"freedict+kelly+frequencywords"
"A2";"Pizza";"PIZZA";"Noun";"1697";"AI onaylı";"ai_approved";"ollama:gemma4:12b";"1";"Pizza";"The clue is a direct and accurate translation for the word pizza.";"";"freedict+kelly+frequencywords"
"A2";"Çörek";"BUN";"Noun";"1698";"AI onaylı";"ai_approved";"ollama:gemma4:12b";"0.95";"Çörek";"The word 'çörek' is a correct and common translation for 'bun'.";"";"freedict+kelly+frequencywords"
"A2";"Darbe";"SOCK";"Noun";"1702";"AI reddi";"ai_rejected";"ollama:gemma4:12b";"1";"Çorap";"The clue 'Darbe' means 'blow/strike', which is incorrect for 'sock' (garment).";"";"freedict+kelly+frequencywords"
"A2";"Kaynak";"HAM";"Noun";"1703";"AI reddi";"ai_rejected";"ollama:gemma4:12b";"1";"Jambon";"The clue 'Kaynak' means 'source', which is incorrect for 'ham' (meat).";"Jambon | But";"freedict+kelly+frequencywords"
"B1";"Yardım";"SERVICE";"Noun";"1710";"İnsan incelemesi";"needs_review";"ollama:gemma4:12b";"0.85";"Hizmet";"The clue 'Yardım' means 'help', while 'Hizmet' is the more accurate translation for 'service'.";"Görev | Hizmet | Yarar | Tören";"freedict+kelly+frequencywords"
"B1";"Evde";"WITHIN";"Preposition";"1712";"AI reddi";"ai_rejected";"ollama:gemma4:12b";"1";"İçinde";"The clue 'Evde' (at home) is not a direct synonym for 'within'. 'İçinde' is the correct prepositional equivalent.";"İçinde | İçeride | İçeriden | Yürekten";"freedict+kelly+frequencywords"
"B1";"Hazır";"AVAILABLE";"Adjective";"1713";"AI onaylı";"ai_approved";"ollama:gemma4:12b";"0.95";"Hazır";"The clue 'Hazır' is a valid and common synonym for 'available' in this context.";"Kullanışlı";"freedict+kelly+frequencywords"
"B1";"Açmak";"DEVELOP";"Verb";"1715";"AI reddi";"ai_rejected";"ollama:gemma4:12b";"1";"Geliştirmek";"The clue 'Açmak' (to open) is incorrect for 'develop'. 'Geliştirmek' is the correct translation.";"Geliştirmek | Yıkamak | Genişletmek";"freedict+kelly+frequencywords"
"B1";"Sorun";"ISSUE";"Noun";"1716";"AI onaylı";"ai_approved";"ollama:gemma4:12b";"0.95";"Sorun";"The clue 'Sorun' is a standard and accurate synonym for 'issue' as a noun.";"Çocuklar | Konu | Mesele | Sonuç";"freedict+kelly+frequencywords"
"B1";"Derece";"LEVEL";"Noun";"1717";"İnsan incelemesi";"needs_review";"ollama:gemma4:12b";"0.85";"Seviye";"The clue 'Derece' can mean 'degree' or 'level', but 'Seviye' is more precise for 'level' in many contexts.";"Düz | Seviye | Yüzey | Düzeltmek";"freedict+kelly+frequencywords"
"B1";"Gitmek";"LEAD";"Verb";"1718";"AI reddi";"ai_rejected";"ollama:gemma4:12b";"1";"Başlatmak";"The clue 'Gitmek' (to go) is incorrect for 'LEAD'. 'Başlatmak' or 'Yönetmek' are better fits.";"Çekmek | Saçma | Başlamak | Götürmek";"freedict+kelly+frequencywords"
"B1";"İstemek";"REQUIRE";"Verb";"1719";"AI onaylı";"ai_approved";"ollama:gemma4:12b";"0.95";"İstemek";"The clue 'İstemek' is a correct and common synonym for 'REQUIRE' in this context.";"İhtiyaç | İcap";"freedict+kelly+frequencywords"
"B1";"Gelişme";"DEVELOPMENT";"Noun";"1720";"AI onaylı";"ai_approved";"ollama:gemma4:12b";"0.98";"Gelişme";"The clue 'Gelişme' is a precise and common translation for 'DEVELOPMENT'.";"İlerleme";"freedict+kelly+frequencywords"
"B1";"Bağlamak";"INVOLVE";"Verb";"1723";"AI reddi";"ai_rejected";"ollama:gemma4:12b";"1";"İçermek";"The clue 'Bağlamak' (to connect/tie) is not the primary meaning of 'INVOLVE'. 'İçermek' is more accurate.";"Dalmak | Sarmak";"freedict+kelly+frequencywords"
"B1";"Ayrıca";"FURTHER";"Adjective";"1725";"AI reddi";"ai_rejected";"ollama:gemma4:12b";"1";"Daha";"The clue 'Ayrıca' (moreover/also) is an adverbial usage. As an adjective/adverb, 'Daha' is a better single-word fit.";"Uzaktaki | Ötedeki";"freedict+kelly+frequencywords"
"B1";"Almak";"RECEIVE";"Verb";"1726";"AI reddi";"ai_rejected";"ollama:gemma4:12b";"1";"Almak";"The current clue 'Almak' is ambiguous as it can mean 'to buy' or 'to receive'. However, in this context, 'Almak' is the closest single word, but 'Kabullenmek' or 'Almak' (in specific contexts) is often confused. Since 'Almak' is the most's'";"Anlamak | Kaldırmak | Taşımak | Uğramak";"freedict+kelly+frequencywords"
"B1";"Tutmak";"SUPPORT";"Verb";"1728";"AI reddi";"ai_rejected";"ollama:gemma4:12b";"1";"Desteklemek";"The clue 'Tutmak' (to hold) is a different verb. 'Desteklemek' is the correct verb form for 'Support'.";"Çekmek | Götürmek | Destek | Kaldırmak";"freedict+kelly+frequencywords"
"B1";"Görmek";"EXPERIENCE";"Noun";"1729";"AI reddi";"ai_rejected";"ollama:gemma4:12b";"1";"Deneyim";"The clue 'Görmek' (to see) is a different verb. The word is a noun/verb for 'Deneyim' or 'Tecrübe'.";"Görgü | Deney | Çekmek | Tecrübe";"freedict+kelly+frequencywords"
"B1";"Kurmak";"BASE";"Verb";"1731";"AI reddi";"ai_rejected";"ollama:gemma4:12b";"1";"Temel";"The clue 'Kurmak' (to establish) is a verb, but 'Base' as a noun is 'Temel'. The current clue is a different verb.";"Sahte | Piç | Temel | Adi";"freedict+kelly+frequencywords"
"B1";"Olmak";"RANGE";"Noun";"1733";"AI reddi";"ai_rejected";"ollama:gemma4:12b";"1";"Aralık";"The clue 'Olmak' (to be) is unrelated. 'Aralık' or 'Çeşitlilik' would be appropriate for 'Range'.";"Alan | Sıra | Dizi | Saha";"freedict+kelly+frequencywords"
"B1";"Söz";"TERM";"Noun";"1734";"İnsan incelemesi";"needs_review";"ollama:gemma4:12b";"1";"Süre";"The word 'Söz' is ambiguous (word, promise, term). 'Süre' is a more precise single-word synonym for 'term' in many contexts.";"Demek | Süre | Şart | Dönem";"freedict+kelly+frequencywords"
"B1";"Düşünmek";"CONSIDER";"Verb";"1735";"AI onaylı";"ai_approved";"ollama:gemma4:12b";"1";"Düşünmek";"The clue 'Düşünmek' is a direct and accurate translation for 'consider' at B1 level.";"Saymak";"freedict+kelly+frequencywords"
"B1";"Yol";"PROCESS";"Noun";"1737";"İnsan incelemesi";"needs_review";"ollama:gemma4:12b";"1";"Süreç";"The clue 'Yol' means 'way/path'. 'Süreç' is the accurate translation for 'process'.";"Yöntem | Süreç | Usul | İlerleme";"freedict+kelly+frequencywords"
"B1";"Yapmak";"PRODUCE";"Verb";"1738";"İnsan incelemesi";"needs_review";"ollama:gemma4:12b";"1";"Üretmek";"The clue 'Yapmak' is too general. 'Üretmek' is the specific and correct translation for 'produce'.";"Vermek | Göstermek | Ürün | Doğurmak";"freedict+kelly+frequencywords"
"B1";"Halk";"COMMUNITY";"Noun";"1740";"İnsan incelemesi";"needs_review";"ollama:gemma4:12b";"1";"Toplum";"The clue 'Halk' means 'people/public'. 'Toplum' is the standard translation for 'community'.";"Toplum | Ahali | Cemiyet";"freedict+kelly+frequencywords"
"B1";"Hükümet";"GOVERNMENT";"Noun";"1742";"AI onaylı";"ai_approved";"ollama:gemma4:12b";"1";"Hükümet";"The clue 'Hükümet' is a direct and accurate translation for 'Government' at B1 level.";"Yönetim | Hüküm | İdare | Memleket";"freedict+kelly+frequencywords"
"B1";"Görünmek";"APPEAR";"Verb";"1743";"AI onaylı";"ai_approved";"ollama:gemma4:12b";"1";"Görünmek";"The clue 'Görünmek' is the standard translation for 'Appear' and fits the B1 level.";"Gözükmek";"freedict+kelly+frequencywords"
"B1";"Kalmak";"REMAIN";"Verb";"1744";"AI onaylı";"ai_approved";"ollama:gemma4:12b";"1";"Kalmak";"The clue 'Kalmak' is the correct primary meaning for 'Remain' in this context.";"Durmak | Ceset | Cenaze | Gitmemek";"freedict+kelly+frequencywords"
"B1";"Açık";"PUBLIC";"Adjective";"1745";"İnsan incelemesi";"needs_review";"ollama:gemma4:12b";"0.85";"Genel";"The current clue 'Açık' can mean 'Open' or 'Public'. 'Genel' is a more precise synonym for 'Public' as an adjective.";"Genel | Otel | Açıkça | Umumi";"freedict+kelly+frequencywords"
"B1";"Büyümek";"INCREASE";"Verb";"1746";"AI reddi";"ai_rejected";"ollama:gemma4:12b";"0.95";"Artmak";"The current clue 'Büyümek' means 'to grow'. 'Artmak' is the more accurate translation for 'Increase'.";"Büyütmek | Ürün | Arttırmak | Büyüme";"freedict+kelly+frequencywords"
"B1";"Gönder";"STAFF";"Noun";"1747";"AI reddi";"ai_rejected";"ollama:gemma4:12b";"1";"Personel";"The current clue 'Gönder' means 'send' or 'send off', which is unrelated to 'staff' (personnel/staff). 'Personel' is the correct single-word synonym.";"Direk | Personel | Sopa | Asa";"freedict+kelly+frequencywords"
"B1";"Çeşit";"QUALITY";"Noun";"1749";"AI reddi";"ai_rejected";"ollama:gemma4:12b";"1";"Özellik";"The clue 'Çeşit' means 'variety' or 'kind'. 'Quality' is best translated as 'Özellik' or 'Nitelik'.";"Sınıf | Nevi | Kaliteli | Özellik";"freedict+kelly+frequencywords"
"B1";"Başka";"SEVERAL";"Adjective";"1750";"AI reddi";"ai_rejected";"ollama:gemma4:12b";"1";"Birkaç";"The clue 'Başka' means 'other'. 'Several' means 'birkaç' or 'çeşitli'.";"Tek | Birkaç | Ayrı | Çeşitli";"freedict+kelly+frequencywords"
"B1";"Özel";"PARTICULAR";"Adjective";"1752";"AI onaylı";"ai_approved";"ollama:gemma4:12b";"1";"Özel";"The clue 'Özel' is a correct and common translation for 'particular' in this context.";"Dikkatli | Belirli | Madde | Şahsi";"freedict+kelly+frequencywords"
"B1";"Geçerli";"CURRENT";"Adjective";"1753";"AI onaylı";"ai_approved";"ollama:gemma4:12b";"1";"Geçerli";"The clue 'Geçerli' is a correct translation for 'current' when referring to time or status.";"Akım | Cereyan";"freedict+kelly+frequencywords"
"B1";"Bağlantı";"LINK";"Noun";"1754";"AI onaylı";"ai_approved";"ollama:gemma4:12b";"1";"Bağlantı";"The clue 'Bağlantı' is a precise, single-word synonym for 'LINK' in this context.";"Halka | Bağ";"freedict+kelly+frequencywords"
"B1";"Gerçekten";"EFFECT";"Noun";"1755";"AI reddi";"ai_rejected";"ollama:gemma4:12b";"1";"Etki";"The current clue 'Gerçekten' means 'Really' and is not a synonym for 'EFFECT'. 'Etki' is the correct single-word translation.";"Aslında | Sonuç | Etki | Anlam";"freedict+kelly+frequencywords"
"B1";"Büyük";"MAJOR";"Adjective";"1756";"AI onaylı";"ai_approved";"ollama:gemma4:12b";"1";"Büyük";"The clue 'Büyük' is a common and accurate translation for 'MAJOR' as an adjective.";"Asıl | Başlıca";"freedict+kelly+frequencywords"
"B1";"Önemli";"MATERIAL";"Noun";"1760";"AI reddi";"ai_rejected";"ollama:gemma4:12b";"1";"Malzeme";"The current clue 'Önemli' means 'Important'. The correct single-word translation for 'MATERIAL' is 'Malzeme'.";"Gerekli | Madde | Etkili | Malzeme";"freedict+kelly+frequencywords"
"B1";"Yol";"ACCESS";"Noun";"1762";"İnsan incelemesi";"needs_review";"ollama:gemma4:12b";"0.9";"Erişim";"The current clue 'Yol' means 'Way/Road'. While related, 'Erişim' is the more accurate technical term for 'ACCESS'.";"Geçit | Giriş";"freedict+kelly+frequencywords"
"B1";"Değer";"VALUE";"Noun";"1763";"AI onaylı";"ai_approved";"ollama:gemma4:12b";"1";"Değer";"The clue 'Değer' is a precise, single-word synonym for 'Value' in this context.";"Mal | Önem | Değersiz | İtibar";"freedict+kelly+frequencywords"
"B1";"İdare";"POLICY";"Noun";"1764";"İnsan incelemesi";"needs_review";"ollama:gemma4:12b";"0.8";"Politika";"The clue 'İdare' is ambiguous and can mean 'management' or 'administration'. 'Politika' is a more accurate single-word translation for 'Policy'.";"Politika | Siyaset | Tedbir";"freedict+kelly+frequencywords"
"B1";"Durum";"CONDITION";"Noun";"1765";"AI onaylı";"ai_approved";"ollama:gemma4:12b";"1";"Durum";"The clue 'Durum' is a standard and accurate single-word translation for 'Condition'.";"Sağlık | Kayıt | Hal | Şart";"freedict+kelly+frequencywords"
"B1";"Talep";"APPLICATION";"Noun";"1766";"İnsan incelemesi";"needs_review";"ollama:gemma4:12b";"0.8";"Uygulama";"The clue 'Talep' means 'request/demand'. 'Uygulama' is the standard translation for 'Application' in a general sense.";"Uygulama | Özen | Dilekçe | Merhem";"freedict+kelly+frequencywords"
"B1";"Tam";"DUE";"Adjective";"1767";"AI reddi";"ai_rejected";"ollama:gemma4:12b";"0.9";"Vadesi";"The clue 'Tam' is incorrect for 'Due'. 'Vadesi' or 'Beklenen' would be more appropriate, but 'Tam' is unrelated.";"Uygun | Yeterli | Alacak | Sebebiyle";"freedict+kelly+frequencywords"
"B1";"Dokunma";"CONTACT";"Noun";"1768";"İnsan incelemesi";"needs_review";"ollama:gemma4:12b";"1";"Temas";"The current clue 'Dokunma' is ambiguous and can mean 'touching' (action) or 'no touching'. 'Temas' is a more accurate and standard translation for 'Contact' in a general context.";"Görüşme | Temas | Değiş | İlişki";"freedict+kelly+frequencywords"
"B1";"Terbiye";"TRAINING";"Noun";"1772";"AI reddi";"ai_rejected";"ollama:gemma4:12b";"1";"Eğitim";"The clue 'Terbiye' refers to manners/upbringing. 'Eğitim' is the correct standard translation for 'Training'.";"Talim | Tahsil";"freedict+kelly+frequencywords"
"B1";"Yönetim";"MANAGEMENT";"Noun";"1773";"AI onaylı";"ai_approved";"ollama:gemma4:12b";"1";"Yönetim";"The clue 'Yönetim' is accurate, unambiguous, and matches the word class.";"İdare | Usul";"freedict+kelly+frequencywords"
"B1";"Asıl";"SOURCE";"Noun";"1774";"AI reddi";"ai_rejected";"ollama:gemma4:12b";"1";"Kaynak";"The clue 'Asıl' means 'original/main'. 'Kaynak' is the standard translation for 'Source'.";"Sebep | Esas | Kaynak | Pınar";"freedict+kelly+frequencywords"
"B1";"Birkaç";"VARIOUS";"Adjective";"1775";"AI reddi";"ai_rejected";"ollama:gemma4:12b";"1";"Çeşitli";"The clue 'Birkaç' means 'a few'. 'Çeşitli' is the correct translation for 'Various'.";"Farklı | Ayrı | Değişik | Çeşitli";"freedict+kelly+frequencywords"
"B1";"Getirmek";"REDUCE";"Verb";"1777";"AI reddi";"ai_rejected";"ollama:gemma4:12b";"1";"Azaltmak";"The current clue 'Getirmek' is incorrect for 'REDUCE'. 'Azaltmak' is the accurate single-word synonym.";"Kırmak | Çevirmek | İndirmek | Azaltmak";"freedict+kelly+frequencywords"
"B1";"Çıkarmak";"RAISE";"Verb";"1778";"AI reddi";"ai_rejected";"ollama:gemma4:12b";"1";"Artırmak";"The clue 'Çıkarmak' is ambiguous. 'Artırmak' is a more precise synonym for 'RAISE' in many contexts.";"Kaldırmak | Uyandırmak | Yetiştirmek | Büyütmek";"freedict+kelly+frequencywords"
"B1";"Durum";"STATE";"Noun";"1779";"AI onaylı";"ai_approved";"ollama:gemma4:12b";"0.95";"Durum";"The clue 'Durum' is a correct and common translation for 'STATE' as a noun.";"Resmi | Devlet | Hükümet | Hal";"freedict+kelly+frequencywords"
"B1";"Kazanmak";"ACHIEVE";"Verb";"1780";"AI reddi";"ai_rejected";"ollama:gemma4:12b";"1";"Başarmak";"The clue 'Kazanmak' is less precise than 'Başarmak' for the verb 'ACHIEVE'.";"Yapabilmek | Başarmak";"freedict+kelly+frequencywords"
"B1";"Sosyal";"SOCIAL";"Adjective";"1781";"AI onaylı";"ai_approved";"ollama:gemma4:12b";"0.98";"Sosyal";"The clue 'Sosyal' is a direct and accurate translation for 'SOCIAL'.";"Sosyetik";"freedict+kelly+frequencywords"
"B1";"Başlangıç";"APPROACH";"Noun";"1783";"İnsan incelemesi";"needs_review";"ollama:gemma4:12b";"0.95";"Yaklaşım";"The current clue 'Başlangıç' (Beginning) is ambiguous. 'Yaklaşım' is a more precise noun for 'Approach'.";"Başlamak | Yaklaşma | Yaklaşmak";"freedict+kelly+frequencywords"
"B1";"Kaynak";"RESOURCE";"Noun";"1785";"AI onaylı";"ai_approved";"ollama:gemma4:12b";"0.98";"Kaynak";"The clue 'Kaynak' is a direct and accurate translation for 'Resource'.";"Çare | Dayanak";"freedict+kelly+frequencywords"
"B1";"Hak";"BENEFIT";"Noun";"1788";"İnsan incelemesi";"needs_review";"ollama:gemma4:12b";"0.95";"Fayda";"The current clue 'Hak' (Right/Entitlement) is incorrect for 'Benefit'. 'Fayda' is the correct noun.";"Kar | Yarar | Yetki | Fayda";"freedict+kelly+frequencywords"
"B1";"Yapma";"PERFORMANCE";"Noun";"1789";"İnsan incelemesi";"needs_review";"ollama:gemma4:12b";"0.95";"Performans";"The clue 'Yapma' is a verb form and too vague. 'Performans' or 'Gösteri' is better for the noun 'Performance'.";"Çalışma | Gösteri | Temsil | Eser";"freedict+kelly+frequencywords"
"B1";"Yeni";"RECENT";"Adjective";"1790";"İnsan incelemesi";"needs_review";"ollama:gemma4:12b";"0.92";"Son";"The clue 'Yeni' (New) is often used for 'New', while 'Recent' specifically implies 'Son' (recent/of late).";"";"freedict+kelly+frequencywords"
"B1";"Söylemek";"RELATE";"Verb";"1793";"AI reddi";"ai_rejected";"ollama:gemma4:12b";"1";"Bağlamak";"The clue 'Söylemek' (to say/tell) is incorrect for 'relate'. 'Bağlamak' or 'İlişkilendirmek' is more accurate.";"Anlatmak";"freedict+kelly+frequencywords"
"B1";"Bilgi";"KNOWLEDGE";"Noun";"1794";"AI onaylı";"ai_approved";"ollama:gemma4:12b";"1";"Bilgi";"The clue 'Bilgi' is a perfect single-word synonym for 'knowledge'.";"Zeki | Kanaat";"freedict+kelly+frequencywords"
"B1";"Gayret";"INDUSTRY";"Noun";"1795";"AI onaylı";"ai_approved";"ollama:gemma4:12b";"0.95";"Gayret";"While 'Sanayi' is common, 'Gayret' is a valid single-word synonym for 'industry' in the context of effort.";"Sanayi | Endüstri";"freedict+kelly+frequencywords"
"B1";"Uygun";"APPROPRIATE";"Adjective";"1798";"AI onaylı";"ai_approved";"ollama:gemma4:12b";"1";"Uygun";"The clue 'Uygun' is the standard and correct translation for 'appropriate'.";"Yerinde | Almak | Ayırmak | Münasip";"freedict+kelly+frequencywords"
"B1";"Seri";"SERIES";"Noun";"1802";"AI onaylı";"ai_approved";"ollama:gemma4:12b";"1";"Seri";"The clue 'Seri' is a correct and common translation for 'series'.";"";"freedict+kelly+frequencywords"
"B1";"Ayak";"STANDARD";"Noun";"1803";"AI reddi";"ai_rejected";"ollama:gemma4:12b";"1";"Ölçü";"The clue 'Ayak' (Foot) is unrelated to 'Standard'. 'Ölçü' or 'Kalıp' would be better.";"Destek | Direk | Standart | Bayrak";"freedict+kelly+frequencywords"
"B1";"Yol";"METHOD";"Noun";"1804";"İnsan incelemesi";"needs_review";"ollama:gemma4:12b";"0.9";"Yöntem";"The clue 'Yol' (Way/Road) is ambiguous for 'Method'. 'Yöntem' is more precise.";"Tarz | Düzen | Yöntem | Usul";"freedict+kelly+frequencywords"
"B1";"Sadece";"SIMPLY";"Adverb";"1805";"AI onaylı";"ai_approved";"ollama:gemma4:12b";"0.95";"Sadece";"The clue 'Sadece' is a correct and common translation for 'Simply' as an adverb.";"Ancak";"freedict+kelly+frequencywords"
"B1";"Niyet";"PURPOSE";"Noun";"1807";"İnsan incelemesi";"needs_review";"ollama:gemma4:12b";"0.9";"Amaç";"The clue 'Niyet' (Intention) is close but 'Amaç' (Purpose) is the more direct synonym.";"İstemek | Murat | İsteyerek | Mahsus";"freedict+kelly+frequencywords"
"B1";"Tek";"INDIVIDUAL";"Adjective";"1808";"AI reddi";"ai_rejected";"ollama:gemma4:12b";"1";"Bireysel";"The clue 'Tek' (Single/Only) is not the best fit for 'Individual'. 'Bireysel' is the correct adjective form.";"Kimse | Ayrı | Şahıs | Bireysel";"freedict+kelly+frequencywords"
"B1";"Delil";"EVIDENCE";"Noun";"1811";"İnsan incelemesi";"needs_review";"ollama:gemma4:12b";"0.9";"Delil";"The current clue 'Delil' is correct, but 'İspat' is also a strong synonym. However, 'Delil' is a standard term.";"Tanıklık | Şahit | İspat | Aydınlık";"freedict+kelly+frequencywords"
"B1";"Özel";"SPECIFIC";"Adjective";"1813";"AI onaylı";"ai_approved";"ollama:gemma4:12b";"1";"Özel";"The clue 'Özel' is a direct and accurate translation for 'Specific' at B1 level.";"Kesin | Belirli | Özgü | Bilhassa";"freedict+kelly+frequencywords"
"B1";"Hal";"FEATURE";"Noun";"1814";"AI reddi";"ai_rejected";"ollama:gemma4:12b";"1";"Özellik";"The current clue 'Hal' is ambiguous and less common than 'Özellik' for 'Feature'.";"Şekil | Makale | Özellik | Belirtmek";"freedict+kelly+frequencywords"
"B1";"Bina";"FACILITY";"Noun";"1815";"AI reddi";"ai_rejected";"ollama:gemma4:12b";"1";"Tesis";"The clue 'Bina' means 'building', which is too specific. 'Tesis' or 'Kolaylık' are better, but 'Tesis' fits the noun context better.";"Tesisat | Kolaylık";"freedict+kelly+frequencywords"
"B1";"Söylemek";"REPRESENT";"Verb";"1816";"AI reddi";"ai_rejected";"ollama:gemma4:12b";"1";"Temsil";"The clue 'Söylemek' means 'to say', which is incorrect for 'Represent'. 'Temsil' is the correct translation.";"Göstermek | Anlatmak | Açıklamak";"freedict+kelly+frequencywords"
"B1";"Olmak";"EXIST";"Verb";"1818";"AI reddi";"ai_rejected";"ollama:gemma4:12b";"1";"Varolmak";"The clue 'Olmak' is too broad and can mean 'to become' or 'to be'. 'Varolmak' is a more precise synonym for 'exist'.";"Kalmak | Yaşamak | Bulunmak | Geçinmek";"freedict+kelly+frequencywords"
"B1";"Hayal";"IMAGE";"Noun";"1820";"İnsan incelemesi";"needs_review";"ollama:gemma4:12b";"0.85";"Görüntü";"The clue 'Hayal' means 'imagination' or 'dream'. 'Görüntü' is a more accurate translation for 'image' in many contexts.";"Fikir | Görüntü | Şekil | Heykel";"freedict+kelly+frequencywords"
"B1";"Tercih";"OPTION";"Noun";"1821";"AI onaylı";"ai_approved";"ollama:gemma4:12b";"1";"Tercih";"The clue 'Tercih' is a valid and common synonym for 'option' in this context.";"Şık | Seçme";"freedict+kelly+frequencywords"
"B1";"Eski";"PREVIOUS";"Adjective";"1822";"AI reddi";"ai_rejected";"ollama:gemma4:12b";"1";"Önceki";"The clue 'Eski' means 'old'. 'Önceki' is the correct translation for 'previous'.";"Evvel | Evvelki";"freedict+kelly+frequencywords"
"B1";"Çeviri";"VERSION";"Noun";"1823";"AI reddi";"ai_rejected";"ollama:gemma4:12b";"1";"Versiyon";"The clue 'Çeviri' means 'translation'. 'Versiyon' or 'Tür' would be more accurate for 'version'.";"";"freedict+kelly+frequencywords"
"B1";"Uluslararası";"INTERNATIONAL";"Adjective";"1825";"AI onaylı";"ai_approved";"ollama:gemma4:12b";"1";"Uluslararası";"The clue is accurate, single-word, and matches the part of speech and level.";"";"freedict+kelly+frequencywords"
"B1";"Temel";"BASIS";"Noun";"1826";"AI onaylı";"ai_approved";"ollama:gemma4:12b";"1";"Temel";"The clue 'Temel' is a precise and common translation for 'Basis' at B1 level.";"Kaynak | Kaide";"freedict+kelly+frequencywords"
"B1";"Risk";"RISK";"Noun";"1827";"AI onaylı";"ai_approved";"ollama:gemma4:12b";"1";"Risk";"The word 'Risk' is commonly used in Turkish as well, but 'Tehlike' is also valid. 'Risk' is more direct.";"Risk";"freedict+kelly+frequencywords"
"B1";"Eleştiri";"REVIEW";"Noun";"1828";"İnsan incelemesi";"needs_review";"ollama:gemma4:12b";"0.85";"İnceleme";"The word 'Review' can mean 'Eleştiri' (criticism) or 'İnceleme' (examination). 'İnceleme' is often more common in academic/general contexts.";"";"freedict+kelly+frequencywords"
"B1";"Dolap";"SCHEME";"Noun";"1829";"AI reddi";"ai_rejected";"ollama:gemma4:12b";"0.9";"Plan";"The clue 'Dolap' is incorrect for 'Scheme'. 'Dolap' means 'cupboard'. 'Plan' or 'Düzenek' would be appropriate.";"";"freedict+kelly+frequencywords"
"B1";"Durum";"ASPECT";"Noun";"1830";"AI reddi";"ai_rejected";"ollama:gemma4:12b";"1";"Yön";"The clue 'Durum' (situation/state) is not the best single-word match for 'Aspect'. 'Yön' or 'Görünüm' is more accurate.";"Yüz | Bakış | Görüş | Hal";"freedict+kelly+frequencywords"
"B1";"Dünya";"NATURE";"Noun";"1832";"AI reddi";"ai_rejected";"ollama:gemma4:12b";"1";"Doğa";"The clue 'Dünya' (world) is incorrect for 'Nature'. 'Doğa' is the standard translation.";"Çeşit | Maya | Doğa | Varlıklar";"freedict+kelly+frequencywords"
"B1";"Etkilemek";"OPERATE";"Verb";"1833";"AI reddi";"ai_rejected";"ollama:gemma4:12b";"1";"Çalıştırmak";"The clue 'Etkilemek' (to influence) is not a direct synonym for 'Operate'. 'Çalıştırmak' or 'İşletmek' is better.";"İşlemek | İşletmek";"freedict+kelly+frequencywords"
"B1";"Hükümet";"AUTHORITY";"Noun";"1836";"AI reddi";"ai_rejected";"ollama:gemma4:12b";"1";"Yetki";"The clue 'Hükümet' (government) is a specific entity, not the general meaning of 'Authority'. 'Yetki' is the correct term.";"Yetki | Şahit | Otorite | İtibar";"freedict+kelly+frequencywords"
"B1";"Amaç";"AIM";"Verb";"1837";"AI onaylı";"ai_approved";"ollama:gemma4:12b";"0.95";"Amaç";"The clue 'Amaç' is a correct, common, and single-word translation for 'Aim'.";"Niyet";"freedict+kelly+frequencywords"
"B1";"Değişiklik";"VARIETY";"Noun";"1838";"AI reddi";"ai_rejected";"ollama:gemma4:12b";"1";"Çeşitlilik";"The current clue 'Değişiklik' means 'change'. The correct single-word Turkish equivalent for 'Variety' is 'Çeşitlilik'.";"Sosis | Farklılık | Karışım | Salam";"freedict+kelly+frequencywords"
"B1";"Bakmak";"ATTEND";"Verb";"1839";"AI reddi";"ai_rejected";"ollama:gemma4:12b";"1";"Katılmak";"The clue 'Bakmak' means 'to look'. 'Attend' means 'to participate' or 'to be present'. 'Katılmak' is the correct term.";"Beklemek | Katılmak | İlgilenmek";"freedict+kelly+frequencywords"
"B1";"Bina";"STRUCTURE";"Noun";"1840";"AI reddi";"ai_rejected";"ollama:gemma4:12b";"1";"Yapı";"The clue 'Bina' specifically means 'building'. 'Structure' is more general; 'Yapı' is the accurate translation.";"Yapı | İnşaat";"freedict+kelly+frequencywords"
"B1";"Yol";"VIA";"Preposition";"1842";"AI onaylı";"ai_approved";"ollama:gemma4:12b";"0.95";"Yol";"The clue 'Yol' is a valid single-word representation for 'via' in many contexts.";"Kanal";"freedict+kelly+frequencywords"
"B1";"Merak";"CONCERN";"Verb";"1844";"AI reddi";"ai_rejected";"ollama:gemma4:12b";"1";"Endişe";"The clue 'Merak' means 'curiosity'. 'Concern' as a verb/noun usually translates to 'Endişe' or 'İlgi'. 'Endişe' is the most distinct.";"Şirket | Endişe | İlgi | Kaygı";"freedict+kelly+frequencywords"
"B1";"Sayılır";"EFFECTIVE";"Adjective";"1845";"AI reddi";"ai_rejected";"ollama:gemma4:12b";"1";"Etkili";"The current clue 'Sayılır' is incorrect and unrelated to the meaning of 'Effective'. 'Etkili' is the correct one-word synonym.";"Nakit | Etkili | Hakiki | İtibar";"freedict+kelly+frequencywords"
"B1";"İlgi";"REFERENCE";"Noun";"1846";"AI reddi";"ai_rejected";"ollama:gemma4:12b";"1";"Referans";"The clue 'İlgi' is ambiguous and not a direct synonym for 'Reference'. 'Referans' is the standard term.";"Referans | İma";"freedict+kelly+frequencywords"
"B1";"Dinlemek";"REGARD";"Verb";"1849";"AI reddi";"ai_rejected";"ollama:gemma4:12b";"1";"Saygı";"The clue 'Dinlemek' (to listen) is incorrect for the verb 'Regard'. 'Saygı' or 'Bakış' would be more appropriate.";"Saygı | Bakış | Saymak | Hususunda";"freedict+kelly+frequencywords"
"B1";"Tamamen";"FULLY";"Adverb";"1850";"AI onaylı";"ai_approved";"ollama:gemma4:12b";"1";"Tamamen";"The clue 'Tamamen' is a perfect one-word synonym for 'Fully' at B1 level.";"";"freedict+kelly+frequencywords"
"B1";"Profesyonel";"PROFESSIONAL";"Adjective";"1853";"AI onaylı";"ai_approved";"ollama:gemma4:12b";"1";"Profesyonel";"The clue 'Profesyonel' is accurate, common, and matches the word class.";"Mesleki | Ustalıkla";"freedict+kelly+frequencywords"
"B1";"Ürün";"PRODUCTION";"Noun";"1854";"AI reddi";"ai_rejected";"ollama:gemma4:12b";"1";"Üretim";"The clue 'Ürün' means 'Product'. 'Production' should be 'Üretim'.";"Eser | Üretim | İmal";"freedict+kelly+frequencywords"
"B1";"Vermek";"REFER";"Verb";"1856";"AI reddi";"ai_rejected";"ollama:gemma4:12b";"1";"Atıf";"The clue 'Vermek' means 'To give'. 'Refer' is 'Atıf' or 'Başvurmak'.";"Bakmak | Göndermek | Danışmak";"freedict+kelly+frequencywords"
"B1";"Gitmek";"REMOVE";"Verb";"1857";"AI reddi";"ai_rejected";"ollama:gemma4:12b";"1";"Kaldırmak";"The clue 'Gitmek' means 'To go'. 'Remove' is 'Kaldırmak'.";"Öldürmek | Derece | Kaldırmak | Kesmek";"freedict+kelly+frequencywords"
"B1";"Sorum";"RESPONSIBILITY";"Noun";"1858";"AI reddi";"ai_rejected";"ollama:gemma4:12b";"1";"Sorumluluk";"The clue 'Sorum' is incomplete. It should be 'Sorumluluk'.";"Sorumluluk";"freedict+kelly+frequencywords"
"B1";"Zor";"FORCE";"Noun";"1859";"AI reddi";"ai_rejected";"ollama:gemma4:12b";"1";"Güç";"The clue 'Zor' means 'Hard/Difficult'. 'Force' as a noun is 'Güç' or 'Kuvvet'.";"Güç | Baskı | Geçerli | Hüküm";"freedict+kelly+frequencywords"
"B1";"Toplama";"COLLECTION";"Noun";"1860";"İnsan incelemesi";"needs_review";"ollama:gemma4:12b";"1";"Koleksiyon";"The clue 'Toplama' is ambiguous; 'Koleksiyon' is a more precise and common term for 'Collection' in this context.";"Koleksiyon | Tabaka";"freedict+kelly+frequencywords"
"B1";"Sektör";"SECTOR";"Noun";"1861";"AI onaylı";"ai_approved";"ollama:gemma4:12b";"1";"Sektör";"The clue is accurate, unambiguous, and matches the word type.";"";"freedict+kelly+frequencywords"
"B1";"Yapmak";"PERFORM";"Verb";"1862";"İnsan incelemesi";"needs_review";"ollama:gemma4:12b";"1";"Sergilemek";"The clue 'Yapmak' is too general for 'Perform'. 'Sergilemek' or 'Canlandırmak' are more specific.";"Çalmak | Canlandırmak";"freedict+kelly+frequencywords"
"B1";"Parça";"ITEM";"Noun";"1864";"İnsan incelemesi";"needs_review";"ollama:gemma4:12b";"1";"Öğe";"The clue 'Parça' can mean 'piece'. 'Öğe' is a more precise translation for 'Item'.";"Madde | Kalem | Adet | Fıkra";"freedict+kelly+frequencywords"
"B1";"Bitirmek";"DETERMINE";"Verb";"1865";"AI reddi";"ai_rejected";"ollama:gemma4:12b";"1";"Belirlemek";"The clue 'Bitirmek' means 'to finish', which is incorrect for 'Determine'. 'Belirlemek' is the correct translation.";"Kesmek | Belirlemek | Belirtmek | Tanımlamak";"freedict+kelly+frequencywords"
"B1";"Kaçınmak";"AVOID";"Verb";"1867";"AI onaylı";"ai_approved";"ollama:gemma4:12b";"1";"Kaçınmak";"The clue 'Kaçınmak' is a precise, single-word Turkish equivalent for 'AVOID' at B1 level.";"";"freedict+kelly+frequencywords"
"B1";"Sorumlu";"RESPONSIBLE";"Adjective";"1868";"AI onaylı";"ai_approved";"ollama:gemma4:12b";"1";"Sorumlu";"The clue 'Sorumlu' is a direct and accurate translation for 'RESPONSIBLE'.";"Sağduyulu";"freedict+kelly+frequencywords"
"B1";"Olmak";"OCCUR";"Verb";"1869";"AI onaylı";"ai_approved";"ollama:gemma4:12b";"0.95";"";"While 'Olmak' is acceptable, 'Meydana_gelmek' is more precise, but 'Olmak' is a valid single word.";"Bulunmak";"freedict+kelly+frequencywords"
"B1";"Ateş";"ELEMENT";"Noun";"1871";"AI reddi";"ai_rejected";"ollama:gemma4:12b";"0.9";"Unsur";"The current clue 'Ateş' (Fire) is too specific and incorrect for the general meaning of 'ELEMENT'.";"Toprak | Esas | Eleman | Unsur";"freedict+kelly+frequencywords"
"B1";"Tedavi";"TREATMENT";"Noun";"1872";"AI onaylı";"ai_approved";"ollama:gemma4:12b";"1";"Tedavi";"The clue 'Tedavi' is the standard and correct translation for 'TREATMENT'.";"Muamele";"freedict+kelly+frequencywords"
"B1";"Doğru";"DIRECT";"Adjective";"1873";"AI reddi";"ai_rejected";"ollama:gemma4:12b";"1";"Doğrudan";"The current clue 'Doğru' means 'correct' or 'true'. The correct Turkish equivalent for 'DIRECT' as an adjective is 'Doğrudan'.";"Hemen | Açık | Derhal | Göstermek";"freedict+kelly+frequencywords"
"B1";"Kazanmak";"GAIN";"Verb";"1874";"AI onaylı";"ai_approved";"ollama:gemma4:12b";"1";"Kazanmak";"The clue 'Kazanmak' is a precise and common translation for the verb 'GAIN'.";"Ulaşmak | Yarar | Varmak | Fayda";"freedict+kelly+frequencywords"
"B1";"Siyasi";"POLITICAL";"Adjective";"1877";"AI onaylı";"ai_approved";"ollama:gemma4:12b";"1";"Siyasi";"The clue 'Siyasi' is the standard and accurate translation for 'POLITICAL'.";"Siyasal";"freedict+kelly+frequencywords"
"B1";"Fikir";"UNDERSTANDING";"Noun";"1878";"AI reddi";"ai_rejected";"ollama:gemma4:12b";"1";"Anlayış";"The clue 'Fikir' means 'idea'. The correct translation for 'UNDERSTANDING' is 'Anlayış'.";"Anlaşma | Kafa | Akıllı | Anlayış";"freedict+kelly+frequencywords"
"B1";"Kuvvet";"FUNCTION";"Noun";"1880";"AI reddi";"ai_rejected";"ollama:gemma4:12b";"1";"İşlev";"The clue 'Kuvvet' means 'force' or 'power'. The correct translation for 'FUNCTION' is 'İşlev' or 'Görev'.";"Vazife | İşlemek | Merasim";"freedict+kelly+frequencywords"
"B1";"Bölge";"REGION";"Noun";"1882";"AI onaylı";"ai_approved";"ollama:gemma4:12b";"1";"Bölge";"The clue 'Bölge' is a precise, single-word synonym for 'Region' at B1 level.";"Etraf | Diyar | Memleket";"freedict+kelly+frequencywords"
"B1";"Giriş";"INTRODUCTION";"Noun";"1884";"AI onaylı";"ai_approved";"ollama:gemma4:12b";"0.95";"Giriş";"While 'Başlangıç' is acceptable, 'Giriş' is a very common and accurate single-word synonym for 'Introduction'.";"Takdim | Giriş";"freedict+kelly+frequencywords"
"B1";"Engellemek";"PREVENT";"Verb";"1885";"AI onaylı";"ai_approved";"ollama:gemma4:12b";"0.95";"Engellemek";"The current clue 'Durdurmak' is okay, but 'Engellemek' is a more precise synonym for 'Prevent' in many contexts.";"Engellemek | Önlemek | Engelleme";"freedict+kelly+frequencywords"
"B1";"Yıllık";"ANNUAL";"Adjective";"1886";"AI onaylı";"ai_approved";"ollama:gemma4:12b";"1";"Yıllık";"The clue 'Yıllık' is the standard and correct translation for 'Annual'.";"Senelik";"freedict+kelly+frequencywords"
"B1";"Korumak";"PROTECT";"Verb";"1888";"AI onaylı";"ai_approved";"ollama:gemma4:12b";"1";"Korumak";"The clue 'Korumak' is the direct and accurate translation for 'Protect'.";"Saklamak";"freedict+kelly+frequencywords"
"B1";"Göstermek";"INDICATE";"Verb";"1890";"AI onaylı";"ai_approved";"ollama:gemma4:12b";"1";"Göstermek";"The clue 'Göstermek' is a direct and accurate single-word translation for 'indicate' at B1 level.";"";"freedict+kelly+frequencywords"
"B1";"Geleneksel";"TRADITIONAL";"Adjective";"1892";"AI onaylı";"ai_approved";"ollama:gemma4:12b";"1";"Geleneksel";"The clue 'Geleneksel' is the standard and unambiguous translation for 'traditional'.";"";"freedict+kelly+frequencywords"
"B1";"Seçmek";"SELECT";"Verb";"1893";"AI onaylı";"ai_approved";"ollama:gemma4:12b";"1";"Seçmek";"The primary meaning 'Seçmek' is clear and appropriate for the B1 level.";"Üstün | Ayırmak | Seçme | Seçilmiş";"freedict+kelly+frequencywords"
"B1";"Güvenlik";"SAFETY";"Noun";"1894";"AI onaylı";"ai_approved";"ollama:gemma4:12b";"0.95";"Güvenlik";"While 'Güven' is a noun, 'Güvenlik' is the more precise translation for 'Safety' in most contexts, but 'Güven' is acceptable.";"Emniyet";"freedict+kelly+frequencywords"
"B1";"Meşru";"LEGAL";"Adjective";"1895";"İnsan incelemesi";"needs_review";"ollama:gemma4:12b";"0.85";"Hukuki";"The clue 'Meşru' means 'lawful' or 'legitimate'. While related, 'Hukuki' is the more common and direct translation for 'legal'.";"Hukuki | Kanuni";"freedict+kelly+frequencywords"
"B1";"Sürmek";"EXTEND";"Verb";"1896";"AI reddi";"ai_rejected";"ollama:gemma4:12b";"1";"Uzatmak";"The current clue 'Sürmek' is ambiguous and can mean 'to last' or 'to drive'. 'Uzatmak' is the precise translation for 'extend'.";"Varmak | Büyütmek | Büyümek | Uzatmak";"freedict+kelly+frequencywords"
"B1";"Gerçekten";"PRACTICAL";"Adjective";"1899";"AI reddi";"ai_rejected";"ollama:gemma4:12b";"1";"Pratik";"The clue 'Gerçekten' means 'really/truly'. The correct one-word clue for 'practical' is 'Pratik'.";"Pratik | Kullanışlı | Tecrübeli | Elverişli";"freedict+kelly+frequencywords"
"B1";"Kayıp";"LOSS";"Noun";"1901";"AI onaylı";"ai_approved";"ollama:gemma4:12b";"0.95";"Kayıp";"The clue 'Zarar' is acceptable, but 'Kayıp' is the most direct translation for 'loss'.";"Kayıp | Hasar | Ziyan | İsraf";"freedict+kelly+frequencywords"
"B1";"Anlatma";"RELATION";"Noun";"1902";"AI reddi";"ai_rejected";"ollama:gemma4:12b";"1";"İlişki";"The clue 'Anlatma' means 'telling/explanation'. The correct translation for 'relation' is 'İlişki'.";"Akraba | İlişki | Geçim | Akrabalar";"freedict+kelly+frequencywords"
"B1";"Meşgul";"CONFERENCE";"Noun";"1903";"AI reddi";"ai_rejected";"ollama:gemma4:12b";"1";"Konferans";"The clue 'Meşgul' means 'busy'. The correct one-word clue for 'conference' is 'Konferans'.";"Kongre | Konferans | Müzakere";"freedict+kelly+frequencywords"
"B1";"Serbest";"INDEPENDENT";"Adjective";"1904";"AI onaylı";"ai_approved";"ollama:gemma4:12b";"1";"Serbest";"The clue 'Serbest' is a valid, single-word synonym for 'Independent' in this context.";"Ayrı | Bağımsız | Hür";"freedict+kelly+frequencywords"
"B1";"Bakma";"SEARCH";"Noun";"1905";"AI reddi";"ai_rejected";"ollama:gemma4:12b";"1";"Arama";"The current clue 'Bakma' (looking) is not a precise synonym for 'Search' (arama/araştırma).";"Arama | Araştırma | Bakmak | Soruşturma";"freedict+kelly+frequencywords"
"B1";"Çıkmak";"RISE";"Verb";"1906";"İnsan incelemesi";"needs_review";"ollama:gemma4:12b";"0.8";"Yükseliş";"The clue 'Çıkmak' is a verb, but 'Rise' can be a noun. 'Yükseliş' might be more precise depending on context.";"Başlamak | Kalkmak | İlerlemek | Yükselmek";"freedict+kelly+frequencywords"
"B1";"Hareket";"MOVEMENT";"Noun";"1907";"AI onaylı";"ai_approved";"ollama:gemma4:12b";"1";"Hareket";"The clue 'Hareket' is a perfect single-word translation for 'Movement'.";"Aklı";"freedict+kelly+frequencywords"
"B1";"Yardım";"CONTRIBUTION";"Noun";"1911";"AI reddi";"ai_rejected";"ollama:gemma4:12b";"1";"Katkı";"The current clue 'Yardım' (help) is too broad; 'Katkı' is the accurate translation for 'Contribution'.";"Yazı | Bağış | Makale | Prim";"freedict+kelly+frequencywords"
"B1";"Muamele";"PROCEDURE";"Noun";"1912";"AI onaylı";"ai_approved";"ollama:gemma4:12b";"0.95";"Muamele";"The clue 'Muamele' is a valid, single-word synonym for 'Procedure' in a formal context.";"İşlem";"freedict+kelly+frequencywords"
"B1";"Nüfus";"POPULATION";"Noun";"1914";"AI onaylı";"ai_approved";"ollama:gemma4:12b";"0.98";"Nüfus";"The clue 'Nüfus' is the standard and accurate translation for 'Population'.";"Şenlik | Ahali";"freedict+kelly+frequencywords"
"B1";"Sefer";"CAMPAIGN";"Noun";"1916";"İnsan incelemesi";"needs_review";"ollama:gemma4:12b";"0.88";"Kampanya";"The clue 'Sefer' is archaic or specific to military contexts; 'Kampanya' is the more common modern equivalent.";"Kampanya";"freedict+kelly+frequencywords"
"B1";"Ray";"GUIDE";"Noun";"1917";"AI reddi";"ai_rejected";"ollama:gemma4:12b";"0.92";"Rehber";"The clue 'Ray' (beam/ray) is incorrect for 'Guide' (guide/mentor/manual).";"Rehber | Kılavuz | Yetiştirmek | Kızak";"freedict+kelly+frequencywords"
"B1";"Hedef";"TARGET";"Noun";"1918";"AI onaylı";"ai_approved";"ollama:gemma4:12b";"0.98";"Hedef";"The clue 'Hedef' is the direct and accurate translation for 'Target'.";"";"freedict+kelly+frequencywords"
"B1";"Müdür";"DIRECTOR";"Noun";"1919";"AI onaylı";"ai_approved";"ollama:gemma4:12b";"1";"Müdür";"The clue 'Müdür' is a precise, single-word synonym for 'Director' in a corporate context.";"Direktör";"freedict+kelly+frequencywords"
"B1";"Talep";"DEMAND";"Noun";"1921";"İnsan incelemesi";"needs_review";"ollama:gemma4:12b";"0.85";"Talep";"The word 'Demand' can be both a noun and a verb. The current clue 'Talep' is correct for the noun form, but the word is polysemous.";"Sormak | İstemek | İhtiyaç | İstek";"freedict+kelly+frequencywords"
"B1";"Sağlamak";"SUPPLY";"Verb";"1923";"AI reddi";"ai_rejected";"ollama:gemma4:12b";"0.95";"Tedarik";"The current clue 'Sağlamak' is a verb (to provide), but the word 'Supply' is often used as a noun (Tedarik) in this context. 'Tedarik' is a better single-word noun match.";"Mevcut | Malzeme | Tedarik";"freedict+kelly+frequencywords"
"B1";"Bırakma";"RELEASE";"Verb";"1926";"İnsan incelemesi";"needs_review";"ollama:gemma4:12b";"0.85";"Bırakma";"The word 'Release' has many meanings (release, liberation, publication). 'Bırakma' is one, but 'Yayınlama' or 'Tahliye' are also common.";"Tahliye | Kurtarma";"freedict+kelly+frequencywords"
"B1";"Bildirmek";"ANNOUNCE";"Verb";"1928";"AI onaylı";"ai_approved";"ollama:gemma4:12b";"1";"Bildirmek";"The clue 'Bildirmek' is a standard and accurate single-word translation for 'Announce'.";"Bildiri";"freedict+kelly+frequencywords"
"B1";"Söylemek";"INFORM";"Verb";"1929";"AI reddi";"ai_rejected";"ollama:gemma4:12b";"1";"Bilgi";"The current clue 'Söylemek' (to say/tell) is a verb, but 'Inform' is often used as 'Bilgi vermek'. 'Bilgi' is a better noun-based clue if the focus is on the act of informing, but 'Söylemek' is too broad. 'Bilgi' or 'Bildirmek' is better.";"Bildirmek | Canlandırmak";"freedict+kelly+frequencywords"
"B1";"Uzmanlık";"SPECIALIST";"Noun";"1930";"AI reddi";"ai_rejected";"ollama:gemma4:12b";"1";"Uzman";"The clue 'Uzmanlık' means 'Expertise' (noun), while 'Specialist' is a person (noun). The correct single word should be 'Uzman'.";"";"freedict+kelly+frequencywords"
"B1";"Saptamak";"CONFIRM";"Verb";"1932";"AI reddi";"ai_rejected";"ollama:gemma4:12b";"1";"Onaylamak";"The clue 'Saptamak' means 'to determine/identify'. The correct translation for 'Confirm' is 'Onaylamak'.";"";"freedict+kelly+frequencywords"
"B1";"İhtiyaç";"LACK";"Noun";"1933";"AI reddi";"ai_rejected";"ollama:gemma4:12b";"1";"Eksiklik";"The current clue 'İhtiyaç' means 'Need'. 'Lack' means 'Eksiklik' or 'Yoksunluk'.";"Eksiklik";"freedict+kelly+frequencywords"
"B1";"Akıllı";"ADVISE";"Verb";"1935";"AI reddi";"ai_rejected";"ollama:gemma4:12b";"1";"Öğüt";"The clue 'Akıllı' means 'Smart'. 'Advise' is a verb meaning 'Öğüt vermek' or 'Tavsiye etmek'. 'Tavsiye' is the best single word.";"Danışmak";"freedict+kelly+frequencywords"
"B1";"Canlı";"ACTIVE";"Adjective";"1936";"AI onaylı";"ai_approved";"ollama:gemma4:12b";"1";"Canlı";"The clue 'Canlı' is a valid and common synonym for 'Active' in this context.";"Aktif | Pratik | Etkin | Çalışkan";"freedict+kelly+frequencywords"
"B1";"Yarışma";"COMPETITION";"Noun";"1937";"AI onaylı";"ai_approved";"ollama:gemma4:12b";"1";"Yarışma";"The clue 'Yarışma' is the primary and most accurate translation for 'Competition'.";"Rekabet";"freedict+kelly+frequencywords"
"B1";"Doğum";"DELIVERY";"Noun";"1938";"AI reddi";"ai_rejected";"ollama:gemma4:12b";"1";"Teslim";"The current clue 'Doğum' means 'Birth', which is incorrect for 'Delivery' (Teslim).";"Teslim | Kurtarma | Kurtuluş";"freedict+kelly+frequencywords"
"B1";"Düzen";"PROGRAM";"Noun";"1939";"AI reddi";"ai_rejected";"ollama:gemma4:12b";"1";"Program";"The clue 'Düzen' means 'Order/Arrangement' and is not the standard translation for 'Program'.";"";"freedict+kelly+frequencywords"
"B1";"Sanat";"TRADE";"Noun";"1940";"AI reddi";"ai_rejected";"ollama:gemma4:12b";"1";"Ticaret";"The clue 'Sanat' means 'Art'. The correct translation for 'Trade' is 'Ticaret'.";"Alışveriş | Takas";"freedict+kelly+frequencywords"
"B1";"Sabırlı";"PATIENT";"Noun";"1942";"AI onaylı";"ai_approved";"ollama:gemma4:12b";"1";"Sabırlı";"The clue 'Sabırlı' is a direct and accurate translation for 'Patient' at B1 level.";"Dayanıklı | Azimli";"freedict+kelly+frequencywords"
"B1";"Çoğunluk";"MAJORITY";"Noun";"1945";"AI onaylı";"ai_approved";"ollama:gemma4:12b";"1";"Çoğunluk";"The clue 'Çoğunluk' is the standard and correct translation for 'Majority'.";"";"freedict+kelly+frequencywords"
"B1";"Aslında";"PRIMARY";"Adjective";"1949";"İnsan incelemesi";"needs_review";"ollama:gemma4:12b";"0.9";"Ana";"The current clue 'Aslında' means 'Actually', which is incorrect for 'Primary'. 'Ana' or 'Asıl' is the correct translation.";"Ana | Asıl | Birinci | Başlıca";"freedict+kelly+frequencywords"
"B1";"Kavram";"CONCEPT";"Noun";"1950";"AI onaylı";"ai_approved";"ollama:gemma4:12b";"0.95";"Kavram";"While 'Fikir' is acceptable, 'Kavram' is the more precise academic term for 'Concept'.";"";"freedict+kelly+frequencywords"
"B1";"Karar";"AGREEMENT";"Noun";"1951";"İnsan incelemesi";"needs_review";"ollama:gemma4:12b";"0.9";"Anlaşma";"The clue 'Karar' means 'Decision'. 'Anlaşma' is the correct translation for 'Agreement'.";"Anlaşma | Kontrat | İttifak";"freedict+kelly+frequencywords"
"B1";"Sahne";"SCENE";"Noun";"1953";"İnsan incelemesi";"needs_review";"ollama:gemma4:12b";"0.9";"Sahne";"The current clue 'Sahne' is correct, but 'Manzara' is a common synonym. However, 'Sahne' is the most direct translation for 'Scene' in a theatrical or cinematic context.";"Manzara | Perde";"freedict+kelly+frequencywords"
"B1";"İyileştirici";"MEDICAL";"Adjective";"1954";"AI reddi";"ai_rejected";"ollama:gemma4:12b";"1";"Tıbbi";"The current clue 'İyileştirici' means 'healing' or 'curative', which is not the direct translation for 'Medical'. 'Tıbbi' is the correct adjective.";"";"freedict+kelly+frequencywords"
"B1";"Kullanmak";"EMPLOY";"Verb";"1957";"AI reddi";"ai_rejected";"ollama:gemma4:12b";"1";"İstihdam";"The clue 'Kullanmak' means 'to use'. While 'employ' can mean 'use', in a professional context it means 'istihdam etmek'. 'Kullanmak' is too broad.";"Görev | Hizmet";"freedict+kelly+frequencywords"
"B1";"Araç";"IMPLEMENT";"Verb";"1958";"AI reddi";"ai_rejected";"ollama:gemma4:12b";"1";"Uygulamak";"The clue 'Araç' means 'tool' or 'vehicle'. 'Implement' is a verb meaning 'to put into effect'. 'Uygulamak' is the correct translation.";"Alet | Tamamlamak | Yürütmek";"freedict+kelly+frequencywords"
"B1";"Takdim";"PRESENTATION";"Noun";"1959";"AI reddi";"ai_rejected";"ollama:gemma4:12b";"1";"Sunum";"The clue 'Takdim' is more formal and less common than 'Sunum' for 'Presentation' in modern Turkish.";"Gösterme";"freedict+kelly+frequencywords"
"B1";"Ücret";"FEE";"Noun";"1960";"AI onaylı";"ai_approved";"ollama:gemma4:12b";"1";"Ücret";"The clue 'Ücret' is a precise, single-word synonym for 'FEE' at the B1 level.";"";"freedict+kelly+frequencywords"
"B1";"Ödeme";"PAYMENT";"Noun";"1961";"AI onaylı";"ai_approved";"ollama:gemma4:12b";"1";"Ödeme";"The clue 'Ödeme' is the standard and accurate translation for 'PAYMENT'.";"Maaş | Ücret";"freedict+kelly+frequencywords"
"B1";"Yatırım";"INVESTMENT";"Noun";"1964";"AI onaylı";"ai_approved";"ollama:gemma4:12b";"1";"Yatırım";"The clue 'Yatırım' is the correct single-word translation for 'INVESTMENT'.";"Kuşatma";"freedict+kelly+frequencywords"
"B1";"Görev";"DUTY";"Noun";"1968";"İnsan incelemesi";"needs_review";"ollama:gemma4:12b";"0.85";"Görev";"The word 'DUTY' is polysemous (duty, tax, obligation). While 'Görev' is correct, the ambiguity of the word might require review.";"Saygı | Resim | Hizmet | Borç";"freedict+kelly+frequencywords"
"B1";"Bağlamak";"CONNECT";"Verb";"1969";"AI onaylı";"ai_approved";"ollama:gemma4:12b";"1";"Bağlamak";"The clue 'Bağlamak' is a correct and common verb translation for 'CONNECT'.";"Birleştirmek | Bağlanmak | Birleşmek";"freedict+kelly+frequencywords"
"B1";"Güç";"STRENGTH";"Noun";"1970";"AI onaylı";"ai_approved";"ollama:gemma4:12b";"1";"Güç";"The clue 'Güç' is a direct and accurate translation for 'Strength' in this context.";"Şiddet | Kuvvet | Dayanıklılık";"freedict+kelly+frequencywords"
"B1";"Nihayet";"LIMIT";"Verb";"1971";"AI reddi";"ai_rejected";"ollama:gemma4:12b";"0.95";"Sınır";"The clue 'Nihayet' means 'finally' or 'at last', which is not a synonym for 'Limit'. 'Sınır' is the correct translation.";"Sınır | Had";"freedict+kelly+frequencywords"
"B1";"Hastalık";"DISEASE";"Noun";"1972";"AI onaylı";"ai_approved";"ollama:gemma4:12b";"1";"Hastalık";"The clue 'Hastalık' is the standard and accurate translation for 'Disease'.";"Rahatsızlık";"freedict+kelly+frequencywords"
"B1";"Hareket";"CONDUCT";"Verb";"1973";"İnsan incelemesi";"needs_review";"ollama:gemma4:12b";"0.85";"Yürütmek";"The clue 'Hareket' (movement) is ambiguous for 'Conduct'. It could mean 'davranış' (behavior) or 'yürütmek' (to carry out/conduct).";"Geçirmek | Davranmak | Davranış | Yürütmek";"freedict+kelly+frequencywords"
"B1";"Derece";"SCALE";"Noun";"1974";"İnsan incelemesi";"needs_review";"ollama:gemma4:12b";"0.85";"Ölçek";"The clue 'Derece' usually means 'degree' or 'grade'. For 'Scale' as a noun, 'Ölçek' or 'Derece' can be ambiguous depending on context.";"Tırmanmak | Hesaplamak";"freedict+kelly+frequencywords"
"B1";"Araç";"VEHICLE";"Noun";"1975";"AI onaylı";"ai_approved";"ollama:gemma4:12b";"1";"Araç";"The clue 'Araç' is a direct and accurate translation for 'VEHICLE' at B1 level.";"Taşıt";"freedict+kelly+frequencywords"
"B1";"Miktar";"VOLUME";"Noun";"1977";"İnsan incelemesi";"needs_review";"ollama:gemma4:12b";"0.85";"Hacim";"The clue 'Miktar' (amount) is somewhat ambiguous for 'VOLUME'. 'Hacim' is a more precise physical measurement term.";"";"freedict+kelly+frequencywords"
"B1";"İmkan";"POSSIBILITY";"Noun";"1978";"AI onaylı";"ai_approved";"ollama:gemma4:12b";"1";"İmkan";"The clue 'İmkan' is a standard and correct translation for 'POSSIBILITY'.";"Olanak";"freedict+kelly+frequencywords"
"B1";"Hapishane";"INSTITUTION";"Noun";"1979";"AI reddi";"ai_rejected";"ollama:gemma4:12b";"0.9";"Kuruluş";"The clue 'Hapishane' (prison) is too specific and incorrect for the general term 'INSTITUTION'.";"Tesis | Kuruluş | Tımarhane";"freedict+kelly+frequencywords"
"B1";"Soyut";"ACADEMIC";"Adjective";"1981";"AI reddi";"ai_rejected";"ollama:gemma4:12b";"0.95";"Akademik";"The clue 'Soyut' (abstract) is not a translation of 'ACADEMIC'. It is a grammatical category.";"";"freedict+kelly+frequencywords"
"B1";"Kere";"INSTANCE";"Noun";"1982";"AI reddi";"ai_rejected";"ollama:gemma4:12b";"1";"Örnek";"The clue 'Kere' is incorrect for 'INSTANCE'. 'Örnek' is the correct single-word synonym.";"Örnek | Misal";"freedict+kelly+frequencywords"
"B1";"Tutmak";"ENGAGE";"Verb";"1983";"AI reddi";"ai_rejected";"ollama:gemma4:12b";"1";"Katılmak";"The clue 'Tutmak' is ambiguous and not a standard translation for 'ENGAGE' in this context. 'Katılmak' or 'Bağlanmak' is better.";"Dövüşmek | Bağlanmak | İlgili";"freedict+kelly+frequencywords"
"B1";"Kanun";"CODE";"Noun";"1984";"AI reddi";"ai_rejected";"ollama:gemma4:12b";"1";"Şifre";"The clue 'Kanun' means 'Law'. 'Code' as a noun is usually 'Şifre' or 'Kod'.";"";"freedict+kelly+frequencywords"
"B1";"Çok";"EXTENSIVE";"Adjective";"1985";"AI reddi";"ai_rejected";"ollama:gemma4:12b";"1";"Kapsamlı";"The clue 'Çok' is too general. 'Kapsamlı' or 'Geniş' is a more accurate single-word synonym for 'EXTENSIVE'.";"Geniş | Yaygın | Ziyadesiyle";"freedict+kelly+frequencywords"
"B1";"Saldırı";"ATTACK";"Noun";"1987";"AI onaylı";"ai_approved";"ollama:gemma4:12b";"1";"Saldırı";"The clue 'Saldırı' is a correct, common, and single-word synonym for 'ATTACK'.";"Tutmak | Nöbet | Vurmak | Hücum";"freedict+kelly+frequencywords"
"B1";"Kayıt";"REGISTER";"Verb";"1988";"İnsan incelemesi";"needs_review";"ollama:gemma4:12b";"1";"Kaydolmak";"The word 'Register' is a verb, but the clue 'Kayıt' is a noun. 'Kaydolmak' is the correct verb form.";"Kaydetmek | Defter | Kütük | Sicil";"freedict+kelly+frequencywords"
"B1";"Müzakere";"CONSULTATION";"Noun";"1990";"İnsan incelemesi";"needs_review";"ollama:gemma4:12b";"1";"Danışma";"The clue 'Müzakere' means 'negotiation'. 'Danışma' is the correct noun for 'consultation'.";"Danışma";"freedict+kelly+frequencywords"
"B1";"Nakil";"TRANSPORT";"Noun";"1991";"İnsan incelemesi";"needs_review";"ollama:gemma4:12b";"1";"Taşımacılık";"The clue 'Nakil' is specific; 'Taşımacılık' or 'Taşımak' (verb) is more common for 'Transport' as a noun/verb.";"Taşımak | Taşınma | Taşınabilir";"freedict+kelly+frequencywords"
"B1";"Artırma";"ENHANCE";"Verb";"1992";"AI onaylı";"ai_approved";"ollama:gemma4:12b";"0.95";"Artırma";"The clue 'Artırma' is a valid one-word synonym for 'Enhance' in this context.";"";"freedict+kelly+frequencywords"
"B1";"Durum";"OCCASION";"Noun";"1993";"İnsan incelemesi";"needs_review";"ollama:gemma4:12b";"1";"Fırsat";"The clue 'Durum' is too broad/ambiguous. 'Fırsat' or 'Vesile' are better specific synonyms.";"Sebep | Fırsat | Hal | Vesile";"freedict+kelly+frequencywords"
"B1";"Güven";"CONFIDENCE";"Noun";"1994";"AI onaylı";"ai_approved";"ollama:gemma4:12b";"1";"Güven";"The clue 'Güven' is a direct and accurate translation for 'Confidence' in this context.";"Emniyet | Gizlilik | Mahremiyet | İtimat";"freedict+kelly+frequencywords"
"B1";"Çıkmak";"EMERGE";"Verb";"1996";"AI onaylı";"ai_approved";"ollama:gemma4:12b";"0.95";"Çıkmak";"The clue 'Çıkmak' is a standard translation for 'Emerge' in many contexts.";"";"freedict+kelly+frequencywords"
"B1";"Seyahat";"TOUR";"Noun";"1998";"İnsan incelemesi";"needs_review";"ollama:gemma4:12b";"0.85";"Gezi";"The current clue 'Seyahat' is too broad (travel); 'Gezi' or 'Tur' is more specific for 'Tour'.";"Tur | Nöbet | Gezi | Devir";"freedict+kelly+frequencywords"
"B1";"Baskı";"INFLUENCE";"Noun";"1999";"İnsan incelemesi";"needs_review";"ollama:gemma4:12b";"0.9";"Etki";"The current clue 'Baskı' means 'pressure'; 'Etki' is the correct translation for 'Influence'.";"Etki | Hüküm | Nüfuz | Tesir";"freedict+kelly+frequencywords"
"B1";"Ödünç";"ACCOMMODATION";"Noun";"2000";"AI reddi";"ai_rejected";"ollama:gemma4:12b";"1";"Konaklama";"The current clue 'Ödünç' means 'loan'; 'Konaklama' is the correct term for 'Accommodation'.";"Düzen | Konfor";"freedict+kelly+frequencywords"
"B1";"Derece";"EXTENT";"Noun";"2002";"İnsan incelemesi";"needs_review";"ollama:gemma4:12b";"0.9";"Kapsam";"The current clue 'Derece' (degree) is somewhat ambiguous for 'extent'. 'Kapsam' or 'Boyut' would be more precise for the noun form.";"Boy | Mesafe | Saha | Büyüklük";"freedict+kelly+frequencywords"
"B1";"Bakma";"TRIAL";"Noun";"2003";"AI reddi";"ai_rejected";"ollama:gemma4:12b";"0.95";"Deneme";"The clue 'Bakma' is incorrect for 'TRIAL'. The correct primary meaning in this context is 'Deneme' or 'Duruşma'.";"Deneme | Duruşma | Tecrübe | Yargılama";"freedict+kelly+frequencywords"
"B1";"Açık";"BROAD";"Adjective";"2004";"AI onaylı";"ai_approved";"ollama:gemma4:12b";"0.95";"Açık";"The clue 'Açık' is a valid and common translation for 'Broad' in many contexts.";"Belli | Ana | Serbest | Genel";"freedict+kelly+frequencywords"
"B1";"Hayal";"PRESENCE";"Noun";"2006";"AI reddi";"ai_rejected";"ollama:gemma4:12b";"0.98";"Varlık";"The clue 'Hayal' (imagination/dream) is completely incorrect for 'PRESENCE'. The correct term is 'Varlık'.";"Huzur | Varlık | Duruş";"freedict+kelly+frequencywords"
"B1";"Bölgesel";"REGIONAL";"Adjective";"2007";"AI onaylı";"ai_approved";"ollama:gemma4:12b";"0.99";"Bölgesel";"The clue 'Bölgesel' is the exact and standard translation for 'REGIONAL'.";"";"freedict+kelly+frequencywords"
"B1";"Merhamet";"CHARITY";"Noun";"2008";"İnsan incelemesi";"needs_review";"ollama:gemma4:12b";"0.9";"Yardım";"'Merhamet' (compassion) is a feeling; 'Yardım' or 'Hayır' is a better fit for 'Charity' as a noun.";"Sadaka";"freedict+kelly+frequencywords"
"B1";"Parça";"COMPONENT";"Noun";"2010";"AI onaylı";"ai_approved";"ollama:gemma4:12b";"1";"Parça";"The clue 'Parça' is a precise and common synonym for 'Component' in this context.";"Eleman | Unsur";"freedict+kelly+frequencywords"
"B1";"İzlemek";"MONITOR";"Verb";"2011";"AI reddi";"ai_rejected";"ollama:gemma4:12b";"0.95";"Gözlemlemek";"'İzlemek' is common, but 'Gözlemlemek' is the more precise technical/formal translation for 'Monitor'.";"Varan";"freedict+kelly+frequencywords"
"B1";"İdare";"ECONOMY";"Noun";"2012";"İnsan incelemesi";"needs_review";"ollama:gemma4:12b";"0.9";"Ekonomi";"'İdare' means management/moderation; 'Ekonomi' or 'Tasarruf' is better for 'Economy'.";"Tasarruf | Tutum";"freedict+kelly+frequencywords"
"B1";"Günlük";"DAILY";"Adjective";"2016";"AI onaylı";"ai_approved";"ollama:gemma4:12b";"1";"Günlük";"The clue 'Günlük' is the standard and correct translation for 'Daily'.";"Gündelik | Geçim";"freedict+kelly+frequencywords"
"B1";"Çeşit";"MANNER";"Noun";"2017";"İnsan incelemesi";"needs_review";"ollama:gemma4:12b";"1";"Tavır";"The current clue 'Çeşit' means 'variety' or 'kind', which is not the primary meaning of 'manner'. 'Tavır' or 'Üslup' is more accurate.";"Tavır | Terbiye | Usul";"freedict+kelly+frequencywords"
"B1";"Katılmak";"PARTICIPATE";"Verb";"2019";"AI onaylı";"ai_approved";"ollama:gemma4:12b";"1";"Katılmak";"The clue is accurate, single-worded, and matches the verb form.";"Ortaklık | İştirak";"freedict+kelly+frequencywords"
"B1";"Yapamaz";"UNABLE";"Adjective";"2022";"AI reddi";"ai_rejected";"ollama:gemma4:12b";"1";"Yetersiz";"The clue 'Yapamaz' is a verb phrase, but 'UNABLE' is an adjective. A single-word adjective like 'Aciz' or 'Çaresiz' would be better, but 'Yapamaz' is grammatically inconsistent.";"Beceriksiz | Aciz";"freedict+kelly+frequencywords"
"B1";"Büyük";"CONSIDERABLE";"Adjective";"2027";"İnsan incelemesi";"needs_review";"ollama:gemma4:12b";"1";"Önemli";"The clue 'Büyük' is too general. 'Önemli' or 'Azımsanmayacak' better captures the nuance of 'considerable'.";"Fazla | Önemli | Oldukça | Abd";"freedict+kelly+frequencywords"
"B1";"Hayal";"SPECIES";"Noun";"2028";"AI reddi";"ai_rejected";"ollama:gemma4:12b";"1";"Tür";"The clue 'Hayal' means 'imagination' or 'dream', which is completely unrelated to 'species' (tür).";"Çeşit | Türlü | Şekil";"freedict+kelly+frequencywords"
"B1";"Önemli";"VITAL";"Adjective";"2029";"İnsan incelemesi";"needs_review";"ollama:gemma4:12b";"1";"Hayati";"The clue 'Önemli' is too general. 'Hayati' is a more precise and accurate synonym for 'Vital' in a B1 context.";"Canlı | Yaşayan | Hayati | Esaslı";"freedict+kelly+frequencywords"
"B1";"Korku";"FEAR";"Noun";"2030";"AI onaylı";"ai_approved";"ollama:gemma4:12b";"1";"Korku";"The clue is accurate, single-word, and matches the word class and level.";"Endişe | Dehşet";"freedict+kelly+frequencywords"
"B1";"Yasa";"LEGISLATION";"Noun";"2032";"İnsan incelemesi";"needs_review";"ollama:gemma4:12b";"1";"Yasama";"The clue 'Yasa' means 'Law'. 'Legislation' specifically refers to the process or body of laws (Yasama).";"Kanunlar | Yasama";"freedict+kelly+frequencywords"
"B1";"Örnek";"SAMPLE";"Noun";"2033";"AI onaylı";"ai_approved";"ollama:gemma4:12b";"1";"Örnek";"The clue is accurate, single-word, and matches the word class and level.";"Model | Numune";"freedict+kelly+frequencywords"
"B1";"Cinayet";"CRIME";"Noun";"2035";"İnsan incelemesi";"needs_review";"ollama:gemma4:12b";"1";"Suç";"The clue 'Cinayet' means 'Murder'. 'Crime' is a broader term; 'Suç' is the correct translation.";"Suç | Günah | Kabahat";"freedict+kelly+frequencywords"
"B1";"Orta";"AVERAGE";"Adjective";"2037";"AI onaylı";"ai_approved";"ollama:gemma4:12b";"1";"Orta";"The clue 'Orta' is a correct, common, and single-word Turkish equivalent for 'Average' in this context.";"Ortalama | Vasat";"freedict+kelly+frequencywords"
"B1";"Öğrenci";"PUPIL";"Noun";"2038";"AI onaylı";"ai_approved";"ollama:gemma4:12b";"1";"Öğrenci";"The clue 'Öğrenci' is a standard and accurate single-word translation for 'Pupil'.";"";"freedict+kelly+frequencywords"
"B1";"Resmi";"FORMAL";"Adjective";"2039";"AI onaylı";"ai_approved";"ollama:gemma4:12b";"1";"Resmi";"The clue 'Resmi' is the correct and most common translation for 'Formal'.";"Resmen | Tuvalet | Şekli";"freedict+kelly+frequencywords"
"B1";"Millet";"NATION";"Noun";"2040";"AI onaylı";"ai_approved";"ollama:gemma4:12b";"1";"Millet";"The clue 'Millet' is the standard single-word translation for 'Nation'.";"Ulus";"freedict+kelly+frequencywords"
"B1";"Editör";"EDITOR";"Noun";"2041";"AI onaylı";"ai_approved";"ollama:gemma4:12b";"1";"Editör";"The clue 'Editör' is a direct and correct translation for 'Editor'.";"";"freedict+kelly+frequencywords"
"B1";"Teklif";"SUGGESTION";"Noun";"2042";"AI onaylı";"ai_approved";"ollama:gemma4:12b";"1";"Teklif";"The clue 'Teklif' is a precise, single-word synonym for 'Suggestion' at B1 level.";"İma";"freedict+kelly+frequencywords"
"B1";"Kıdemli";"SENIOR";"Adjective";"2043";"AI onaylı";"ai_approved";"ollama:gemma4:12b";"1";"Kıdemli";"The clue 'Kıdemli' accurately reflects the meaning of 'Senior' in a professional context.";"";"freedict+kelly+frequencywords"
"B1";"Geçirmek";"TRANSFER";"Verb";"2045";"İnsan incelemesi";"needs_review";"ollama:gemma4:12b";"0.85";"Nakil";"The current clue 'Geçirmek' is too broad and can mean 'to spend' or 'to pass'. 'Nakil' is a more precise single-word translation for 'Transfer'.";"Nakil | Geçirme | Çıkartma | Devir";"freedict+kelly+frequencywords"
"B1";"Hayal";"VISION";"Noun";"2046";"İnsan incelemesi";"needs_review";"ollama:gemma4:12b";"0.85";"Görüş";"The clue 'Hayal' means 'imagination' or 'dream'. 'Görüş' is a more accurate translation for 'Vision' in many contexts.";"Görüş | Görme | Önsezi";"freedict+kelly+frequencywords"
"B1";"Tanrı";"CREATION";"Noun";"2047";"AI reddi";"ai_rejected";"ollama:gemma4:12b";"0.9";"Yaratılış";"The current clue 'Tanrı' means 'God', which is a different part of speech and meaning. 'Yaratılış' or 'Yaratım' would be correct.";"Evren | Yaratma | Hilkat | Yaradılış";"freedict+kelly+frequencywords"
"B1";"Bitirmek";"CONCLUDE";"Verb";"2048";"İnsan incelemesi";"needs_review";"ollama:gemma4:12b";"0.9";"Sonuçlamak";"The current clue 'Bitirmek' (to finish) is a synonym but 'Sonuçlamak' is a more precise translation for 'Conclude' in a formal context.";"Bitmek";"freedict+kelly+frequencywords"
"B1";"Misafir";"GUEST";"Noun";"2050";"AI onaylı";"ai_approved";"ollama:gemma4:12b";"1";"Misafir";"The clue is accurate, common, and matches the word type and level.";"Konuk | Davetli";"freedict+kelly+frequencywords"
"B1";"Yürütme";"IMPLEMENTATION";"Noun";"2051";"İnsan incelemesi";"needs_review";"ollama:gemma4:12b";"0.95";"Uygulama";"The current clue 'Yürütme' is less common than 'Uygulama' for 'Implementation' in technical/general contexts.";"";"freedict+kelly+frequencywords"
"B1";"Baskı";"EDITION";"Noun";"2052";"AI onaylı";"ai_approved";"ollama:gemma4:12b";"1";"Baskı";"The clue is accurate and appropriate for the word type.";"";"freedict+kelly+frequencywords"
"B1";"Kısa";"SUMMARY";"Noun";"2053";"AI reddi";"ai_rejected";"ollama:gemma4:12b";"1";"Özet";"The current clue 'Kısa' (short) is an adjective, while 'Summary' is a noun. 'Özet' is the correct noun form.";"Acele | Özet | Süratle | Özlü";"freedict+kelly+frequencywords"
"B1";"Vermek";"GRANT";"Verb";"2054";"AI reddi";"ai_rejected";"ollama:gemma4:12b";"1";"Tahsis";"The clue 'Vermek' is too general and ambiguous for 'GRANT'. 'Tahsis' or 'Tanımak' is more specific.";"Terk | Bağış | Bağışlamak | Terketmek";"freedict+kelly+frequencywords"
"B1";"Vermek";"ATTACH";"Verb";"2055";"AI reddi";"ai_rejected";"ollama:gemma4:12b";"1";"Bağlamak";"The clue 'Vermek' is incorrect for 'ATTACH'. 'Bağlamak' is a better single-word synonym.";"Takmak | Bağlamak | İlgili | Tutkun";"freedict+kelly+frequencywords"
"B1";"Gazete";"PRINT";"Verb";"2056";"AI reddi";"ai_rejected";"ollama:gemma4:12b";"1";"Basmak";"The clue 'Gazete' is a noun, but the answer 'PRINT' is a verb. 'Basmak' is the correct verb form.";"Basmak | Dergi | Basma";"freedict+kelly+frequencywords"
"B1";"Gelenek";"TRADITION";"Noun";"2057";"AI onaylı";"ai_approved";"ollama:gemma4:12b";"1";"Gelenek";"The clue is accurate, single-word, and matches the word type and level.";"Sünnet";"freedict+kelly+frequencywords"
"B1";"Tüketici";"CONSUMER";"Noun";"2058";"AI onaylı";"ai_approved";"ollama:gemma4:12b";"1";"Tüketici";"The clue is accurate, single-word, and matches the word type and level.";"";"freedict+kelly+frequencywords"
"B1";"Ehliyet";"EXPERTISE";"Noun";"2061";"AI reddi";"ai_rejected";"ollama:gemma4:12b";"1";"Uzmanlık";"The clue 'Ehliyet' means 'license', which is not a synonym for 'expertise'. 'Uzmanlık' is the correct term.";"";"freedict+kelly+frequencywords"
"B1";"Kazanmak";"ACQUIRE";"Verb";"2067";"İnsan incelemesi";"needs_review";"ollama:gemma4:12b";"0.9";"Edinmek";"The clue 'Kazanmak' is acceptable but 'Edinmek' is a more precise translation for 'acquire' in many contexts.";"";"freedict+kelly+frequencywords"
"B1";"Bilgi";"LEARNING";"Noun";"2071";"AI reddi";"ai_rejected";"ollama:gemma4:12b";"1";"Öğrenme";"The clue 'Bilgi' means 'knowledge'. 'Öğrenme' is the correct translation for 'learning'.";"Öğrenme";"freedict+kelly+frequencywords"
"B1";"Alınır";"ACCESSIBLE";"Adjective";"2072";"AI reddi";"ai_rejected";"ollama:gemma4:12b";"1";"Erişilebilir";"The clue 'Alınır' means 'obtainable'. 'Erişilebilir' is the standard translation for 'accessible'.";"";"freedict+kelly+frequencywords"
"B1";"Değerlendirmek";"QUALIFY";"Verb";"2073";"AI reddi";"ai_rejected";"ollama:gemma4:12b";"1";"Nitelenmek";"The clue 'Değerlendirmek' means 'evaluate'. 'Nitelenmek' or 'Hak kazanmak' are correct for 'qualify'.";"Hafifletmek";"freedict+kelly+frequencywords"
"B1";"Tutmak";"TACKLE";"Verb";"2074";"AI reddi";"ai_rejected";"ollama:gemma4:12b";"1";"Uğraşmak";"The current clue 'Tutmak' is incorrect for 'Tackle' (verb). 'Uğraşmak' is the correct synonym.";"Takım | Uğraşmak | Başarmak | Tutma";"freedict+kelly+frequencywords"
"B1";"Aday";"CANDIDATE";"Noun";"2075";"AI onaylı";"ai_approved";"ollama:gemma4:12b";"1";"Aday";"The clue is accurate, single-word, and matches the word class.";"";"freedict+kelly+frequencywords"
"B1";"Yabancı";"FOREIGN";"Adjective";"2077";"AI onaylı";"ai_approved";"ollama:gemma4:12b";"1";"Yabancı";"The clue is accurate and matches the word class.";"Dış | Harici";"freedict+kelly+frequencywords"
"B1";"Kesin";"SCIENTIFIC";"Adjective";"2078";"AI reddi";"ai_rejected";"ollama:gemma4:12b";"1";"Bilimsel";"The current clue 'Kesin' (Certain) is incorrect. 'Bilimsel' is the correct translation.";"Bilimsel";"freedict+kelly+frequencywords"
"B1";"Eklemek";"ACCOMPANY";"Verb";"2079";"AI reddi";"ai_rejected";"ollama:gemma4:12b";"1";"";"The clue 'Eklemek' is incorrect. 'Eşlik etmek' is the correct meaning, but since it's two words, it might be tricky for a single-word constraint; however, 'Eklemek' is definitely wrong.";"";"freedict+kelly+frequencywords"
"B1";"Yiyecek";"MAINTENANCE";"Noun";"2080";"AI reddi";"ai_rejected";"ollama:gemma4:12b";"1";"Bakım";"The clue 'Yiyecek' (Food) is completely unrelated to 'MAINTENANCE'. Suggested 'Bakım'.";"Teyit | Muhafaza | İddia | Nafaka";"freedict+kelly+frequencywords"
"B1";"Savaş";"BATTLE";"Noun";"2081";"AI onaylı";"ai_approved";"ollama:gemma4:12b";"1";"Savaş";"The clue is accurate, single-word, and matches the word type and level.";"Dövüş | Muharebe";"freedict+kelly+frequencywords"
"B1";"Nadir";"RARE";"Adjective";"2084";"İnsan incelemesi";"needs_review";"ollama:gemma4:12b";"0.85";"Nadir";"The word 'RARE' is polysemous (meaning both 'nadir' and 'çiğ' in culinary context). 'Nadir' is acceptable but ambiguous.";"Çiğ";"freedict+kelly+frequencywords"
"B1";"Değişken";"MOBILE";"Adjective";"2086";"AI reddi";"ai_rejected";"ollama:gemma4:12b";"1";"Mobil";"The clue 'Değişken' (Variable) is not the primary or most common translation for 'MOBILE' in this context. Suggested 'Mobil'.";"";"freedict+kelly+frequencywords"
"B1";"Evvel";"PRIOR";"Adjective";"2087";"AI reddi";"ai_rejected";"ollama:gemma4:12b";"1";"Önceki";"The clue 'Evvel' is archaic/literary. 'Önceki' is the standard modern Turkish equivalent for 'PRIOR'.";"Evvelki";"freedict+kelly+frequencywords"
"B1";"Tehlike";"DANGER";"Noun";"2088";"AI onaylı";"ai_approved";"ollama:gemma4:12b";"1";"Tehlike";"The clue 'Tehlike' is a direct and accurate translation for 'DANGER' at B1 level.";"";"freedict+kelly+frequencywords"
"B1";"Pazarlama";"MARKETING";"Noun";"2090";"AI onaylı";"ai_approved";"ollama:gemma4:12b";"1";"Pazarlama";"The clue 'Pazarlama' is the standard and correct translation for 'MARKETING'.";"";"freedict+kelly+frequencywords"
"B1";"Teknik";"MECHANISM";"Noun";"2091";"İnsan incelemesi";"needs_review";"ollama:gemma4:12b";"0.9";"Mekanizma";"The current clue 'Teknik' is too broad; 'Mekanizma' is the precise translation for 'MECHANISM'.";"Yöntem | Mekanizma";"freedict+kelly+frequencywords"
"B1";"Cazibe";"APPEAL";"Noun";"2092";"İnsan incelemesi";"needs_review";"ollama:gemma4:12b";"0.9";"Çekicilik";"The clue 'Cazibe' is acceptable but 'Çekicilik' is more common for the noun sense of 'APPEAL'.";"Çekicilik | Yalvarmak";"freedict+kelly+frequencywords"
"B1";"Arkadaş";"FAMILIAR";"Adjective";"2095";"AI reddi";"ai_rejected";"ollama:gemma4:12b";"0.95";"Tanıdık";"The clue 'Arkadaş' means 'friend', which is a different concept from 'FAMILIAR' (adjective).";"Bilen | Bilinen | Samimi | Hizmetçi";"freedict+kelly+frequencywords"
"B1";"Yardımcı";"HELPFUL";"Adjective";"2096";"AI onaylı";"ai_approved";"ollama:gemma4:12b";"1";"Yardımcı";"The clue 'Yardımcı' is a direct and accurate translation for 'Helpful' at B1 level.";"Faydalı | Yararlı";"freedict+kelly+frequencywords"
"B1";"Çağdaş";"CONTEMPORARY";"Adjective";"2097";"AI onaylı";"ai_approved";"ollama:gemma4:12b";"1";"Çağdaş";"The clue 'Çağdaş' accurately reflects the meaning of 'Contemporary' for the B1 level.";"";"freedict+kelly+frequencywords"
"B1";"Katılan";"PARTICIPANT";"Noun";"2098";"AI onaylı";"ai_approved";"ollama:gemma4:12b";"1";"Katılan";"The clue 'Katılan' is the correct and standard translation for 'Participant'.";"Paylaşan";"freedict+kelly+frequencywords"
"B1";"Kutlamak";"CELEBRATE";"Verb";"2100";"AI onaylı";"ai_approved";"ollama:gemma4:12b";"1";"Kutlamak";"The clue 'Kutlamak' is the exact verb form for 'Celebrate'.";"";"freedict+kelly+frequencywords"
"B1";"İskoç";"PANEL";"Noun";"2102";"AI reddi";"ai_rejected";"ollama:gemma4:12b";"1";"Panel";"The current clue 'İskoç' means 'Scottish' and is unrelated to the word 'Panel'.";"";"freedict+kelly+frequencywords"
"B1";"Bağlılık";"INVOLVEMENT";"Noun";"2106";"İnsan incelemesi";"needs_review";"ollama:gemma4:12b";"1";"Katılım";"The clue 'Bağlılık' means 'commitment/devotion'. 'Katılım' or 'dahiliyet' is a better fit for 'involvement'.";"İlgi | Alaka | Sarılma";"freedict+kelly+frequencywords"
"B1";"Özgürlük";"FREEDOM";"Noun";"2107";"AI onaylı";"ai_approved";"ollama:gemma4:12b";"1";"Özgürlük";"The clue is accurate, single-word, and matches the word class and level.";"İhtiyar | İrade";"freedict+kelly+frequencywords"
"B1";"Yapmak";"CONSTRUCT";"Verb";"2108";"İnsan incelemesi";"needs_review";"ollama:gemma4:12b";"1";"İnşa";"The clue 'Yapmak' is a general verb. 'İnşa' or 'kurmak' is more specific for 'construct'.";"Kurmak";"freedict+kelly+frequencywords"
"B1";"Şiddet";"EMPHASIS";"Noun";"2110";"İnsan incelemesi";"needs_review";"ollama:gemma4:12b";"1";"Vurgu";"The clue 'Şiddet' means 'intensity/violence'. 'Vurgu' is the correct translation for 'emphasis'.";"Önem | Kuvvet | Vurgu";"freedict+kelly+frequencywords"
"B1";"Rahip";"RELIGIOUS";"Adjective";"2112";"AI reddi";"ai_rejected";"ollama:gemma4:12b";"1";"Dini";"The clue 'Rahip' is a noun (priest), but the answer 'Religious' is an adjective.";"Dini | Dindar | Dinsel";"freedict+kelly+frequencywords"
"B1";"Şart";"QUALIFICATION";"Noun";"2114";"İnsan incelemesi";"needs_review";"ollama:gemma4:12b";"0.95";"Nitelik";"The clue 'Şart' (condition) is related but 'Nitelik' or 'Yeterlilik' is a more precise synonym for 'Qualification'.";"Ehliyet";"freedict+kelly+frequencywords"
"B1";"Dağıtmak";"DISTRIBUTE";"Verb";"2115";"AI onaylı";"ai_approved";"ollama:gemma4:12b";"1";"Dağıtmak";"The clue is accurate, single-word, and matches the verb form.";"Bölmek | Düzenlemek | Yaymak";"freedict+kelly+frequencywords"
"B1";"Mahkeme";"FORUM";"Noun";"2116";"AI reddi";"ai_rejected";"ollama:gemma4:12b";"0.9";"Mecra";"The clue 'Mahkeme' (court) is incorrect for 'Forum'. 'Mecra' or 'Platform' would be better.";"";"freedict+kelly+frequencywords"
"B1";"Karşılaştırmak";"OPPOSE";"Verb";"2117";"AI reddi";"ai_rejected";"ollama:gemma4:12b";"0.95";"";"The clue 'Karşılaştırmak' means 'to compare', which is incorrect for 'Oppose'. 'Karşı_çıkmak' is the correct verb.";"Direnmek";"freedict+kelly+frequencywords"
"B1";"Mücadele";"CONFLICT";"Noun";"2118";"İnsan incelemesi";"needs_review";"ollama:gemma4:12b";"0.9";"Çatışma";"The clue 'Mücadele' (struggle/fight) is acceptable but 'Çatışma' is the more precise translation for 'Conflict'.";"Çarpışma | Anlaşmazlık | Çekişme";"freedict+kelly+frequencywords"
"B1";"Çevre";"ATMOSPHERE";"Noun";"2119";"AI onaylı";"ai_approved";"ollama:gemma4:12b";"1";"Çevre";"The clue 'Çevre' is a valid, single-word synonym for atmosphere in this context.";"Atmosfer";"freedict+kelly+frequencywords"
"B1";"Değiştirmek";"CONVERT";"Verb";"2120";"AI onaylı";"ai_approved";"ollama:gemma4:12b";"1";"Değiştirmek";"The clue is accurate and fits the verb category.";"Çevirmek | Dönme | Döndürmek";"freedict+kelly+frequencywords"
"B1";"Askeri";"MILITARY";"Adjective";"2125";"AI onaylı";"ai_approved";"ollama:gemma4:12b";"1";"Askeri";"The clue is a precise single-word translation for the adjective.";"";"freedict+kelly+frequencywords"
"B1";"Yeterli";"EFFICIENT";"Adjective";"2127";"İnsan incelemesi";"needs_review";"ollama:gemma4:12b";"0.85";"Etkili";"The current clue 'Yeterli' means 'sufficient', which is not the primary meaning of 'efficient'. 'Etkili' or 'Verimli' is better.";"Etkili | Becerikli";"freedict+kelly+frequencywords"
"B1";"Gündem";"AGENDA";"Noun";"2128";"AI onaylı";"ai_approved";"ollama:gemma4:12b";"1";"Gündem";"The clue is a standard and accurate translation.";"";"freedict+kelly+frequencywords"
"B1";"Sağlamak";"SATISFY";"Verb";"2131";"AI reddi";"ai_rejected";"ollama:gemma4:12b";"1";"";"The current clue 'Sağlamak' (to provide) is not a direct synonym for 'satisfy'. 'Memnun etmek' is the correct verb form.";"Ödemek | Tamamlamak | Uymak | Doyurmak";"freedict+kelly+frequencywords"
"B1";"Söz";"EXPRESSION";"Noun";"2134";"İnsan incelemesi";"needs_review";"ollama:gemma4:12b";"0.9";"İfade";"The clue 'Söz' is too broad and can mean 'word' or 'promise'. 'İfade' is a more precise synonym for 'expression'.";"Anlamsız | Deyim | İfade | Tabir";"freedict+kelly+frequencywords"
"B1";"Akış";"FLOW";"Noun";"2135";"AI onaylı";"ai_approved";"ollama:gemma4:12b";"1";"Akış";"The clue 'Akıntı' is acceptable, but 'Akış' is the most direct translation for 'flow'.";"Met | Akış | Cereyan";"freedict+kelly+frequencywords"
"B1";"Stratejik";"STRATEGIC";"Adjective";"2136";"AI onaylı";"ai_approved";"ollama:gemma4:12b";"1";"Stratejik";"The clue is accurate and matches the word type and level.";"Elverişli";"freedict+kelly+frequencywords"
"B1";"Plan";"PLATFORM";"Noun";"2137";"AI reddi";"ai_rejected";"ollama:gemma4:12b";"1";"Platform";"The clue 'Plan' is incorrect for 'platform'. The word should remain 'Platform' or be replaced by a synonym like 'Zemin'.";"";"freedict+kelly+frequencywords"
"B1";"Kabul";"RECOGNITION";"Noun";"2140";"İnsan incelemesi";"needs_review";"ollama:gemma4:12b";"1";"Tanıma";"The current clue 'Kabul' (Acceptance) is ambiguous and not the primary meaning of 'Recognition'. 'Tanıma' is a more accurate single-word synonym.";"İtiraf | Tanıma | Tanımlama | Tasdik";"freedict+kelly+frequencywords"
"B1";"Dert";"COMPLAINT";"Noun";"2141";"AI reddi";"ai_rejected";"ollama:gemma4:12b";"1";"Şikayet";"The clue 'Dert' (Trouble/Worry) is too broad and does not accurately represent 'Complaint'. 'Şikayet' is the correct term.";"Şikayet | Hastalık | Keder | Feryat";"freedict+kelly+frequencywords"
"B1";"Gençlik";"YOUTH";"Noun";"2142";"AI onaylı";"ai_approved";"ollama:gemma4:12b";"1";"Gençlik";"The clue 'Gençlik' is a perfect, common, and single-word synonym for 'Youth'.";"";"freedict+kelly+frequencywords"
"B1";"Tabi";"INCIDENT";"Noun";"2143";"AI reddi";"ai_rejected";"ollama:gemma4:12b";"1";"Olay";"The clue 'Tabi' is incorrect and unrelated to 'Incident'. 'Olay' is the correct translation.";"Olay | Bağlı | Düşen | Vaka";"freedict+kelly+frequencywords"
"B1";"Tepki";"REACTION";"Noun";"2144";"AI onaylı";"ai_approved";"ollama:gemma4:12b";"1";"Tepki";"The clue 'Tepki' is a precise and common single-word synonym for 'Reaction'.";"Karşılık";"freedict+kelly+frequencywords"
"B1";"Esas";"CORE";"Adjective";"2145";"AI onaylı";"ai_approved";"ollama:gemma4:12b";"1";"Esas";"The clue 'Esas' is a precise, single-word synonym for 'core' in this context.";"Göbek";"freedict+kelly+frequencywords"
"B1";"Maksimum";"MAXIMUM";"Adjective";"2146";"AI onaylı";"ai_approved";"ollama:gemma4:12b";"1";"Maksimum";"The clue is a direct and accurate translation of the word.";"Azami";"freedict+kelly+frequencywords"
"B1";"Niyet";"INTENTION";"Noun";"2147";"AI onaylı";"ai_approved";"ollama:gemma4:12b";"1";"Niyet";"The clue 'Niyet' is the most common and accurate single-word synonym.";"Murat | Mahsus | Mana";"freedict+kelly+frequencywords"
"B1";"Esir";"CAPTURE";"Verb";"2148";"AI reddi";"ai_rejected";"ollama:gemma4:12b";"0.9";"";"The current clue 'Esir' (captive) is a noun, while 'Capture' is a verb. 'Ele_geçirme' or 'Yakalama' would be better.";"";"freedict+kelly+frequencywords"
"B1";"Bulunan";"SITUATE";"Verb";"2149";"İnsan incelemesi";"needs_review";"ollama:gemma4:12b";"0.8";"Yerleştirme";"The current clue 'Bulunan' is an adjective/participle, while 'Situate' is a verb. The word class does not match.";"Yerleştirmek";"freedict+kelly+frequencywords"
"B1";"Doğum";"BIRTH";"Noun";"2150";"AI onaylı";"ai_approved";"ollama:gemma4:12b";"1";"Doğum";"The clue 'Doğum' is a direct and accurate translation for 'Birth' at B1 level.";"Başlangıç | Kaynak | Soy | Doğma";"freedict+kelly+frequencywords"
"B1";"Teşekkür";"ACKNOWLEDGE";"Verb";"2151";"AI reddi";"ai_rejected";"ollama:gemma4:12b";"0.95";"Onaylamak";"The current clue 'Teşekkür' means 'Thank', which is incorrect for 'Acknowledge'. 'Onaylamak' is the correct verb.";"Kabul | İtiraf | Onaylamak | Tasdik";"freedict+kelly+frequencywords"
"B1";"Başarmak";"SUCCEED";"Verb";"2152";"AI onaylı";"ai_approved";"ollama:gemma4:12b";"1";"Başarmak";"The clue 'Başarmak' is the correct and standard translation for 'Succeed'.";"Becermek | İzlemek";"freedict+kelly+frequencywords"
"B1";"Karar";"RESOLVE";"Verb";"2153";"AI reddi";"ai_rejected";"ollama:gemma4:12b";"0.95";"Çözmek";"The current clue 'Karar' means 'Decision' (Noun). 'Resolve' is a verb meaning 'Çözmek'.";"Çözmek | Açıklamak | Halletmek | Niyet";"freedict+kelly+frequencywords"
"B1";"Nazik";"CIVIL";"Adjective";"2156";"AI reddi";"ai_rejected";"ollama:gemma4:12b";"0.95";"Sivil";"The clue 'Nazik' means 'Polite'. While 'Civil' can mean polite, in most contexts (especially B1), it refers to 'Sivil' (non-military/civilian).";"Sivil | Milli | Medeni | Bireysel";"freedict+kelly+frequencywords"
"B1";"Doğru";"ACCURATE";"Adjective";"2158";"AI onaylı";"ai_approved";"ollama:gemma4:12b";"1";"Doğru";"The clue 'Doğru' is a precise, single-word synonym for 'accurate' at B1 level.";"Tam | Sahi";"freedict+kelly+frequencywords"
"B1";"Tarz";"MODE";"Noun";"2160";"İnsan incelemesi";"needs_review";"ollama:gemma4:12b";"0.85";"Biçim";"The clue 'Tarz' is acceptable but 'Biçim' or 'Yöntem' might be more precise for 'mode' in many contexts; 'Tarz' can also mean 'style'.";"Moda | Şekil | Usul";"freedict+kelly+frequencywords"
"B1";"Kolaylaştırmak";"FACILITATE";"Verb";"2161";"AI reddi";"ai_rejected";"ollama:gemma4:12b";"0.9";"Kolaylaştırmak";"The clue 'Kolaylaştırmak' is two words in Turkish (compound verb), but the requirement is a single-word clue.";"";"freedict+kelly+frequencywords"
"B1";"Tahmin";"ESTIMATE";"Verb";"2165";"AI onaylı";"ai_approved";"ollama:gemma4:12b";"1";"Tahmin";"The clue 'Tahmin' is a perfect single-word synonym for 'estimate'.";"Fikir | Takdir | Hesap | Görüş";"freedict+kelly+frequencywords"
"B1";"Hayat";"EXISTENCE";"Noun";"2166";"AI reddi";"ai_rejected";"ollama:gemma4:12b";"0.95";"Varlık";"The clue 'Hayat' means 'life', which is not a direct synonym for 'existence' (varlık).";"Ömür | Varlık | Bulunma";"freedict+kelly+frequencywords"
"B1";"Sonraki";"SUBSEQUENT";"Adjective";"2168";"AI onaylı";"ai_approved";"ollama:gemma4:12b";"1";"Sonraki";"The clue 'Sonraki' is a precise, single-word Turkish equivalent for 'subsequent' at B1 level.";"";"freedict+kelly+frequencywords"
"B1";"Aramak";"PURSUE";"Verb";"2169";"İnsan incelemesi";"needs_review";"ollama:gemma4:12b";"0.85";"Kovalamak";"The current clue 'Aramak' (to search) is slightly different from 'Kovalamak' (to pursue/chase). 'Kovalamak' is a better fit for the verb.";"Kovalamak";"freedict+kelly+frequencywords"
"B1";"Rica";"DESIRE";"Noun";"2170";"İnsan incelemesi";"needs_review";"ollama:gemma4:12b";"0.9";"Arzu";"The current clue 'Rica' means 'request'. 'Arzu' or 'İstek' is a more accurate translation for 'desire'.";"Arzu | Dilek | İstemek | Şehvet";"freedict+kelly+frequencywords"
"B1";"Değerlendirme";"EVALUATE";"Verb";"2171";"AI reddi";"ai_rejected";"ollama:gemma4:12b";"1";"Değerlendirmek";"The current clue 'Değerlendirme' is a noun (evaluation), but the answer 'EVALUATE' is a verb. It must be a verb form.";"";"freedict+kelly+frequencywords"
"B1";"Siyaset";"POLITICS";"Noun";"2172";"AI onaylı";"ai_approved";"ollama:gemma4:12b";"1";"Siyaset";"The clue 'Politika' is commonly used, but 'Siyaset' is the more precise term for the field of politics.";"Siyaset";"freedict+kelly+frequencywords"
"B1";"Deneme";"EXPERIMENT";"Noun";"2173";"İnsan incelemesi";"needs_review";"ollama:gemma4:12b";"0.9";"Deney";"The current clue 'Deneme' is ambiguous; 'Deney' is the more precise technical term for 'Experiment' in a scientific context.";"Deney | Tecrübe | Deneyim";"freedict+kelly+frequencywords"
"B1";"İklim";"CLIMATE";"Noun";"2174";"AI onaylı";"ai_approved";"ollama:gemma4:12b";"1";"İklim";"The clue is accurate, unambiguous, and matches the word type and level.";"";"freedict+kelly+frequencywords"
"B1";"Onarmak";"RESTORE";"Verb";"2175";"AI reddi";"ai_rejected";"ollama:gemma4:12b";"0.9";"Onarmak";"The clue 'Onarmak' corresponds to 'Arm'. The correct Turkish word for 'Restore' is 'Onarmak' (incorrect) -> 'Geri yüklemek' or 'Onarmak' (incorrect). Actually, 'Onarmak' is 'Arm'. 'Restore' should be 'Onarmak' (incorrect) -> 'Onarmak' is 'M";"";"freedict+kelly+frequencywords"
"B1";"Önemli";"HISTORIC";"Adjective";"2177";"İnsan incelemesi";"needs_review";"ollama:gemma4:12b";"0.9";"Tarihi";"The clue 'Önemli' (Important) is too broad. 'Tarihi' is the specific translation for 'Historic'.";"Tarihi | Tarihsel";"freedict+kelly+frequencywords"
"B1";"Muhteşem";"PROUD";"Adjective";"2178";"AI reddi";"ai_rejected";"ollama:gemma4:12b";"0.9";"Gururlu";"The clue 'Muhteşem' means 'Magnificent'. The correct translation for 'Proud' is 'Gururlu'.";"Onurlu | Kibirli | Gururlu | Görkemli";"freedict+kelly+frequencywords"
"B1";"Terfi";"PROMOTION";"Noun";"2182";"AI onaylı";"ai_approved";"ollama:gemma4:12b";"1";"Terfi";"The clue 'Terfi' is a precise, single-word Turkish equivalent for 'Promotion' in a professional context.";"Geçme | Tesis";"freedict+kelly+frequencywords"
"B1";"Güç";"INVEST";"Verb";"2183";"AI reddi";"ai_rejected";"ollama:gemma4:12b";"1";"Yatırım";"The current clue 'Güç' means 'Power' or 'Force', which is incorrect for the verb 'Invest'.";"";"freedict+kelly+frequencywords"
"B1";"Reddetmek";"DENY";"Verb";"2185";"AI onaylı";"ai_approved";"ollama:gemma4:12b";"1";"Reddetmek";"The clue 'Reddetmek' is a correct and common single-word translation for 'Deny'.";"Vermemek | Kaçınmak";"freedict+kelly+frequencywords"
"B1";"Önemli";"FUNDAMENTAL";"Adjective";"2186";"İnsan incelemesi";"needs_review";"ollama:gemma4:12b";"0.85";"Temel";"The current clue 'Önemli' (Important) is too broad; 'Temel' is a more accurate single-word translation for 'Fundamental'.";"Birinci | Temel | Esas | Mühim";"freedict+kelly+frequencywords"
"B1";"Asgari";"MINIMUM";"Adjective";"2188";"AI onaylı";"ai_approved";"ollama:gemma4:12b";"1";"Asgari";"The clue 'Asgari' is a correct and standard Turkish equivalent for 'Minimum'.";"Minimum";"freedict+kelly+frequencywords"
"B1";"Klasik";"CLASSIC";"Adjective";"2189";"AI onaylı";"ai_approved";"ollama:gemma4:12b";"1";"Klasik";"The clue 'Klasik' is a direct and accurate translation for 'Classic' at B1 level.";"";"freedict+kelly+frequencywords"
"B1";"Görev";"MISSION";"Noun";"2192";"AI onaylı";"ai_approved";"ollama:gemma4:12b";"1";"Görev";"The clue 'Görev' is the most common and accurate translation for 'Mission'.";"Hizmet | Hedef | Amaç | Vazife";"freedict+kelly+frequencywords"
"B1";"Karar";"RESOLUTION";"Noun";"2194";"İnsan incelemesi";"needs_review";"ollama:gemma4:12b";"0.85";"Çözüm";"The current clue 'Karar' (Decision) is a possible meaning, but 'Çözüm' is often more accurate for 'Resolution' in many contexts.";"Teklif | Cesaret | Çözme | Azim";"freedict+kelly+frequencywords"
"B1";"Geçirmek";"IMPOSE";"Verb";"2198";"AI reddi";"ai_rejected";"ollama:gemma4:12b";"0.95";"Dayatmak";"The current clue 'Geçirmek' is incorrect for 'Impose'. 'Dayatmak' is the correct single-word translation.";"Etkilemek | Düzenlemek | Aldatmak";"freedict+kelly+frequencywords"
"B1";"Günlük";"JOURNAL";"Noun";"2199";"AI onaylı";"ai_approved";"ollama:gemma4:12b";"1";"Günlük";"The clue 'Günlük' is a standard and correct translation for 'Journal'.";"Gazete";"freedict+kelly+frequencywords"
"B1";"Pilot";"PILOT";"Noun";"2200";"AI reddi";"ai_rejected";"ollama:gemma4:12b";"1";"Pilot";"The current clue 'Pilot' is a direct translation of the word itself, not a descriptive clue. However, since 'Pilot' is the standard term, it is technically correct but 'Pilot' as a clue for 'Pilot' is redundant. Re-evaluating: The word is '";"Rehber";"freedict+kelly+frequencywords"
"B1";"Hizmetçi";"SERVER";"Noun";"2201";"AI reddi";"ai_rejected";"ollama:gemma4:12b";"0.95";"Garson";"The clue 'Hizmetçi' means 'servant' or 'maid', which is too broad. 'Garson' is the specific term for a server in a restaurant.";"Tepsi";"freedict+kelly+frequencywords"
"B1";"Buradan";"HENCE";"Adverb";"2202";"AI reddi";"ai_rejected";"ollama:gemma4:12b";"0.9";"";"The clue 'Buradan' means 'from here'. 'Hence' as an adverb usually means 'therefore' or 'from now'. A single word clue like 'Bu yüzden' is better, but since it must be one word, 'Dolayısıyla' or 'Böylece' would be better. However, 'Buradan'";"Bundan | İtibaren";"freedict+kelly+frequencywords"
"B1";"Fabrika";"ESTABLISHMENT";"Noun";"2203";"AI reddi";"ai_rejected";"ollama:gemma4:12b";"0.95";"Kurum";"The clue 'Fabrika' means 'factory'. 'Establishment' is much broader, meaning an institution or organization. 'Kurum' is a better fit.";"Kurum | Tesisat";"freedict+kelly+frequencywords"
"B1";"Hıristiyanlık";"CHRISTIANITY";"Noun";"2206";"AI onaylı";"ai_approved";"ollama:gemma4:12b";"1";"Hıristiyanlık";"The clue is accurate, matches the word type, and is a standard term.";"";"freedict+kelly+frequencywords"
"B1";"Ana";"CHIEF";"Adjective";"2207";"AI reddi";"ai_rejected";"ollama:gemma4:12b";"1";"Baş";"The clue 'Ana' (Main) is an adjective, but 'CHIEF' is primarily used as an adjective or noun. 'Baş' is a more accurate one-word synonym for 'Chief' in this context.";"Şef | Amir | Reis";"freedict+kelly+frequencywords"
"B1";"Tamamlamak";"INTEGRATE";"Verb";"2209";"AI reddi";"ai_rejected";"ollama:gemma4:12b";"1";"Bütünleşmek";"The clue 'Tamamlamak' means 'to complete', which is not the primary meaning of 'INTEGRATE'. 'Bütünleşmek' or 'Birleştirmek' is more accurate.";"";"freedict+kelly+frequencywords"
"B1";"İdare";"DISCIPLINE";"Noun";"2211";"AI reddi";"ai_rejected";"ollama:gemma4:12b";"1";"Disiplin";"The clue 'İdare' means 'management' or 'administration'. The correct one-word synonym for 'DISCIPLINE' is 'Disiplin'.";"Disiplin | Terbiye | Talim | Cezalandırma";"freedict+kelly+frequencywords"
"B1";"Gelir";"FINANCE";"Noun";"2212";"AI reddi";"ai_rejected";"ollama:gemma4:12b";"1";"Finans";"The clue 'Gelir' means 'income'. 'FINANCE' refers to the system or management of money. 'Finans' is the correct term.";"Maliye";"freedict+kelly+frequencywords"
"B1";"Almak";"DERIVE";"Verb";"2213";"AI reddi";"ai_rejected";"ollama:gemma4:12b";"1";"Türetmek";"The clue 'Almak' means 'to take/get'. 'DERIVE' means 'to obtain from a source' or 'türetmek'. 'Türetmek' is the accurate synonym.";"Çıkarmak";"freedict+kelly+frequencywords"
"B1";"Mısırlı";"EGYPT";"Noun";"2215";"AI reddi";"ai_rejected";"ollama:gemma4:12b";"1";"Mısır";"The clue 'Mısırlı' means 'Egyptian' (adjective/noun for a person), but the answer 'EGYPT' is the country name. The correct single word clue should be 'Mısır'.";"";"freedict+kelly+frequencywords"
"B1";"Davet";"ENTERTAINMENT";"Noun";"2217";"AI reddi";"ai_rejected";"ollama:gemma4:12b";"1";"Eğlence";"The clue 'Davet' means 'Invitation' or 'Party'. The correct translation for 'Entertainment' is 'Eğlence'.";"Eğlence | Toplantı | Ziyafet";"freedict+kelly+frequencywords"
"B1";"Teknisyen";"OPERATOR";"Noun";"2218";"AI reddi";"ai_rejected";"ollama:gemma4:12b";"1";"Operatör";"The clue 'Teknisyen' means 'Technician'. The correct translation for 'Operator' is 'Operatör'.";"Operatör";"freedict+kelly+frequencywords"
"B1";"Meclis";"SOVIET";"Adjective";"2219";"AI reddi";"ai_rejected";"ollama:gemma4:12b";"1";"Sovyet";"The clue 'Meclis' means 'Assembly' or 'Parliament'. The correct translation for 'Soviet' is 'Sovyet'.";"Sovyet";"freedict+kelly+frequencywords"
"B1";"Hak";"JUSTICE";"Noun";"2221";"AI onaylı";"ai_approved";"ollama:gemma4:12b";"0.95";"Hak";"The clue 'Hak' is a valid and common synonym for 'Justice' in many contexts, and it is a single word.";"Adalet | Doğruluk";"freedict+kelly+frequencywords"
"B1";"Sıcak";"HEAT";"Noun";"2223";"İnsan incelemesi";"needs_review";"ollama:gemma4:12b";"1";"Isı";"The clue 'Sıcak' is an adjective, while 'HEAT' is a noun. 'Isı' is a more accurate noun equivalent.";"Öfke | Sıcaklık | Isı | Kızdırmak";"freedict+kelly+frequencywords"
"B1";"Seminer";"SEMINAR";"Noun";"2224";"AI onaylı";"ai_approved";"ollama:gemma4:12b";"1";"Seminer";"The clue is a direct and accurate translation of the noun.";"";"freedict+kelly+frequencywords"
"B1";"Fikir";"OBSERVATION";"Noun";"2225";"AI reddi";"ai_rejected";"ollama:gemma4:12b";"1";"Gözlem";"The clue 'Fikir' means 'idea', which is not the primary meaning of 'observation'. 'Gözlem' is the correct noun.";"Yorum | Gözlem | İnceleme";"freedict+kelly+frequencywords"
"B1";"Madde";"METAL";"Noun";"2227";"AI reddi";"ai_rejected";"ollama:gemma4:12b";"1";"Metal";"The clue 'Madde' means 'matter' or 'substance'. 'Metal' is the specific and correct term.";"Maden | Tabiat";"freedict+kelly+frequencywords"
"B1";"Bayağı";"ORDINARY";"Adjective";"2228";"İnsan incelemesi";"needs_review";"ollama:gemma4:12b";"0.9";"Adi";"The clue 'Bayağı' is informal/colloquial. 'Adi' is a more standard and common translation for 'ordinary'.";"Adi | Alelade | Alışılmış";"freedict+kelly+frequencywords"
"B1";"Sahil";"COAST";"Noun";"2231";"AI onaylı";"ai_approved";"ollama:gemma4:12b";"1";"Sahil";"The clue 'Sahil' is a precise, single-word Turkish equivalent for 'Coast' at B1 level.";"";"freedict+kelly+frequencywords"
"B1";"Karışma";"MIX";"Noun";"2232";"AI reddi";"ai_rejected";"ollama:gemma4:12b";"0.9";"Karışım";"The current clue 'Karışma' is a verb form (gerund/infinitive), but the part of speech is Noun. 'Karışım' is the correct noun.";"Karıştırma | Karışım | Karıştırmak | Karışmak";"freedict+kelly+frequencywords"
"B1";"Sürpriz";"SURPRISE";"Noun";"2233";"AI onaylı";"ai_approved";"ollama:gemma4:12b";"1";"Sürpriz";"The clue 'Sürpriz' is a common and accurate single-word translation for 'Surprise'.";"Hayret | Şaşkınlık | Şaşırtmak";"freedict+kelly+frequencywords"
"B1";"Bakan";"MINISTER";"Noun";"2234";"AI onaylı";"ai_approved";"ollama:gemma4:12b";"1";"Bakan";"The clue 'Bakan' is the standard and correct translation for 'Minister'.";"Bakmak | Papaz | Vaiz";"freedict+kelly+frequencywords"
"B1";"Dalga";"WAVE";"Noun";"2235";"AI onaylı";"ai_approved";"ollama:gemma4:12b";"1";"Dalga";"The clue 'Dalga' is the correct single-word translation for 'Wave'.";"Hare | Dalgalanma | Sallamak";"freedict+kelly+frequencywords"
"B1";"Depo";"STORAGE";"Noun";"2236";"AI onaylı";"ai_approved";"ollama:gemma4:12b";"1";"Depo";"The clue 'Depo' is a precise, single-word noun matching the word 'STORAGE' at B1 level.";"Depolama";"freedict+kelly+frequencywords"
"B1";"Yetenek";"TALENT";"Noun";"2238";"AI onaylı";"ai_approved";"ollama:gemma4:12b";"1";"Yetenek";"The clue 'Yetenek' is a standard, unambiguous noun for 'TALENT'.";"Hünerli";"freedict+kelly+frequencywords"
"B1";"Sert";"SEVERE";"Adjective";"2240";"İnsan incelemesi";"needs_review";"ollama:gemma4:12b";"0.85";"Şiddetli";"The current clue 'Sert' can mean 'hard' or 'tough' (physical). 'Şiddetli' is a more accurate translation for 'SEVERE' in contexts like weather or pain.";"Şiddetli | Haşin";"freedict+kelly+frequencywords"
"B1";"Çılgın";"WILD";"Adjective";"2241";"İnsan incelemesi";"needs_review";"ollama:gemma4:12b";"0.85";"Vahşi";"The clue 'Çılgın' means 'crazy'. While 'wild' can mean 'crazy' in some contexts, 'Vahşi' is the primary meaning for 'WILD' in most contexts.";"Vahşi | Meraklı | Yabani | Kır";"freedict+kelly+frequencywords"
"B1";"Güzellik";"BEAUTY";"Noun";"2242";"AI onaylı";"ai_approved";"ollama:gemma4:12b";"1";"Güzellik";"The clue 'Güzellik' is the standard and correct translation for 'BEAUTY'.";"";"freedict+kelly+frequencywords"
"B1";"Tam";"SUPERB";"Adjective";"2243";"İnsan incelemesi";"needs_review";"ollama:gemma4:12b";"1";"Muhteşem";"The current clue 'Tam' (Complete/Full) is ambiguous and does not accurately reflect the primary meaning of 'Superb' (Muhteşem/Harika).";"Muhteşem | Zengin | Nefis | Görkemli";"freedict+kelly+frequencywords"
"B1";"Vermek";"DEDICATE";"Verb";"2244";"AI reddi";"ai_rejected";"ollama:gemma4:12b";"1";"Adamak";"The clue 'Vermek' (To give) is too generic and does not capture the specific meaning of 'Dedicate' (Adamak/Adamak). 'Adamak' is the correct single-word equivalent.";"Verilmiş | Adamak";"freedict+kelly+frequencywords"
"B1";"Dönüştürmek";"TRANSFORM";"Verb";"2245";"AI onaylı";"ai_approved";"ollama:gemma4:12b";"1";"Dönüştürmek";"The clue 'Dönüştürmek' is a precise, single-word translation for 'Transform' at the B1 level.";"";"freedict+kelly+frequencywords"
"B1";"Sıra";"SEQUENCE";"Noun";"2246";"İnsan incelemesi";"needs_review";"ollama:gemma4:12b";"1";"Dizi";"The clue 'Sıra' (Turn/Order) is slightly different from 'Sequence' (Dizi/Sıralama). 'Dizi' is a more accurate single-word synonym.";"Sonuç | Seri | Etki | Düzen";"freedict+kelly+frequencywords"
"B1";"Emir";"COMMAND";"Noun";"2247";"İnsan incelemesi";"needs_review";"ollama:gemma4:12b";"1";"Komut";"The clue 'Emir' (Order) is acceptable, but 'Komut' is often more precise for 'Command' in many contexts. 'Emir' is also valid but 'Komut' is more common in technical/general contexts.";"Yetki | Kumanda | Komut | Hakimiyet";"freedict+kelly+frequencywords"
"B1";"Belge";"CERTIFICATE";"Noun";"2248";"İnsan incelemesi";"needs_review";"ollama:gemma4:12b";"1";"Sertifika";"The clue 'Belge' is too general; 'Sertifika' is a more precise and specific term for 'Certificate'.";"Ruhsat";"freedict+kelly+frequencywords"
"B1";"Uzak";"REMOTE";"Adjective";"2250";"AI reddi";"ai_rejected";"ollama:gemma4:12b";"1";"Uzak";"The word 'Remote' as an adjective means 'Uzak', but it is highly ambiguous with 'Uzaktan' (remote control) or 'Yabancı'. 'Uzak' is acceptable but 'Uzaklık' or a more specific context is needed.";"Yabancı | Ayrı | Irak";"freedict+kelly+frequencywords"
"B1";"Yakıt";"FUEL";"Noun";"2251";"AI onaylı";"ai_approved";"ollama:gemma4:12b";"1";"Yakıt";"The clue 'Yakıt' is a direct, accurate, and common translation for 'Fuel'.";"";"freedict+kelly+frequencywords"
"B1";"Tutmak";"BIND";"Verb";"2254";"AI reddi";"ai_rejected";"ollama:gemma4:12b";"1";"Bağlamak";"The clue 'Tutmak' is too broad and can mean 'hold' or 'keep'. 'Bağlamak' is the more accurate translation for 'Bind'.";"";"freedict+kelly+frequencywords"
"B1";"Din";"RELIGION";"Noun";"2256";"AI onaylı";"ai_approved";"ollama:gemma4:12b";"1";"Din";"The clue 'Din' is the standard and correct translation for 'Religion'.";"İman";"freedict+kelly+frequencywords"
"B1";"İranlı";"IRAN";"Noun";"2257";"AI onaylı";"ai_approved";"ollama:gemma4:12b";"1";"İranlı";"The clue 'İranlı' correctly identifies the nationality/location associated with 'IRAN' in a B1 context.";"";"freedict+kelly+frequencywords"
"B1";"Yargıç";"JUDGE";"Verb";"2258";"AI onaylı";"ai_approved";"ollama:gemma4:12b";"1";"Yargıç";"The clue 'Yargıç' is a valid noun for 'JUDGE'. While 'Yargılamak' is a verb, the noun form is acceptable for the given answer.";"Yargılamak | Hakem | Hükmetmek";"freedict+kelly+frequencywords"
"B1";"Kadın";"FEMALE";"Adjective";"2259";"AI onaylı";"ai_approved";"ollama:gemma4:12b";"1";"Kadın";"The clue 'Kadın' is a standard and accurate translation for 'FEMALE' at B1 level.";"";"freedict+kelly+frequencywords"
"B1";"Kişi";"SOUL";"Noun";"2260";"İnsan incelemesi";"needs_review";"ollama:gemma4:12b";"0.9";"Ruh";"The current clue 'Kişi' (Person) is incorrect for 'SOUL'. The correct translation is 'Ruh'.";"Can | Ruh | Temel | Kök";"freedict+kelly+frequencywords"
"B1";"Çıkmak";"CLIMB";"Verb";"2261";"İnsan incelemesi";"needs_review";"ollama:gemma4:12b";"0.9";"Tırmanmak";"The clue 'Çıkmak' is too general. 'Tırmanmak' is the specific and more accurate translation for 'CLIMB'.";"Tırmanmak | Tırmanış";"freedict+kelly+frequencywords"
"B1";"Yetiştirmek";"COACH";"Noun";"2263";"AI reddi";"ai_rejected";"ollama:gemma4:12b";"1";"Antrenör";"The clue 'Yetiştirmek' (to raise/train) is a verb, but 'COACH' is a noun. 'Antrenör' is the correct noun equivalent.";"";"freedict+kelly+frequencywords"
"B1";"Zevk";"PLEASURE";"Noun";"2264";"AI onaylı";"ai_approved";"ollama:gemma4:12b";"1";"Zevk";"The clue 'Zevk' is a common, accurate, and single-word synonym for 'PLEASURE'.";"Emir | Keyif | Haz | Memnuniyet";"freedict+kelly+frequencywords"
"B1";"Anahtar";"SWITCH";"Verb";"2265";"AI reddi";"ai_rejected";"ollama:gemma4:12b";"1";"Değiştirmek";"The clue 'Anahtar' is a noun, but 'SWITCH' is listed as a verb. 'Değiştirmek' is the correct verb form.";"Dövmek | Çubuk";"freedict+kelly+frequencywords"
"B1";"Hindi";"TURKEY";"Noun";"2266";"AI reddi";"ai_rejected";"ollama:gemma4:12b";"1";"Türkiye";"The clue 'Hindi' refers to the bird (turkey), but 'TURKEY' is often used for the country. 'Türkiye' is the standard name.";"";"freedict+kelly+frequencywords"
"B1";"Emin";"CONFIDENT";"Adjective";"2267";"AI onaylı";"ai_approved";"ollama:gemma4:12b";"1";"Emin";"The clue 'Emin' is a correct and common adjective for 'CONFIDENT'.";"İnanmış";"freedict+kelly+frequencywords"
"B1";"Bakış";"PROSPECT";"Noun";"2268";"AI reddi";"ai_rejected";"ollama:gemma4:12b";"1";"İhtimal";"The current clue 'Bakış' refers to 'view' or 'gaze'. For 'prospect' in a B1 context, 'İhtimal' or 'Beklenti' is more accurate.";"İhtimal | Bekleme | Manzara | Gözleme";"freedict+kelly+frequencywords"
"B1";"İlerlemek";"PROCEED";"Verb";"2269";"AI onaylı";"ai_approved";"ollama:gemma4:12b";"0.95";"İlerlemek";"The clue is accurate, single-worded, and matches the verb form and level.";"";"freedict+kelly+frequencywords"
"B1";"Tahmin";"GUESS";"Verb";"2271";"AI onaylı";"ai_approved";"ollama:gemma4:12b";"0.98";"Tahmin";"The clue is accurate, single-worded, and matches the verb form and level.";"Keşfetmek | Zan";"freedict+kelly+frequencywords"
"B1";"Yapmak";"FASHION";"Noun";"2272";"AI reddi";"ai_rejected";"ollama:gemma4:12b";"1";"Moda";"The clue 'Yapmak' is too generic and can mean many verbs. 'Moda' is the specific noun meaning for 'fashion'.";"Moda | Tarz | Davranış | Adet";"freedict+kelly+frequencywords"
"B1";"Değişme";"VARIATION";"Noun";"2273";"AI reddi";"ai_rejected";"ollama:gemma4:12b";"1";"Çeşitlilik";"The clue 'Değişme' is a verb/process; 'Çeşitlilik' or 'Varyasyon' is the correct noun form for 'variation'.";"";"freedict+kelly+frequencywords"
"B1";"İlaç";"MEDICINE";"Noun";"2274";"AI onaylı";"ai_approved";"ollama:gemma4:12b";"1";"İlaç";"The clue 'İlaç' is a direct and accurate translation for 'Medicine' at B1 level.";"Çekmek | Katlanmak | Deva";"freedict+kelly+frequencywords"
"B1";"Kriz";"CRISIS";"Noun";"2276";"AI onaylı";"ai_approved";"ollama:gemma4:12b";"1";"Kriz";"The clue 'Kriz' is the standard and correct translation for 'Crisis'.";"";"freedict+kelly+frequencywords"
"B1";"Dayanarak";"WHEREAS";"Conjunction";"2279";"İnsan incelemesi";"needs_review";"ollama:gemma4:12b";"0.85";"Oysa";"The clue 'Dayanarak' (based on) is not the primary meaning of 'Whereas' (while/whereas). 'Oysa' or 'Halbuki' is more accurate.";"Halbuki | Mademki";"freedict+kelly+frequencywords"
"B1";"Rey";"VOTE";"Verb";"2280";"AI onaylı";"ai_approved";"ollama:gemma4:12b";"0.95";"";"The clue 'Rey' is a valid synonym, but 'Oy' is the most common translation for 'Vote' as a noun/verb.";"";"freedict+kelly+frequencywords"
"B1";"Cevap";"REPLY";"Noun";"2281";"AI onaylı";"ai_approved";"ollama:gemma4:12b";"1";"Cevap";"The clue 'Cevap' is the standard and correct translation for 'Reply'.";"Karşılık";"freedict+kelly+frequencywords"
"B1";"Çatı";"ROOF";"Noun";"2282";"AI onaylı";"ai_approved";"ollama:gemma4:12b";"1";"Çatı";"The clue 'Çatı' is a direct and accurate translation for 'ROOF'.";"Dam";"freedict+kelly+frequencywords"
"B1";"Başarmak";"COPE";"Verb";"2283";"İnsan incelemesi";"needs_review";"ollama:gemma4:12b";"0.85";"Başaçık";"The clue 'Başarmak' (to succeed) is close but 'Başaçık' or 'Çözmek' is more accurate for 'COPE'. 'Başarmak' is slightly ambiguous.";"";"freedict+kelly+frequencywords"
"B1";"Problem";"SUM";"Noun";"2287";"AI reddi";"ai_rejected";"ollama:gemma4:12b";"0.95";"Toplam";"The clue 'Problem' is incorrect for 'SUM'. The correct single word is 'Toplam'.";"Tutar | Kısacası | Toplamak | Özet";"freedict+kelly+frequencywords"
"B1";"Tahmin";"CALCULATE";"Verb";"2289";"AI reddi";"ai_rejected";"ollama:gemma4:12b";"0.95";"Hesaplamak";"The clue 'Tahmin' means 'guess', which is incorrect for 'CALCULATE'. The correct word is 'Hesaplamak'.";"Düşünmek | Hesap | Abd | Ayarlamak";"freedict+kelly+frequencywords"
"B1";"Zafer";"VICTORY";"Noun";"2290";"AI onaylı";"ai_approved";"ollama:gemma4:12b";"1";"Zafer";"The clue 'Zafer' is a perfect and standard translation for 'VICTORY'.";"Başarı";"freedict+kelly+frequencywords"
"B1";"Kanserli";"CANCER";"Noun";"2291";"AI reddi";"ai_rejected";"ollama:gemma4:12b";"1";"Kanser";"The clue 'Kanserli' is an adjective (cancerous), while the answer 'CANCER' is a noun. The suggested clue 'Kanser' matches the noun form.";"";"freedict+kelly+frequencywords"
"B1";"Vatandaş";"CITIZEN";"Noun";"2292";"AI onaylı";"ai_approved";"ollama:gemma4:12b";"1";"Vatandaş";"The clue is a direct, single-word noun equivalent to the answer.";"";"freedict+kelly+frequencywords"
"B1";"Yardım";"RELIEF";"Noun";"2300";"İnsan incelemesi";"needs_review";"ollama:gemma4:12b";"0.85";"Teselli";"The word 'Relief' has multiple meanings (help, relief, solace). 'Yardım' is broad; 'Teselli' or 'Kurtarma' might be more specific depending on context.";"Kurtarma | Bağış | Teselli | Çare";"freedict+kelly+frequencywords"
"B1";"Kaçmak";"ESCAPE";"Verb";"2303";"AI reddi";"ai_rejected";"ollama:gemma4:12b";"1";"Kaçış";"The answer 'ESCAPE' is a noun/verb, but the clue 'Kaçmak' is a verb. Since the partOfSpeech is Noun/Verb, 'Kaçış' is a better noun-focused clue.";"Kaçış | Kaçma | Atlatmak | Kurtuluş";"freedict+kelly+frequencywords"
"B1";"Değiştirmek";"REVISE";"Verb";"2306";"İnsan incelemesi";"needs_review";"ollama:gemma4:12b";"0.85";"Gözdengeçirmek";"The clue 'Değiştirmek' (to change) is a bit broad for 'Revise'. 'Gözdengeçirmek' is more precise, but it is two words in Turkish.";"Düzeltme";"freedict+kelly+frequencywords"
"B1";"Kaza";"DISTRICT";"Noun";"2308";"AI reddi";"ai_rejected";"ollama:gemma4:12b";"1";"Bölge";"The current clue 'Kaza' means 'accident'. The correct Turkish equivalent for 'District' is 'Bölge' or 'İlçe'.";"Bölge | Mahalle | Sancak";"freedict+kelly+frequencywords"
"B1";"Zor";"TOUGH";"Adjective";"2309";"AI onaylı";"ai_approved";"ollama:gemma4:12b";"1";"Zor";"The clue 'Zor' is a correct and common single-word synonym for 'Tough' at B1 level.";"Güç | Sert | Kart | Kuvvetli";"freedict+kelly+frequencywords"
"B1";"Değiştirmek";"ALTER";"Verb";"2311";"AI reddi";"ai_rejected";"ollama:gemma4:12b";"1";"Değiştirmek";"The current clue 'Değiştirmek' is a verb, but the input was 'Değiştirmek' (which is correct) but the system detected a mismatch or the user provided a multi-word/incorrect context. Actually, 'Değiştirmek' is the correct single word for 'To_";"Değişmek";"freedict+kelly+frequencywords"
"B1";"Görmek";"TASTE";"Noun";"2313";"AI reddi";"ai_rejected";"ollama:gemma4:12b";"1";"Tat";"The clue 'Görmek' means 'to see'. The correct Turkish word for 'Taste' is 'Tat'.";"Uyum | Denemek | Tat | Lezzet";"freedict+kelly+frequencywords"
"B1";"Sınır";"BORDER";"Noun";"2314";"AI onaylı";"ai_approved";"ollama:gemma4:12b";"1";"Sınır";"The clue 'Sınır' is a correct and common single-word synonym for 'Border' at B1 level.";"Kenar | Benzemek";"freedict+kelly+frequencywords"
"B1";"Yolcu";"PASSENGER";"Noun";"2317";"AI onaylı";"ai_approved";"ollama:gemma4:12b";"1";"Yolcu";"The clue 'Yolcu' is a direct and accurate translation for 'PASSENGER' at B1 level.";"";"freedict+kelly+frequencywords"
"B1";"Mücadele";"STRUGGLE";"Verb";"2319";"AI onaylı";"ai_approved";"ollama:gemma4:12b";"0.95";"Mücadele";"The clue 'Mücadele' correctly captures the core meaning of 'STRUGGLE' as a verb/noun.";"Uğraşmak | Çaba | Uğraşma | Uğraş";"freedict+kelly+frequencywords"
"B1";"Çıkmak";"MOUNT";"Verb";"2321";"İnsan incelemesi";"needs_review";"ollama:gemma4:12b";"0.85";"Binmek";"The clue 'Çıkmak' is ambiguous for 'MOUNT'. 'Binmek' is a more specific and accurate translation for the action of mounting.";"Kurmak | Taşımak | Binmek | Dağ";"freedict+kelly+frequencywords"
"B1";"Mücadele";"OPPOSITION";"Noun";"2323";"AI reddi";"ai_rejected";"ollama:gemma4:12b";"0.9";"Muhalefet";"The current clue 'Mücadele' is too broad and overlaps with 'Struggle'. 'Muhalefet' is the precise term for 'Opposition'.";"Muhalefet";"freedict+kelly+frequencywords"
"B1";"Yardımcı";"SUPPORTER";"Noun";"2324";"AI reddi";"ai_rejected";"ollama:gemma4:12b";"0.95";"Taraftar";"The clue 'Yardımcı' means 'assistant/helper'. 'Taraftar' or 'Destekçi' is the correct translation for 'SUPPORTER'.";"Bileklik | Taraftar | Askı";"freedict+kelly+frequencywords"
"B1";"Üretici";"PRODUCER";"Noun";"2326";"AI onaylı";"ai_approved";"ollama:gemma4:12b";"1";"Üretici";"The clue is accurate, single-word, and matches the part of speech and level.";"";"freedict+kelly+frequencywords"
"B1";"Çekilmek";"RETIRE";"Verb";"2327";"İnsan incelemesi";"needs_review";"ollama:gemma4:12b";"0.85";"Emekli";"The Turkish word 'Çekilmek' is ambiguous; 'Emekli' is a more precise single-word translation for the common meaning of 'Retire'.";"";"freedict+kelly+frequencywords"
"B1";"Düşman";"ENEMY";"Noun";"2328";"AI onaylı";"ai_approved";"ollama:gemma4:12b";"1";"Düşman";"The clue is accurate, single-word, and matches the part of speech and level.";"";"freedict+kelly+frequencywords"
"B1";"Savunmak";"DEFEND";"Verb";"2330";"AI onaylı";"ai_approved";"ollama:gemma4:12b";"0.95";"Savunmak";"While 'Korumak' is acceptable, 'Savunmak' is the more precise translation for 'Defend'. However, 'Korumak' is a valid single-word synonym.";"Saklamak";"freedict+kelly+frequencywords"
"B1";"İstatistik";"STATISTICS";"Noun";"2332";"AI onaylı";"ai_approved";"ollama:gemma4:12b";"1";"İstatistik";"The clue is accurate, single-word, and matches the part of speech and level.";"";"freedict+kelly+frequencywords"
"B1";"Para";"ROLL";"Verb";"2333";"AI reddi";"ai_rejected";"ollama:gemma4:12b";"1";"Çevirmek";"The current clue 'Para' (Money) is incorrect for the verb 'ROLL'. 'Çevirmek' is the correct verb form.";"Dönmek | Açmak | Çevirmek | Kayıt";"freedict+kelly+frequencywords"
"B1";"Üst";"UPPER";"Adjective";"2334";"AI onaylı";"ai_approved";"ollama:gemma4:12b";"0.95";"Üst";"The clue 'Üst' is a correct and common translation for the adjective 'UPPER'.";"Yukarıdaki | Parasız | Üstteki | Meteliksiz";"freedict+kelly+frequencywords"
"B1";"Yarda";"YARD";"Noun";"2335";"AI reddi";"ai_rejected";"ollama:gemma4:12b";"1";"Avlu";"The current clue 'Yarda' is a locative case; the noun 'YARD' should be 'Avlu'.";"Avlu";"freedict+kelly+frequencywords"
"B1";"Zor";"VIOLENCE";"Noun";"2336";"AI reddi";"ai_rejected";"ollama:gemma4:12b";"1";"Şiddet";"The clue 'Zor' (Hard/Difficult) is not a synonym for 'VIOLENCE'. 'Şiddet' is the correct noun.";"Tecavüz | Şiddet | Zorlama | Bozma";"freedict+kelly+frequencywords"
"B1";"Yenmek";"OVERCOME";"Verb";"2338";"AI reddi";"ai_rejected";"ollama:gemma4:12b";"1";"Aşmak";"The clue 'Yenmek' (to defeat) is close but 'Aşmak' is a more precise translation for 'OVERCOME' in many contexts.";"Gidermek";"freedict+kelly+frequencywords"
"B1";"Tahmin";"RATING";"Noun";"2340";"AI reddi";"ai_rejected";"ollama:gemma4:12b";"1";"Derecelendirme";"The clue 'Tahmin' (Guess) is incorrect for 'Rating'. 'Derecelendirme' is the accurate term.";"Takdir";"freedict+kelly+frequencywords"
"B1";"Baskı";"IMPRESSION";"Noun";"2341";"AI reddi";"ai_rejected";"ollama:gemma4:12b";"1";"İzlenim";"The clue 'Baskı' (Pressure/Print) is incorrect for 'Impression'. 'İzlenim' is the correct primary meaning.";"Hassas | Etki | İzlenim | Basma";"freedict+kelly+frequencywords"
"B1";"Duruşma";"HEARING";"Noun";"2342";"AI reddi";"ai_rejected";"ollama:gemma4:12b";"1";"İşitme";"The clue 'Duruşma' is a specific legal context. 'İşitme' is the standard general term for 'Hearing'.";"Oturum | İşitme";"freedict+kelly+frequencywords"
"B1";"Uyarıcı";"WARNING";"Noun";"2344";"AI reddi";"ai_rejected";"ollama:gemma4:12b";"1";"Uyarı";"The clue 'Uyarıcı' is an adjective/noun for 'Warner'. The correct noun for 'Warning' is 'Uyarı'.";"İkaz | İhbar";"freedict+kelly+frequencywords"
"B1";"Direk";"COLUMN";"Noun";"2345";"AI reddi";"ai_rejected";"ollama:gemma4:12b";"1";"Sütun";"The clue 'Direk' (Mast/Pole) is not the standard translation for 'Column'. 'Sütun' covers both architectural and journalistic meanings.";"Fıkra";"freedict+kelly+frequencywords"
"B1";"Şartsız";"RESERVE";"Verb";"2346";"AI reddi";"ai_rejected";"ollama:gemma4:12b";"1";"Ayırtmak";"The clue 'Şartsız' (unconditional) is not a synonym for 'RESERVE' (to book/keep). 'Ayırtmak' is the correct verb form.";"";"freedict+kelly+frequencywords"
"B1";"Görmek";"WITNESS";"Noun";"2347";"İnsan incelemesi";"needs_review";"ollama:gemma4:12b";"0.9";"Tanık";"The clue 'Görmek' (to see) is too general for 'WITNESS'. 'Tanık' is a more precise noun/verb synonym.";"Tanık | Delil | Şahit | Tanıklık";"freedict+kelly+frequencywords"
"B1";"Dışarıda";"ABROAD";"Adverb";"2349";"AI reddi";"ai_rejected";"ollama:gemma4:12b";"1";"";"The clue 'Dışarıda' means 'outside' in a general sense. 'Yurt Dışında' is the specific meaning of 'ABROAD'.";"Ortalıkta";"freedict+kelly+frequencywords"
"B1";"Rehber";"DIRECTORY";"Noun";"2351";"AI onaylı";"ai_approved";"ollama:gemma4:12b";"1";"Rehber";"The clue 'Rehber' is a correct and common synonym for 'DIRECTORY'.";"";"freedict+kelly+frequencywords"
"B1";"Etiket";"LABEL";"Noun";"2352";"AI onaylı";"ai_approved";"ollama:gemma4:12b";"1";"Etiket";"The clue 'Etiket' is a correct and common synonym for 'LABEL'.";"";"freedict+kelly+frequencywords"
"B1";"Kaybolmak";"DISAPPEAR";"Verb";"2353";"AI onaylı";"ai_approved";"ollama:gemma4:12b";"1";"Kaybolmak";"The clue is accurate, single-word, and matches the verb form and level.";"Kaybolma";"freedict+kelly+frequencywords"
"B1";"Yol";"PASSAGE";"Noun";"2355";"İnsan incelemesi";"needs_review";"ollama:gemma4:12b";"0.85";"Geçit";"The word 'Passage' can mean 'parça' or 'yolculuk' as well. 'Geçit' is a more specific single-word synonym for a physical passage.";"Gitme | Parça | Yolculuk | Seyahat";"freedict+kelly+frequencywords"
"B1";"İsrailli";"ISRAELI";"Adjective";"2356";"AI onaylı";"ai_approved";"ollama:gemma4:12b";"1";"İsrailli";"The clue is a direct and accurate translation of the adjective.";"";"freedict+kelly+frequencywords"
"B1";"Suç";"DEBT";"Noun";"2358";"AI reddi";"ai_rejected";"ollama:gemma4:12b";"1";"Borç";"The current clue 'Suç' means 'crime', which is incorrect for 'Debt'. 'Borç' is the correct translation.";"Alacak";"freedict+kelly+frequencywords"
"B1";"Aylık";"MONTHLY";"Adjective";"2363";"AI onaylı";"ai_approved";"ollama:gemma4:12b";"1";"Aylık";"The clue is accurate and matches the adjective form.";"";"freedict+kelly+frequencywords"
"B1";"Yardım";"LIFT";"Verb";"2366";"AI reddi";"ai_rejected";"ollama:gemma4:12b";"1";"Kaldırmak";"The clue 'Yardım' (Help) is incorrect for the verb 'LIFT'. The correct verb meaning is 'Kaldırmak'.";"Kaldırmak | Yükseltmek | Neşe | Yükselmek";"freedict+kelly+frequencywords"
"B1";"Hollanda";"HOLLAND";"Noun";"2368";"AI onaylı";"ai_approved";"ollama:gemma4:12b";"1";"Hollanda";"The clue is a direct and correct translation of the proper noun.";"";"freedict+kelly+frequencywords"
"B1";"Tedavi";"THERAPY";"Noun";"2369";"AI onaylı";"ai_approved";"ollama:gemma4:12b";"1";"Tedavi";"The clue is a correct and standard translation for the noun.";"Terapi";"freedict+kelly+frequencywords"
"B1";"Dikkatli";"NARROW";"Adjective";"2371";"AI reddi";"ai_rejected";"ollama:gemma4:12b";"1";"Dar";"The clue 'Dikkatli' means 'Careful'. The correct translation for 'NARROW' is 'Dar'.";"Sıkı | Dar | Çekmek | Sınırlı";"freedict+kelly+frequencywords"
"B1";"Miktar";"QUANTITY";"Noun";"2372";"AI onaylı";"ai_approved";"ollama:gemma4:12b";"1";"Miktar";"The clue is a correct and standard translation for the noun.";"Bolluk";"freedict+kelly+frequencywords"
"B1";"Şart";"RESTRICTION";"Noun";"2373";"AI reddi";"ai_rejected";"ollama:gemma4:12b";"1";"Kısıtlama";"The clue 'Şart' (Condition) is not a synonym for 'Restriction'. 'Kısıtlama' is the correct term.";"Kısıtlama";"freedict+kelly+frequencywords"
"B1";"Sürü";"CREW";"Noun";"2374";"AI reddi";"ai_rejected";"ollama:gemma4:12b";"1";"Mürettebat";"The clue 'Sürü' refers to a herd of animals. 'Mürettebat' is the correct term for 'Crew'.";"Takım | Mürettebat | Kitle | Tayfa";"freedict+kelly+frequencywords"
"B1";"Sakin";"COOL";"Adjective";"2375";"AI onaylı";"ai_approved";"ollama:gemma4:12b";"0.95";"Sakin";"The clue 'Sakin' is a valid and common synonym for 'Cool' in this context.";"Mükemmel | Serin | Soğukkanlı | Kayıtsız";"freedict+kelly+frequencywords"
"B1";"Duygusal";"SENSITIVE";"Adjective";"2377";"AI reddi";"ai_rejected";"ollama:gemma4:12b";"1";"Hassas";"The clue 'Duygusal' means 'Emotional'. 'Hassas' is the correct term for 'Sensitive'.";"Hassas | Duyar | Hassasiyet | Alıngan";"freedict+kelly+frequencywords"
"B1";"Adım";"PACE";"Noun";"2379";"AI reddi";"ai_rejected";"ollama:gemma4:12b";"1";"Hız";"The clue 'Adım' means 'Step'. 'Hız' or 'Tempo' are better synonyms for 'Pace'.";"Yürüyüş | Gidiş | Yürümek";"freedict+kelly+frequencywords"
"B1";"Güvenilir";"RELIABLE";"Adjective";"2380";"AI onaylı";"ai_approved";"ollama:gemma4:12b";"1";"Güvenilir";"The clue 'Güvenilir' is a direct and accurate translation for 'RELIABLE' at B1 level.";"";"freedict+kelly+frequencywords"
"B1";"Baskı";"MAIL";"Noun";"2385";"AI reddi";"ai_rejected";"ollama:gemma4:12b";"1";"Posta";"The current clue 'Baskı' means 'pressure' or 'printing', which is incorrect for 'MAIL'. 'Posta' is the correct term.";"Posta";"freedict+kelly+frequencywords"
"B1";"Kabul";"RECEPTION";"Noun";"2386";"İnsan incelemesi";"needs_review";"ollama:gemma4:12b";"0.85";"Resepsiyon";"The clue 'Kabul' is too broad and can mean 'acceptance'. 'Resepsiyon' is more specific for the noun 'RECEPTION'.";"Alma | Alınma | Resepsiyon";"freedict+kelly+frequencywords"
"B1";"İsveç";"SWEDEN";"Noun";"2387";"AI onaylı";"ai_approved";"ollama:gemma4:12b";"1";"İsveç";"The clue 'İsveç' is the correct and standard translation for 'SWEDEN'.";"";"freedict+kelly+frequencywords"
"B1";"Gitmek";"REPAIR";"Noun";"2388";"AI reddi";"ai_rejected";"ollama:gemma4:12b";"1";"Tamir";"The clue 'Gitmek' means 'to go', which is unrelated to 'REPAIR'. 'Tamir' is the correct translation.";"Tamir | Onarım | İyileştirme | Çekilmek";"freedict+kelly+frequencywords"
"B1";"Zayıf";"WEAK";"Adjective";"2389";"AI onaylı";"ai_approved";"ollama:gemma4:12b";"1";"Zayıf";"The clue 'Zayıf' is a direct and accurate translation for 'Weak' at B1 level.";"Hafif | Eksik | Hastalıklı | Şaşkın";"freedict+kelly+frequencywords"
"B1";"Kuzeyli";"NORTHERN";"Adjective";"2390";"AI onaylı";"ai_approved";"ollama:gemma4:12b";"1";"Kuzeyli";"The clue 'Kuzeyli' correctly identifies the adjective 'Northern'.";"";"freedict+kelly+frequencywords"
"B1";"Açık";"SIGNAL";"Noun";"2394";"AI reddi";"ai_rejected";"ollama:gemma4:12b";"0.95";"Sinyal";"The clue 'Açık' is incorrect for 'Signal'. The correct Turkish term is 'Sinyal'.";"Belli | Parola";"freedict+kelly+frequencywords"
"B1";"Hollanda";"NETHERLANDS";"Noun";"2395";"AI onaylı";"ai_approved";"ollama:gemma4:12b";"1";"Hollanda";"The clue 'Hollanda' is the correct and standard translation for 'Netherlands'.";"";"freedict+kelly+frequencywords"
"B1";"Muhtaç";"POVERTY";"Noun";"2396";"AI reddi";"ai_rejected";"ollama:gemma4:12b";"0.95";"Yoksulluk";"The clue 'Muhtaç' is an adjective (needy), while 'Poverty' is a noun. 'Yoksulluk' is the correct noun form.";"Yoksul | İhtiyaç | Yoksulluk";"freedict+kelly+frequencywords"
"B1";"Değiştirmek";"TRANSLATE";"Verb";"2397";"AI reddi";"ai_rejected";"ollama:gemma4:12b";"1";"Çevirmek";"The current clue 'Değiştirmek' (to change) is too broad and can refer to many words. 'Çevirmek' is the specific and correct translation for 'Translate'.";"Çevirmek | Dönüştürmek";"freedict+kelly+frequencywords"
"B1";"Dönmek";"WHEEL";"Noun";"2399";"AI reddi";"ai_rejected";"ollama:gemma4:12b";"1";"Tekerlek";"The clue 'Dönmek' is a verb (to turn/rotate), but 'WHEEL' is a noun. The correct single-word noun is 'Tekerlek'.";"Dönme | Dolap | Tekerlek | Sürmek";"freedict+kelly+frequencywords"
"B1";"Doğrulamak";"JUSTIFY";"Verb";"2402";"İnsan incelemesi";"needs_review";"ollama:gemma4:12b";"0.9";"Gerekçelendirmek";"The clue 'Doğrulamak' (to verify/prove) is close but 'Gerekçelendirmek' is a more precise translation for 'Justify'.";"";"freedict+kelly+frequencywords"
"B1";"Bayağı";"CAMP";"Noun";"2403";"AI reddi";"ai_rejected";"ollama:gemma4:12b";"1";"Kamp";"The clue 'Bayağı' is an informal/slang term for 'ordinary' and is not a synonym for 'Camp' in this context.";"Adi | Kamp | Gülünç";"freedict+kelly+frequencywords"
"B1";"Felsefe";"PHILOSOPHY";"Noun";"2404";"AI onaylı";"ai_approved";"ollama:gemma4:12b";"1";"Felsefe";"The clue is accurate, matches the part of speech, and is a standard translation.";"";"freedict+kelly+frequencywords"
"B1";"Grup";"CIRCLE";"Noun";"2405";"AI onaylı";"ai_approved";"ollama:gemma4:12b";"0.95";"Grup";"The clue 'Grup' is a valid, single-word synonym for 'Circle' in certain contexts, and the word type matches.";"Halka | Meydan | Dönmek | Ring";"freedict+kelly+frequencywords"
"B1";"Geleneksel";"CONVENTIONAL";"Adjective";"2413";"AI onaylı";"ai_approved";"ollama:gemma4:12b";"0.98";"Geleneksel";"The clue is accurate, single-word, and matches the adjective part of speech.";"Basmakalıp";"freedict+kelly+frequencywords"
"B1";"Evlilik";"MARRIAGE";"Noun";"2416";"AI onaylı";"ai_approved";"ollama:gemma4:12b";"0.98";"Evlilik";"The clue is a direct and accurate translation for the noun.";"Evlenme";"freedict+kelly+frequencywords"
"B1";"Zorlayıcı";"INSIST";"Verb";"2418";"AI reddi";"ai_rejected";"ollama:gemma4:12b";"0.9";"Israr";"The current clue 'Zorlayıcı' is an adjective, but the answer 'INSIST' is a verb. 'Israr' is the correct verb form.";"";"freedict+kelly+frequencywords"
"B1";"Bizzat";"PERSONALLY";"Adverb";"2419";"AI onaylı";"ai_approved";"ollama:gemma4:12b";"0.98";"Bizzat";"The clue 'Bizzat' is a perfect single-word adverbial equivalent for 'Personally'.";"Şahsen";"freedict+kelly+frequencywords"
"B1";"Hatırlamak";"RECALL";"Verb";"2420";"AI onaylı";"ai_approved";"ollama:gemma4:12b";"1";"Hatırlamak";"The clue 'Hatırlamak' is a precise, single-word Turkish equivalent for the verb 'recall' at B1 level.";"";"freedict+kelly+frequencywords"
"B1";"Kavga";"ROW";"Noun";"2421";"İnsan incelemesi";"needs_review";"ollama:gemma4:12b";"0.85";"Kavga";"The word 'row' is polysemous (row, kavga, sıra). While 'kavga' is a valid meaning, 'kavga' is less common than 'sıra' in general contexts, but as a single word it fits the specific meaning.";"Sıra | Saf | Dizi | Kargaşa";"freedict+kelly+frequencywords"
"B1";"Serbest";"LEISURE";"Noun";"2422";"AI reddi";"ai_rejected";"ollama:gemma4:12b";"0.9";"";"The clue 'Serbest' (free) is not the most accurate translation for 'leisure' (boş zaman). Since 'boş zaman' is two words, it's hard to provide a single word, but 'serbest' is slightly off.";"Fırsat | İşsiz | İşsizlik";"freedict+kelly+frequencywords"
"B1";"Yorumlamak";"INTERPRET";"Verb";"2423";"AI onaylı";"ai_approved";"ollama:gemma4:12b";"0.95";"Yorumlamak";"The clue 'İzah' is acceptable, but 'Yorumlamak' is a more standard verb form for 'interpret'. However, 'İzah' is a valid single word.";"";"freedict+kelly+frequencywords"
"B1";"Seri";"STRING";"Noun";"2426";"İnsan incelemesi";"needs_review";"ollama:gemma4:12b";"0.85";"Dizi";"The clue 'Seri' is less common than 'Dizi' for 'string' in technical or general contexts. 'Dizi' is the standard translation.";"Dizi | Şart | Şerit | Kordon";"freedict+kelly+frequencywords"
"B1";"Çiftçilik";"TILL";"Preposition";"2427";"AI reddi";"ai_rejected";"ollama:gemma4:12b";"1";"Dek";"The clue 'Çiftçilik' means 'farming', which is unrelated to the preposition 'TILL' (until/up to).";"";"freedict+kelly+frequencywords"
"B1";"Atlamak";"JUMP";"Verb";"2428";"AI onaylı";"ai_approved";"ollama:gemma4:12b";"1";"Atlamak";"The clue is a direct and accurate translation of the verb 'JUMP'.";"Atlatmak | Atlama | Fırlatmak | Kışkırtmak";"freedict+kelly+frequencywords"
"B1";"Rahat";"COMFORT";"Noun";"2430";"İnsan incelemesi";"needs_review";"ollama:gemma4:12b";"0.9";"Konfor";"The clue 'Rahat' is an adjective, but 'COMFORT' is a noun/verb. 'Konfor' is a better noun match.";"Teselli | Refah | Konfor | Yatıştırmak";"freedict+kelly+frequencywords"
"B1";"Tanrı";"BEING";"Noun";"2441";"İnsan incelemesi";"needs_review";"ollama:gemma4:12b";"0.9";"Varlık";"The clue 'Tanrı' (God) is a specific meaning of 'Being' in some contexts, but 'Varlık' is the standard general term.";"İnsan | Varlık | Oluş | Varoluş";"freedict+kelly+frequencywords"
"B1";"Kısmen";"PARTLY";"Adverb";"2442";"AI onaylı";"ai_approved";"ollama:gemma4:12b";"1";"Kısmen";"The clue 'Kısmen' is a perfect translation for the adverb 'PARTLY'.";"Kısmi";"freedict+kelly+frequencywords"
"B1";"Hava";"SKY";"Noun";"2446";"AI onaylı";"ai_approved";"ollama:gemma4:12b";"1";"Hava";"The clue 'Hava' is a common and accurate single-word synonym for 'Sky' in Turkish.";"Gök";"freedict+kelly+frequencywords"
"B1";"Reis";"CHAIRMAN";"Noun";"2447";"AI onaylı";"ai_approved";"ollama:gemma4:12b";"1";"Reis";"The clue 'Reis' is a standard single-word translation for 'Chairman' in many contexts.";"";"freedict+kelly+frequencywords"
"B1";"Hassas";"EMOTIONAL";"Adjective";"2449";"İnsan incelemesi";"needs_review";"ollama:gemma4:12b";"0.9";"Duygusal";"The current clue 'Hassas' means 'sensitive'. 'Duygusal' is a more accurate translation for 'Emotional'.";"Heyecanlı | Heyecanla | Duygulu";"freedict+kelly+frequencywords"
"B1";"Milyar";"BILLION";"Number";"2450";"AI onaylı";"ai_approved";"ollama:gemma4:12b";"1";"Milyar";"The clue 'Milyar' is the exact and standard translation for 'Billion'.";"";"freedict+kelly+frequencywords"
"B1";"Kır";"COUNTRYSIDE";"Noun";"2451";"AI onaylı";"ai_approved";"ollama:gemma4:12b";"1";"Kır";"The clue 'Kır' is a valid single-word representation for 'Countryside' in this context.";"";"freedict+kelly+frequencywords"
"B1";"Çekingen";"WITHDRAW";"Verb";"2452";"AI reddi";"ai_rejected";"ollama:gemma4:12b";"1";"Geriçekmek";"The clue 'Çekingen' means 'shy' (adjective), while 'WITHDRAW' is a verb meaning 'to take back' or 'withdraw'. They are different parts of speech and meanings.";"";"freedict+kelly+frequencywords"
"B1";"Gerçek";"GENUINE";"Adjective";"2453";"AI onaylı";"ai_approved";"ollama:gemma4:12b";"0.95";"Gerçek";"The clue 'Gerçek' is a correct and common synonym for 'Genuine' in this context.";"Hakiki | Samimiyet";"freedict+kelly+frequencywords"
"B1";"Anlayış";"PERCEPTION";"Noun";"2454";"İnsan incelemesi";"needs_review";"ollama:gemma4:12b";"0.85";"Algı";"The clue 'Anlayış' can mean 'understanding', but 'Algı' is a more precise translation for 'Perception'.";"İdrak | Algı";"freedict+kelly+frequencywords"
"B1";"Azınlık";"MINORITY";"Noun";"2455";"AI onaylı";"ai_approved";"ollama:gemma4:12b";"0.98";"Azınlık";"The clue 'Azınlık' is the exact and standard translation for 'Minority'.";"";"freedict+kelly+frequencywords"
"B1";"Kat";"LAYER";"Noun";"2458";"AI onaylı";"ai_approved";"ollama:gemma4:12b";"0.98";"Kat";"The clue 'Kat' is a correct and common translation for 'Layer'.";"Tabaka";"freedict+kelly+frequencywords"
"B1";"Yalnız";"PURE";"Adjective";"2459";"AI reddi";"ai_rejected";"ollama:gemma4:12b";"1";"Saf";"The current clue 'Yalnız' means 'alone' or 'lonely', which is incorrect for 'PURE'. 'Saf' is the correct single-word synonym.";"Tamamen | Temiz | Saf | Kusursuz";"freedict+kelly+frequencywords"
"B1";"Şüphe";"QUERY";"Noun";"2460";"İnsan incelemesi";"needs_review";"ollama:gemma4:12b";"0.9";"Soru";"The clue 'Şüphe' means 'doubt'. While related, 'Soru' or 'Sorgu' is more accurate for 'Query' as a noun.";"Sormak | Sorgu";"freedict+kelly+frequencywords"
"B1";"Terketmek";"ABANDON";"Verb";"2461";"AI onaylı";"ai_approved";"ollama:gemma4:12b";"1";"Terketmek";"The clue is accurate, single-word, and matches the part of speech.";"";"freedict+kelly+frequencywords"
"B1";"Canlı";"DRAMATIC";"Adjective";"2462";"AI reddi";"ai_rejected";"ollama:gemma4:12b";"1";"Çarpıcı";"The clue 'Canlı' means 'lively'. 'Çarpıcı' or 'Dramatik' is a better fit for 'Dramatic'.";"Hareketli";"freedict+kelly+frequencywords"
"B1";"Pansiyon";"PENSION";"Noun";"2463";"AI onaylı";"ai_approved";"ollama:gemma4:12b";"1";"Pansiyon";"The clue is accurate and appropriate for the level.";"";"freedict+kelly+frequencywords"
"B1";"Kanıt";"PROOF";"Noun";"2464";"AI onaylı";"ai_approved";"ollama:gemma4:12b";"1";"Kanıt";"The clue 'Kanıt' is a precise, single-word synonym for 'proof' at the B1 level.";"Delil | Deneme | Kuvvetli | Tecrübe";"freedict+kelly+frequencywords"
"B1";"Ayrı";"ASIDE";"Adverb";"2465";"İnsan incelemesi";"needs_review";"ollama:gemma4:12b";"0.8";"Yan";"The clue 'Ayrı' (separate) is somewhat ambiguous for 'aside'. 'Yan' or 'Kenara' might be more specific, but 'Ayrı' is acceptable but slightly vague.";"";"freedict+kelly+frequencywords"
"B1";"Küçücük";"TINY";"Adjective";"2466";"AI onaylı";"ai_approved";"ollama:gemma4:12b";"1";"Küçücük";"The clue 'Küçücük' accurately reflects the diminutive meaning of 'tiny' at the B1 level.";"Ufacık | Minicik";"freedict+kelly+frequencywords"
"B1";"Müthiş";"ENORMOUS";"Adjective";"2467";"İnsan incelemesi";"needs_review";"ollama:gemma4:12b";"0.85";"Devasa";"The clue 'Müthiş' means 'great/terrible' and is too broad for 'enormous'. 'Devasa' is a more accurate single-word synonym.";"";"freedict+kelly+frequencywords"
"B1";"Davacı";"COMPLAIN";"Verb";"2468";"AI reddi";"ai_rejected";"ollama:gemma4:12b";"1";"";"The clue 'Davacı' is a noun (plaintiff), while 'COMPLAIN' is a verb. The clue must match the part of speech.";"";"freedict+kelly+frequencywords"
"B1";"Boş";"EMPTY";"Adjective";"2470";"AI onaylı";"ai_approved";"ollama:gemma4:12b";"1";"Boş";"The clue 'Boş' is a direct and accurate translation for 'EMPTY' in this context.";"Önemsiz | Anlamsız | Değersiz | Yoksun";"freedict+kelly+frequencywords"
"B1";"Tek";"ODD";"Adjective";"2471";"AI onaylı";"ai_approved";"ollama:gemma4:12b";"1";"Tek";"The clue 'Tek' correctly identifies the primary meaning of 'ODD' (as in odd number).";"Acayip | Bambaşka | Küsur";"freedict+kelly+frequencywords"
"B1";"Başarmak";"NEGOTIATE";"Verb";"2472";"AI reddi";"ai_rejected";"ollama:gemma4:12b";"1";"Müzakere";"The current clue 'Başarmak' means 'to succeed', which is not the primary meaning of 'NEGOTIATE'.";"Arabulucu";"freedict+kelly+frequencywords"
"B1";"Fabrika";"FACTORY";"Noun";"2473";"AI onaylı";"ai_approved";"ollama:gemma4:12b";"1";"Fabrika";"The clue 'Fabrika' is the correct and standard translation for 'FACTORY'.";"Atölye";"freedict+kelly+frequencywords"
"B1";"Kuşak";"ZONE";"Noun";"2475";"AI reddi";"ai_rejected";"ollama:gemma4:12b";"1";"Bölge";"The clue 'Kuşak' is specific (belt/zone), but 'Bölge' is the standard translation for 'ZONE'. 'Çevirmek' is a verb and incorrect.";"Çevirmek";"freedict+kelly+frequencywords"
"B1";"Mutlaka";"ASSURE";"Verb";"2476";"AI reddi";"ai_rejected";"ollama:gemma4:12b";"1";"Güvence";"The clue 'Mutlaka' (certainly/must) is an adverb, while 'ASSURE' is a verb. The correct one-word Turkish verb for 'assure' is 'Güvence' or 'Temin'.";"";"freedict+kelly+frequencywords"
"B1";"Eser";"TRACE";"Verb";"2478";"AI reddi";"ai_rejected";"ollama:gemma4:12b";"1";"";"The clue 'Eser' (work of art/effect) is not the primary meaning of 'TRACE' as a verb or noun. 'İz' is the correct one-word equivalent.";"Zerre";"freedict+kelly+frequencywords"
"B1";"Ray";"RAIL";"Noun";"2479";"AI reddi";"ai_rejected";"ollama:gemma4:12b";"1";"Ray";"The clue 'Ray' is correct, but the system requires a single word. Since 'Ray' is already one word and correct, it is technically valid, but 'Demiryolu' is the alternative. However, 'Ray' is the most direct translation.";"Demiryolu";"freedict+kelly+frequencywords"
"B1";"Suikast";"PLOT";"Noun";"2481";"AI reddi";"ai_rejected";"ollama:gemma4:12b";"1";"Kurgu";"The clue 'Suikast' (assassination) is a specific meaning of 'plot' (noun), but 'Kurgu' or 'Olay örgüsü' are more general. 'Kurgu' is the best one-word fit.";"Arsa | Entrika";"freedict+kelly+frequencywords"
"B1";"Kapı";"GATE";"Noun";"2482";"AI onaylı";"ai_approved";"ollama:gemma4:12b";"1";"Kapı";"The clue 'Kapı' is a perfect one-word translation for 'GATE' at B1 level.";"Boğaz";"freedict+kelly+frequencywords"
"B1";"Tek";"EXCLUSIVE";"Adjective";"2483";"AI reddi";"ai_rejected";"ollama:gemma4:12b";"1";"Özel";"The clue 'Tek' (Single/Only) is not the best fit for 'Exclusive' (Özel/Sadece ona ait). 'Özel' is a more accurate single-word synonym.";"";"freedict+kelly+frequencywords"
"B1";"Çok";"REMARKABLE";"Adjective";"2484";"AI reddi";"ai_rejected";"ollama:gemma4:12b";"1";"Olağanüstü";"The clue 'Çok' (Very/Much) is an adverb and does not match the adjective 'Remarkable'. 'Olağanüstü' is the correct adjective form.";"Garip | Tuhaf | Olağanüstü";"freedict+kelly+frequencywords"
"B1";"Acı";"SHARP";"Adjective";"2485";"AI reddi";"ai_rejected";"ollama:gemma4:12b";"1";"Keskin";"The clue 'Acı' (Bitter/Painful) is not a synonym for 'Sharp'. 'Keskin' is the correct physical/literal translation.";"Mükemmel | Temiz | Sert | Zeki";"freedict+kelly+frequencywords"
"B1";"Afiyet";"WELFARE";"Noun";"2486";"AI reddi";"ai_rejected";"ollama:gemma4:12b";"1";"Refah";"The clue 'Afiyet' (Bon appetit/Health) is incorrect for 'Welfare'. 'Refah' is the standard translation for welfare.";"İyilik | Refah";"freedict+kelly+frequencywords"
"B1";"Geçerli";"VALID";"Adjective";"2488";"AI onaylı";"ai_approved";"ollama:gemma4:12b";"0.95";"Geçerli";"While 'Doğru' (Correct) is close, 'Geçerli' is the more precise term for 'Valid' in many contexts, but 'Doğru' is acceptable. However, 'Geçerli' is the preferred technical term.";"Sağlam | Geçerli";"freedict+kelly+frequencywords"
"B1";"Program";"SCHEDULE";"Noun";"2489";"AI onaylı";"ai_approved";"ollama:gemma4:12b";"1";"Program";"The clue 'Program' is a common and accurate single-word synonym for 'Schedule' in this context.";"Liste | Tarife";"freedict+kelly+frequencywords"
"B1";"İnşaat";"ARCHITECTURE";"Noun";"2491";"İnsan incelemesi";"needs_review";"ollama:gemma4:12b";"0.9";"Mimarlık";"The current clue 'İnşaat' means 'construction'. 'Mimarlık' is the more accurate translation for 'Architecture'.";"Mimarlık";"freedict+kelly+frequencywords"
"B1";"Doğru";"MORAL";"Adjective";"2493";"İnsan incelemesi";"needs_review";"ollama:gemma4:12b";"0.9";"Ahlaki";"The clue 'Doğru' means 'correct/true'. 'Ahlaki' is the correct adjective form for 'Moral'.";"Ahlaki | Ahlak | Manevi";"freedict+kelly+frequencywords"
"B1";"Söz";"PROFESSION";"Noun";"2494";"AI reddi";"ai_rejected";"ollama:gemma4:12b";"1";"Meslek";"The current clue 'Söz' means 'word/promise'. 'Meslek' is the correct translation for 'Profession'.";"Sanat | İtiraf | Meslek | İddia";"freedict+kelly+frequencywords"
"B1";"Pislik";"SOIL";"Noun";"2497";"AI reddi";"ai_rejected";"ollama:gemma4:12b";"1";"Toprak";"The current clue 'Pislik' means 'dirt/filth'. 'Toprak' is the correct translation for 'Soil'.";"Ülke | Toprak | Çöp | Leke";"freedict+kelly+frequencywords"
"B1";"Sürekli";"CONTINUOUS";"Adjective";"2498";"AI onaylı";"ai_approved";"ollama:gemma4:12b";"1";"Sürekli";"The clue 'Sürekli' is a perfect single-word synonym for 'Continuous' at B1 level.";"Devamlı";"freedict+kelly+frequencywords"
"B1";"Asker";"SOLDIER";"Noun";"2501";"AI onaylı";"ai_approved";"ollama:gemma4:12b";"1";"Asker";"The clue 'Asker' is the standard and accurate translation for 'Soldier'.";"";"freedict+kelly+frequencywords"
"B1";"Ameliyathane";"SURGERY";"Noun";"2505";"İnsan incelemesi";"needs_review";"ollama:gemma4:12b";"0.85";"Ameliyat";"The current clue 'Ameliyathane' means 'operating room'. 'Ameliyat' is a better fit for the action/procedure of surgery.";"";"freedict+kelly+frequencywords"
"B1";"Hırsızlık";"STEAL";"Verb";"2506";"AI reddi";"ai_rejected";"ollama:gemma4:12b";"0.95";"Çalmak";"The current clue 'Hırsızlık' is a noun (theft). The answer 'Steal' is a verb. The suggested clue 'Çalmak' matches the part of speech.";"Çalma";"freedict+kelly+frequencywords"
"B1";"Laboratuvar";"LABORATORY";"Noun";"2508";"AI onaylı";"ai_approved";"ollama:gemma4:12b";"1";"Laboratuvar";"The clue 'Laboratuvar' is the correct and standard translation.";"";"freedict+kelly+frequencywords"
"B1";"Suçlu";"CRIMINAL";"Adjective";"2509";"AI reddi";"ai_rejected";"ollama:gemma4:12b";"1";"Suçlu";"The word 'CRIMINAL' is a noun or adjective, but the clue 'Suçlu' is a noun. However, the primary issue is that 'Suçlu' is a correct translation, but the word 'Cani' (alternative) is an adjective. The main problem is that 'Criminal' as an 'S";"Müthiş | Cani";"freedict+kelly+frequencywords"
"B1";"Tabi";"DEPENDENT";"Adjective";"2510";"AI reddi";"ai_rejected";"ollama:gemma4:12b";"0.95";"Bağlı";"The clue 'Tabi' is an adverb/adjective meaning 'of course' or 'subject to'. The correct translation for 'Dependent' (adjective) is 'Bağlı' or 'Bağımlı'.";"Ait | Bağlı";"freedict+kelly+frequencywords"
"B1";"Kral";"KING";"Noun";"2512";"AI onaylı";"ai_approved";"ollama:gemma4:12b";"1";"Kral";"The clue 'Kral' is a perfect single-word match for 'KING' at B1 level.";"";"freedict+kelly+frequencywords"
"B1";"Hapishane";"PRISON";"Noun";"2513";"AI onaylı";"ai_approved";"ollama:gemma4:12b";"1";"Hapishane";"The clue 'Hapishane' is a standard and accurate translation for 'PRISON'.";"Cezaevi";"freedict+kelly+frequencywords"
"B1";"Millet";"FOLK";"Noun";"2514";"AI reddi";"ai_rejected";"ollama:gemma4:12b";"0.95";"Halk";"The clue 'Millet' means 'Nation'. The correct translation for 'Folk' is 'Halk'.";"Aile | Halk | İnanç | Kimseler";"freedict+kelly+frequencywords"
"B1";"Derece";"GRADE";"Noun";"2515";"İnsan incelemesi";"needs_review";"ollama:gemma4:12b";"0.9";"Derece";"The word 'Grade' has multiple meanings (degree, rank, mark). 'Derece' is a valid translation but 'Sınıf' or 'Not' might be more specific depending on context. Needs review to ensure 'Derece' is the primary intended meaning.";"Sınıf | Cins | Tabaka";"freedict+kelly+frequencywords"
"B1";"Demek";"IMPLY";"Verb";"2516";"İnsan incelemesi";"needs_review";"ollama:gemma4:12b";"0.95";"İma";"The clue 'Demek' is too general and can be confused with 'say' or 'mean'. 'İma' is a more precise single-word synonym for 'imply'.";"Belirtmek";"freedict+kelly+frequencywords"
"B1";"Orman";"FOREST";"Noun";"2517";"AI onaylı";"ai_approved";"ollama:gemma4:12b";"1";"Orman";"The clue is accurate, unambiguous, and matches the word type and level.";"";"freedict+kelly+frequencywords"
"B1";"Yabancı";"UNKNOWN";"Adjective";"2518";"AI reddi";"ai_rejected";"ollama:gemma4:12b";"0.95";"Bilinmeyen";"The current clue 'Yabancı' means 'Stranger' or 'Foreign', not 'Unknown'. 'Bilinmeyen' is the correct translation.";"Bilinmeyen | Meçhul";"freedict+kelly+frequencywords"
"B1";"Hile";"SHIFT";"Noun";"2519";"AI reddi";"ai_rejected";"ollama:gemma4:12b";"0.95";"Vardiya";"The clue 'Hile' means 'Trick' or 'Deceit'. 'Shift' as a noun usually refers to 'Vardiya' or 'Değişim'. 'Hile' is incorrect.";"Nöbet | Değiştirmek | Vardiya | Tedbir";"freedict+kelly+frequencywords"
"B1";"Macera";"ADVENTURE";"Noun";"2524";"AI onaylı";"ai_approved";"ollama:gemma4:12b";"1";"Macera";"The clue 'Macera' is a direct and accurate translation for 'Adventure' at B1 level.";"Spekülasyon";"freedict+kelly+frequencywords"
"B1";"Uçuş";"WING";"Noun";"2528";"İnsan incelemesi";"needs_review";"ollama:gemma4:12b";"0.9";"Kanat";"The current clue 'Uçuş' means 'Flight'. The correct noun for 'Wing' is 'Kanat'.";"Kol | Kanat | Tez | Uçmak";"freedict+kelly+frequencywords"
"B1";"Yalan";"TALE";"Noun";"2530";"İnsan incelemesi";"needs_review";"ollama:gemma4:12b";"0.9";"Hikaye";"The current clue 'Yalan' means 'Lie'. 'Tale' should be 'Hikaye' or 'Masal'.";"Hikaye | Dedikodu | Masal";"freedict+kelly+frequencywords"
"B1";"Ruhsal";"SPIRITUAL";"Adjective";"2531";"İnsan incelemesi";"needs_review";"ollama:gemma4:12b";"0.95";"Manevi";"The current clue 'Ruhsal' is a typo; it should be 'Ruhsal' (incorrect spelling) or 'Manevi'.";"Manevi | Ruhani";"freedict+kelly+frequencywords"
"B1";"Katı";"STEEL";"Noun";"2532";"İnsan incelemesi";"needs_review";"ollama:gemma4:12b";"0.95";"Çelik";"The current clue 'Katı' means 'Solid'. The correct translation for 'Steel' is 'Çelik'.";"Çelik | Azimli | Çakmak";"freedict+kelly+frequencywords"
"B1";"Tam";"ABSOLUTE";"Adjective";"2533";"İnsan incelemesi";"needs_review";"ollama:gemma4:12b";"1";"Mutlak";"The current clue 'Tam' is too broad and can be ambiguous. 'Mutlak' is the precise equivalent for 'Absolute' in this context.";"Saf | Sonsuz | Sade | Mutlak";"freedict+kelly+frequencywords"
"B1";"Bant";"TAPE";"Noun";"2534";"AI reddi";"ai_rejected";"ollama:gemma4:12b";"1";"Şerit";"The clue 'Bant' is incorrect for 'Tape' (which means ribbon/strip or adhesive tape). 'Şerit' is the correct single-word synonym.";"Şerit | Kurdele";"freedict+kelly+frequencywords"
"B1";"Hareket";"MOTION";"Noun";"2538";"AI onaylı";"ai_approved";"ollama:gemma4:12b";"0.95";"Hareket";"The clue 'Hareket' is a correct and common translation for 'Motion' at B1 level.";"Teklif | Talep";"freedict+kelly+frequencywords"
"B1";"Karışma";"MIXTURE";"Noun";"2539";"AI reddi";"ai_rejected";"ollama:gemma4:12b";"1";"Karışım";"The clue 'Karışma' is a verb form (gerund/infinitive). 'Karışım' is the correct noun form for 'Mixture'.";"Karıştırma | Karışım";"freedict+kelly+frequencywords"
"B1";"Adam";"FELLOW";"Adjective";"2540";"AI reddi";"ai_rejected";"ollama:gemma4:12b";"1";"Arkadaş";"The clue 'Adam' is too informal/generic. 'Arkadaş' or 'Yoldaş' is a better fit for 'Fellow' as a noun.";"Kişi | Herif | Arkadaş | İnsan";"freedict+kelly+frequencywords"
"B1";"Kısım";"PERCENTAGE";"Noun";"2546";"AI reddi";"ai_rejected";"ollama:gemma4:12b";"1";"Yüzde";"The clue 'Kısım' (Part) is too broad and doesn't specifically target 'Percentage'. 'Yüzde' is the precise term.";"";"freedict+kelly+frequencywords"
"B1";"Öğretmen";"EDUCATE";"Verb";"2550";"AI reddi";"ai_rejected";"ollama:gemma4:12b";"1";"Eğitmek";"The clue 'Öğretmen' is a noun, but the answer 'EDUCATE' is a verb. The clue must match the part of speech.";"Yetiştirmek";"freedict+kelly+frequencywords"
"B1";"Oturma";"SETTLEMENT";"Noun";"2552";"AI reddi";"ai_rejected";"ollama:gemma4:12b";"1";"Yerleşim";"The clue 'Oturma' is a gerund/action, while 'SETTLEMENT' is a noun. 'Yerleşim' is the correct noun form.";"";"freedict+kelly+frequencywords"
"B1";"Motorlu";"MOTOR";"Noun";"2554";"AI reddi";"ai_rejected";"ollama:gemma4:12b";"1";"Motor";"The clue 'Motorlu' is an adjective, but the answer 'MOTOR' is a noun.";"Makina";"freedict+kelly+frequencywords"
"B1";"Son";"EXTREME";"Adjective";"2555";"AI reddi";"ai_rejected";"ollama:gemma4:12b";"1";"Aşırı";"The clue 'Son' is ambiguous and doesn't accurately represent 'Extreme' as an adjective.";"Aşırı | Sınır | Kenar";"freedict+kelly+frequencywords"
"B1";"Yunanistan";"GREECE";"Noun";"2558";"AI onaylı";"ai_approved";"ollama:gemma4:12b";"1";"Yunanistan";"The clue is a direct and accurate translation of the country name.";"";"freedict+kelly+frequencywords"
"B1";"Başkan";"PRESIDENT";"Noun";"2561";"AI onaylı";"ai_approved";"ollama:gemma4:12b";"1";"Başkan";"The clue 'Başkan' is the standard and most common translation for 'President'.";"Baş | Şef | Amir | Reis";"freedict+kelly+frequencywords"
"B1";"Oyun";"DRAMA";"Noun";"2562";"İnsan incelemesi";"needs_review";"ollama:gemma4:12b";"0.8";"Drama";"The word 'Oyun' (Play) is a specific subset of drama; 'Drama' is more accurate but 'Oyun' can be ambiguous.";"Canlı | Duygusal";"freedict+kelly+frequencywords"
"B1";"Devam";"ATTENDANCE";"Noun";"2563";"AI reddi";"ai_rejected";"ollama:gemma4:12b";"0.9";"Katılım";"The clue 'Devam' is incomplete/incorrect for 'Attendance'. 'Katılım' is the correct single-word translation.";"Gitme | Refakat";"freedict+kelly+frequencywords"
"B1";"Ceza";"PENALTY";"Noun";"2565";"AI onaylı";"ai_approved";"ollama:gemma4:12b";"1";"Ceza";"The clue 'Ceza' is the standard translation for 'Penalty' in sports and legal contexts.";"";"freedict+kelly+frequencywords"
"B1";"Alışveriş";"TRADING";"Noun";"2567";"AI reddi";"ai_rejected";"ollama:gemma4:12b";"1";"Ticaret";"The clue 'Alışveriş' means 'shopping', while 'trading' refers to 'ticaret'. 'Alışveriş' is not a precise synonym for 'trading'.";"";"freedict+kelly+frequencywords"
"B1";"İşaret";"SYMBOL";"Noun";"2568";"AI onaylı";"ai_approved";"ollama:gemma4:12b";"0.95";"İşaret";"The clue 'İşaret' is a correct and common single-word synonym for 'symbol' at B1 level.";"Sembol | Belirti | Alamet";"freedict+kelly+frequencywords"
"B1";"Alışveriş";"CUSTOM";"Noun";"2570";"AI reddi";"ai_rejected";"ollama:gemma4:12b";"1";"Gelenek";"The clue 'Alışveriş' is incorrect for 'custom'. The correct single-word synonym is 'Gelenek'.";"Adet | Alışkanlık | Gelenek";"freedict+kelly+frequencywords"
"B1";"Kemik";"BONE";"Noun";"2572";"AI onaylı";"ai_approved";"ollama:gemma4:12b";"1";"Kemik";"The clue 'Kemik' is a direct and accurate translation for 'bone'.";"";"freedict+kelly+frequencywords"
"B1";"Kanıt";"INDICATION";"Noun";"2573";"AI reddi";"ai_rejected";"ollama:gemma4:12b";"0.9";"Belirti";"The clue 'Kanıt' means 'proof/evidence'. While related, 'belirti' is a more accurate single-word synonym for 'indication'.";"Delil | Anlatma | Gösterme | Belirti";"freedict+kelly+frequencywords"
"B1";"Gayret";"ENTHUSIASM";"Noun";"2574";"İnsan incelemesi";"needs_review";"ollama:gemma4:12b";"1";"Heves";"The current clue 'Gayret' (effort) is not the most accurate synonym for 'Enthusiasm'. 'Heves' is a better single-word match.";"Heves | Hararetli | İstek";"freedict+kelly+frequencywords"
"B1";"Altın";"GOLD";"Noun";"2575";"AI onaylı";"ai_approved";"ollama:gemma4:12b";"1";"Altın";"The clue is accurate, single-word, and matches the word class.";"Servet | Zenginlik";"freedict+kelly+frequencywords"
"B1";"Son";"ULTIMATE";"Adjective";"2577";"İnsan incelemesi";"needs_review";"ollama:gemma4:12b";"1";"Nihai";"The clue 'Son' is ambiguous (could mean 'last' or 'son'). 'Nihai' is a more precise synonym for 'Ultimate'.";"Aşırı | Esas | Nihai";"freedict+kelly+frequencywords"
"B1";"Zarar";"ABUSE";"Noun";"2578";"AI reddi";"ai_rejected";"ollama:gemma4:12b";"1";"Suistimal";"The current clue 'Zarar' (harm/damage) is a result of abuse, not the action itself. 'Suistimal' is the correct term.";"Suç | Küfür | İncitmek | Suiistimal";"freedict+kelly+frequencywords"
"B1";"Karışık";"MIXED";"Adjective";"2579";"AI onaylı";"ai_approved";"ollama:gemma4:12b";"1";"Karışık";"The clue is accurate, single-word, and matches the word class.";"Karıştırılmış | Film";"freedict+kelly+frequencywords"
"B1";"Çılgın";"POSSESS";"Verb";"2580";"AI reddi";"ai_rejected";"ollama:gemma4:12b";"1";"Sahip";"The clue 'Çılgın' (Crazy) does not match the word 'POSSESS' (Sahip olmak). The suggested clue 'Sahip' is a correct one-word synonym.";"Soğukkanlı";"freedict+kelly+frequencywords"
"B1";"Kanadalı";"CANADIAN";"Adjective";"2581";"AI onaylı";"ai_approved";"ollama:gemma4:12b";"1";"Kanadalı";"The clue is accurate, matches the word type, and is a common term.";"";"freedict+kelly+frequencywords"
"B1";"İnç";"INCH";"Noun";"2582";"AI onaylı";"ai_approved";"ollama:gemma4:12b";"1";"İnç";"The clue is a direct and correct translation of the unit of measurement.";"";"freedict+kelly+frequencywords"
"B1";"Belçika";"BELGIUM";"Noun";"2583";"AI onaylı";"ai_approved";"ollama:gemma4:12b";"1";"Belçika";"The clue is the correct name of the country.";"";"freedict+kelly+frequencywords"
"B1";"Şans";"LUCK";"Noun";"2585";"AI onaylı";"ai_approved";"ollama:gemma4:12b";"1";"Şans";"The clue is a standard and accurate translation for 'Luck'.";"Talih";"freedict+kelly+frequencywords"
"B1";"Kapatmak";"LOCK";"Verb";"2587";"İnsan incelemesi";"needs_review";"ollama:gemma4:12b";"1";"Kilitlemek";"The current clue 'Kapatmak' (to close) is too broad. 'Kilitlemek' is the specific verb for 'lock'.";"Kilit | Kapamak | Kilitlemek | Kilitleme";"freedict+kelly+frequencywords"
"B1";"Plan";"DRAWING";"Noun";"2588";"AI reddi";"ai_rejected";"ollama:gemma4:12b";"1";"Çizim";"The clue 'Plan' is ambiguous and often refers to 'plan' or 'draft'. 'Çizim' is the correct term for 'drawing'.";"Çizim | Piyango";"freedict+kelly+frequencywords"
"B1";"İnandırmak";"PERSUADE";"Verb";"2589";"AI onaylı";"ai_approved";"ollama:gemma4:12b";"1";"İnandırmak";"The clue is accurate, single-word, and matches the verb form.";"";"freedict+kelly+frequencywords"
"B1";"Akıllı";"INTELLECTUAL";"Adjective";"2590";"AI reddi";"ai_rejected";"ollama:gemma4:12b";"1";"Entelektüel";"The clue 'Akıllı' means 'smart/intelligent'. 'Entelektüel' is the correct translation for 'intellectual'.";"Akli | Bilgili | Zihni";"freedict+kelly+frequencywords"
"B1";"Büyütmek";"STRETCH";"Verb";"2591";"İnsan incelemesi";"needs_review";"ollama:gemma4:12b";"1";"Esnetmek";"The clue 'Büyütmek' (to enlarge) is too general. 'Esnetmek' or 'Germek' are more accurate for 'stretch'.";"Uzatmak | Yaymak | Açılmak | Gerginlik";"freedict+kelly+frequencywords"
"B1";"Abd";"GUN";"Noun";"2592";"AI reddi";"ai_rejected";"ollama:gemma4:12b";"1";"Silah";"The clue 'Abd' is incorrect and unrelated to 'Gun'. 'Silah' is the correct single-word Turkish equivalent.";"Tüfek | Tabanca";"freedict+kelly+frequencywords"
"B1";"Konferans";"LECTURE";"Noun";"2593";"AI onaylı";"ai_approved";"ollama:gemma4:12b";"1";"Konferans";"The clue is accurate, single-word, and matches the word class and level.";"";"freedict+kelly+frequencywords"
"B1";"Düzeltmek";"ADJUST";"Verb";"2596";"AI onaylı";"ai_approved";"ollama:gemma4:12b";"1";"Düzeltmek";"The clue is a correct and common translation for the verb 'Adjust'.";"Düzen | Uydurmak | Düzeltme | Islah";"freedict+kelly+frequencywords"
"B1";"Toplama";"CONCENTRATION";"Noun";"2597";"AI reddi";"ai_rejected";"ollama:gemma4:12b";"1";"Odaklanma";"The clue 'Toplama' is ambiguous and less common than 'Odaklanma' for 'Concentration'.";"Toplanma";"freedict+kelly+frequencywords"
"B1";"Tarih";"ERA";"Noun";"2599";"AI reddi";"ai_rejected";"ollama:gemma4:12b";"1";"Çağ";"The clue 'Tarih' means 'History' or 'Date', whereas 'Era' is specifically 'Çağ' or 'Dönem'.";"Devir";"freedict+kelly+frequencywords"
"B1";"Tarz";"TONE";"Noun";"2600";"AI onaylı";"ai_approved";"ollama:gemma4:12b";"0.95";"Tarz";"The clue 'Tarz' is a valid, single-word synonym for 'Tone' in this context.";"Ton | Perde | Tavır";"freedict+kelly+frequencywords"
"B1";"Ücret";"HIRE";"Verb";"2601";"AI reddi";"ai_rejected";"ollama:gemma4:12b";"0.9";"Kiralamak";"The current clue 'Ücret' (Fee/Price) is a noun, while 'Hire' is a verb. 'Kiralamak' is the correct verb form.";"Kiralamak | Kiralama | Kira";"freedict+kelly+frequencywords"
"B1";"Teklif";"OFFERING";"Noun";"2603";"AI onaylı";"ai_approved";"ollama:gemma4:12b";"0.95";"Teklif";"The clue 'Teklif' is a precise, single-word noun for 'Offering'.";"";"freedict+kelly+frequencywords"
"B1";"Elinde";"POSSESSION";"Noun";"2604";"AI reddi";"ai_rejected";"ollama:gemma4:12b";"0.9";"Mülkiyet";"The clue 'Elinde' is a phrase/prepositional phrase. 'Mülkiyet' is the correct single-word noun for 'Possession'.";"Almak | Mal | Delilik | Mülk";"freedict+kelly+frequencywords"
"B1";"Felaket";"DISASTER";"Noun";"2607";"AI onaylı";"ai_approved";"ollama:gemma4:12b";"0.98";"Felaket";"The clue 'Felaket' is a perfect single-word synonym for 'Disaster'.";"Talihsizlik";"freedict+kelly+frequencywords"
"B1";"Zayıf";"THIN";"Adjective";"2608";"İnsan incelemesi";"needs_review";"ollama:gemma4:12b";"1";"İnce";"The current clue 'Zayıf' means 'weak'. For 'thin' (physical thickness), 'İnce' is the correct term.";"Hafif | Eksik | Soluk | Sulu";"freedict+kelly+frequencywords"
"B1";"Tamam";"EXACT";"Adjective";"2610";"AI reddi";"ai_rejected";"ollama:gemma4:12b";"1";"Tam";"The current clue 'Tamam' means 'okay/alright'. 'Tam' is the correct adjective for 'exact'.";"Doğru | Tam | Kesin | Kati";"freedict+kelly+frequencywords"
"B1";"Cinsi";"SEXUAL";"Adjective";"2612";"AI onaylı";"ai_approved";"ollama:gemma4:12b";"0.95";"Cinsi";"The clue 'Cinsi' is a standard and accurate translation for 'sexual' in this context.";"Seksüel";"freedict+kelly+frequencywords"
"B1";"Batı";"WESTERN";"Adjective";"2614";"AI onaylı";"ai_approved";"ollama:gemma4:12b";"0.95";"Batı";"The clue 'Batı' correctly identifies the geographical/cultural orientation of 'Western'.";"Batılı";"freedict+kelly+frequencywords"
"B1";"Açı";"ANGLE";"Noun";"2615";"AI onaylı";"ai_approved";"ollama:gemma4:12b";"0.98";"Açı";"The clue 'Açı' is the precise and standard translation for 'angle'.";"Köşeli";"freedict+kelly+frequencywords"
"B1";"Haber";"ADVERTISE";"Verb";"2616";"AI reddi";"ai_rejected";"ollama:gemma4:12b";"1";"Reklam";"The clue 'Haber' means 'News', which is not the primary meaning of 'Advertise'. 'Reklam' is the correct single-word synonym.";"Bildirmek";"freedict+kelly+frequencywords"
"B1";"Dua";"PRAYER";"Noun";"2617";"AI onaylı";"ai_approved";"ollama:gemma4:12b";"1";"Dua";"The clue 'Dua' is a precise and common single-word synonym for 'Prayer'.";"Rica | İbadet | Namaz";"freedict+kelly+frequencywords"
"B1";"Muamele";"TRANSACTION";"Noun";"2618";"AI reddi";"ai_rejected";"ollama:gemma4:12b";"1";"İşlem";"The clue 'Muamele' is archaic/rare. 'İşlem' is the standard modern Turkish term for 'Transaction'.";"";"freedict+kelly+frequencywords"
"B1";"Kayıtlı";"REGISTERED";"Adjective";"2619";"AI onaylı";"ai_approved";"ollama:gemma4:12b";"1";"Kayıtlı";"The clue 'Kayıtlı' is a correct and common single-word synonym for 'Registered'.";"Kaydedilmiş";"freedict+kelly+frequencywords"
"B1";"Gazeteci";"JOURNALIST";"Noun";"2620";"AI onaylı";"ai_approved";"ollama:gemma4:12b";"1";"Gazeteci";"The clue 'Gazeteci' is the standard and accurate single-word synonym for 'Journalist'.";"";"freedict+kelly+frequencywords"
"B1";"Saklamak";"BURY";"Verb";"2621";"İnsan incelemesi";"needs_review";"ollama:gemma4:12b";"1";"Gömmek";"The current clue 'Saklamak' (to hide) is a synonym but 'Gömmek' is the more precise and standard translation for 'bury'.";"Gizlemek | Gömmek | Örtmek";"freedict+kelly+frequencywords"
"B1";"Kütük";"LOG";"Verb";"2623";"AI reddi";"ai_rejected";"ollama:gemma4:12b";"1";"Kütük";"The word 'LOG' is listed as a Verb in the metadata, but the clue 'Kütük' is a Noun. The part of speech mismatch makes it unsuitable for approval.";"";"freedict+kelly+frequencywords"
"B1";"Topu";"KIT";"Noun";"2624";"AI reddi";"ai_rejected";"ollama:gemma4:12b";"1";"Takım";"The clue 'Topu' is incorrect for 'KIT'. 'Takım' or 'Set' would be the correct noun translation.";"";"freedict+kelly+frequencywords"
"B1";"Harikulade";"SPECTACULAR";"Adjective";"2625";"AI onaylı";"ai_approved";"ollama:gemma4:12b";"1";"Harikulade";"The clue is accurate, fits the adjective category, and matches the B1 level.";"";"freedict+kelly+frequencywords"
"B1";"Madde";"SUBSTANCE";"Noun";"2627";"AI onaylı";"ai_approved";"ollama:gemma4:12b";"1";"Madde";"The clue 'Madde' is the most common and accurate translation for 'substance' in this context.";"Esas | Servet | Kuvvet | Varlık";"freedict+kelly+frequencywords"
"B1";"Bitirmek";"TIE";"Verb";"2628";"AI reddi";"ai_rejected";"ollama:gemma4:12b";"1";"Beraberlik";"The clue 'Bitirmek' (to finish) is incorrect for 'TIE'. The correct Turkish equivalent for 'TIE' in a sports/competition context is 'Beraberlik'.";"Bağlantı | Kayıt | Bağ | Kravat";"freedict+kelly+frequencywords"
"B1";"Ruh";"INNER";"Adjective";"2630";"AI reddi";"ai_rejected";"ollama:gemma4:12b";"1";"";"The clue 'Ruh' (soul) is not a direct synonym for 'INNER'. The correct single-word clue should be 'İç'.";"Vicdan | Ruhani | İçerideki | Dahili";"freedict+kelly+frequencywords"
"B1";"Asıl";"SEED";"Noun";"2631";"AI reddi";"ai_rejected";"ollama:gemma4:12b";"1";"Tohum";"The clue 'Asıl' (main/original) is incorrect for 'SEED'. The correct Turkish word is 'Tohum'.";"Kaynak | Çekirdek | Tohum | Meni";"freedict+kelly+frequencywords"
"B1";"Örnek";"ESSAY";"Noun";"2633";"AI reddi";"ai_rejected";"ollama:gemma4:12b";"1";"Deneme";"The clue 'Örnek' (example) is not the primary meaning of 'ESSAY' (composition/attempt). 'Deneme' is the correct term.";"Deneme | Tecrübe | Denemek | Makale";"freedict+kelly+frequencywords"
"B1";"Çim";"GRASS";"Noun";"2634";"AI onaylı";"ai_approved";"ollama:gemma4:12b";"1";"Çim";"The clue 'Çim' is a correct, common, and single-word Turkish equivalent for 'GRASS'.";"Çimen | Yeşillik | Çayır";"freedict+kelly+frequencywords"
"B1";"Bakış";"OVERLOOK";"Verb";"2635";"AI reddi";"ai_rejected";"ollama:gemma4:12b";"1";"Gözetlemek";"The clue 'Bakış' (Look/View) is a noun, but 'OVERLOOK' is a verb. 'Gözetlemek' or 'Yukarıdanbakmak' is more accurate for the verb form.";"";"freedict+kelly+frequencywords"
"B1";"Ürün";"CROP";"Noun";"2637";"AI onaylı";"ai_approved";"ollama:gemma4:12b";"0.95";"Ürün";"The clue 'Ürün' is a valid single-word noun for 'CROP' in an agricultural context.";"Kesmek | Ekin";"freedict+kelly+frequencywords"
"B1";"Polonya";"POLAND";"Noun";"2638";"AI onaylı";"ai_approved";"ollama:gemma4:12b";"1";"Polonya";"The clue is a direct and correct translation of the country name.";"";"freedict+kelly+frequencywords"
"B1";"Elektrikli";"ELECTRIC";"Adjective";"2639";"AI onaylı";"ai_approved";"ollama:gemma4:12b";"1";"Elektrikli";"The clue is a correct and common adjective for 'ELECTRIC'.";"Elektriksel";"freedict+kelly+frequencywords"
"B1";"Keyif";"JOY";"Noun";"2640";"AI onaylı";"ai_approved";"ollama:gemma4:12b";"0.9";"Keyif";"While 'Joy' can mean 'Sevinç', 'Keyif' is a common and acceptable single-word synonym for the noun.";"Haz | Memnuniyet | Sevinç";"freedict+kelly+frequencywords"
"B1";"Bakan";"SECRETARY";"Noun";"2641";"İnsan incelemesi";"needs_review";"ollama:gemma4:12b";"1";"Sekreter";"The clue 'Bakan' is ambiguous as it can mean 'Minister' or 'Secretary'. 'Sekreter' is a more precise single-word synonym for the common meaning.";"Sekreter | Yazman";"freedict+kelly+frequencywords"
"B1";"Aşk";"PASSION";"Noun";"2643";"İnsan incelemesi";"needs_review";"ollama:gemma4:12b";"1";"Tutku";"The clue 'Aşk' (Love) is a common synonym but 'Tutku' is the more accurate translation for 'Passion' in a general context.";"Delilik | Öfke | Tutku | Hırs";"freedict+kelly+frequencywords"
"B1";"Gezegen";"PLANET";"Noun";"2644";"AI onaylı";"ai_approved";"ollama:gemma4:12b";"1";"Gezegen";"The clue is accurate, unambiguous, and matches the word type.";"";"freedict+kelly+frequencywords"
"B1";"Haber";"INTELLIGENCE";"Noun";"2646";"AI reddi";"ai_rejected";"ollama:gemma4:12b";"1";"Zeka";"The clue 'Haber' means 'News' or 'Information', which is incorrect for 'Intelligence' (Zeka/İstihbarat).";"Bilgi | Akıl | Anlayış";"freedict+kelly+frequencywords"
"B1";"Dikkatsizce";"REGARDLESS";"Adverb";"2648";"AI reddi";"ai_rejected";"ollama:gemma4:12b";"1";"Bakmaksızın";"The clue 'Dikkatsizce' means 'Carelessly', which is not a synonym for 'Regardless'.";"";"freedict+kelly+frequencywords"
"B1";"Tuzak";"NET";"Noun";"2649";"İnsan incelemesi";"needs_review";"ollama:gemma4:12b";"1";"";"The current clue 'Tuzak' (Trap) is a specific meaning of 'Net'. For a general B1 vocabulary, 'Ağ' (Net/Mesh) is a more standard and less ambiguous primary definition.";"Hile | Kazanmak | Şebeke | Kesintisiz";"freedict+kelly+frequencywords"
"B1";"Afiş";"POSTER";"Noun";"2650";"AI onaylı";"ai_approved";"ollama:gemma4:12b";"1";"Afiş";"The clue is accurate, single-word, and matches the word type and level.";"";"freedict+kelly+frequencywords"
"B1";"Sohbet";"CHAT";"Verb";"2651";"AI onaylı";"ai_approved";"ollama:gemma4:12b";"1";"Sohbet";"The clue is accurate, single-word, and matches the word type and level.";"";"freedict+kelly+frequencywords"
"B1";"Balıkçılık";"FISHING";"Noun";"2652";"AI onaylı";"ai_approved";"ollama:gemma4:12b";"1";"Balıkçılık";"The clue is accurate, single-word, and matches the word type and level.";"";"freedict+kelly+frequencywords"
"B1";"Avukat";"LAWYER";"Noun";"2653";"AI onaylı";"ai_approved";"ollama:gemma4:12b";"1";"Avukat";"The clue is accurate, single-word, and matches the word type and level.";"";"freedict+kelly+frequencywords"
"B1";"Atış";"PITCH";"Noun";"2654";"AI reddi";"ai_rejected";"ollama:gemma4:12b";"1";"Saha";"The clue 'Atış' refers to the action of throwing/shooting, but 'PITCH' as a noun in this context usually refers to a field or a tone. 'Saha' or 'Eğim' are better, but 'Atış' is ambiguous.";"Atmak | Atım | Düşmek | Eğim";"freedict+kelly+frequencywords"
"B1";"Bilmek";"RECOGNIZE";"Verb";"2655";"AI reddi";"ai_rejected";"ollama:gemma4:12b";"1";"Tanımak";"The clue 'Bilmek' (to know) is too broad and general for 'RECOGNIZE'. 'Tanımak' is the precise equivalent.";"Tanımak";"freedict+kelly+frequencywords"
"B1";"Devre";"REVOLUTION";"Noun";"2656";"AI reddi";"ai_rejected";"ollama:gemma4:12b";"1";"Devrim";"The clue 'Devre' refers to a circuit or a cycle. 'Devrim' is the standard translation for 'REVOLUTION' in a political or radical change context.";"Dönme | Devrim | Devir";"freedict+kelly+frequencywords"
"B1";"Sahip";"HOLDER";"Noun";"2657";"AI reddi";"ai_rejected";"ollama:gemma4:12b";"1";"Tutucu";"The clue 'Sahip' means 'owner'. 'HOLDER' refers to someone who holds a document or position. 'Tutucu' is the correct technical term.";"Kiracı";"freedict+kelly+frequencywords"
"B1";"Birleşme";"LEAGUE";"Noun";"2660";"AI reddi";"ai_rejected";"ollama:gemma4:12b";"1";"Lig";"The clue 'Birleşme' means 'union' or 'merger'. 'LEAGUE' is most commonly translated as 'Lig' or 'İttifak' in sports/politics.";"İttifak | Cemiyet | Birleştirmek";"freedict+kelly+frequencywords"
"B1";"Norveç";"NORWAY";"Noun";"2661";"AI onaylı";"ai_approved";"ollama:gemma4:12b";"1";"Norveç";"The clue is a direct and accurate translation of the country name.";"";"freedict+kelly+frequencywords"
"B1";"İsviçre";"SWITZERLAND";"Noun";"2662";"AI onaylı";"ai_approved";"ollama:gemma4:12b";"1";"İsviçre";"The clue is a direct and accurate translation of the country name.";"";"freedict+kelly+frequencywords"
"B1";"Birlikte";"SHOULDER";"Noun";"2665";"AI reddi";"ai_rejected";"ollama:gemma4:12b";"1";"Omuz";"The current clue 'Birlikte' means 'together' and is unrelated to the body part 'shoulder'.";"Sırt";"freedict+kelly+frequencywords"
"B1";"Alkol";"ALCOHOL";"Noun";"2666";"AI onaylı";"ai_approved";"ollama:gemma4:12b";"1";"Alkol";"The clue is a direct and accurate translation.";"";"freedict+kelly+frequencywords"
"B1";"Sır";"SECRET";"Adjective";"2667";"AI onaylı";"ai_approved";"ollama:gemma4:12b";"1";"Sır";"The clue 'Sır' is the most accurate single-word translation for 'Secret'.";"Saklı | Mahrem | Esrarlı | Gizli";"freedict+kelly+frequencywords"
"B1";"Zayıf";"SLIGHT";"Adjective";"2669";"AI reddi";"ai_rejected";"ollama:gemma4:12b";"1";"";"The clue 'Zayıf' (weak) is ambiguous for 'slight'. 'Az' or 'hafif' is a more accurate single-word synonym for 'slight' in this context.";"Önemsiz | İnce";"freedict+kelly+frequencywords"
"B1";"Delil";"INDICATOR";"Noun";"2675";"İnsan incelemesi";"needs_review";"ollama:gemma4:12b";"0.9";"Gösterge";"The clue 'Delil' (evidence) is a possible synonym but 'Gösterge' is the standard term for 'indicator'.";"Belirti | Gösterge";"freedict+kelly+frequencywords"
"B1";"Şarkıcı";"MUSICIAN";"Noun";"2676";"AI reddi";"ai_rejected";"ollama:gemma4:12b";"1";"Müzisyen";"The clue 'Şarkıcı' means 'singer'. 'Müzisyen' is the direct and correct translation for 'musician'.";"Müzisyen";"freedict+kelly+frequencywords"
"B1";"Endişe";"LOAD";"Verb";"2677";"AI reddi";"ai_rejected";"ollama:gemma4:12b";"1";"Yük";"The clue 'Endişe' (worry) is not a standard translation for 'load'. 'Yük' is the correct primary meaning.";"Yük | Doldurmak | Ağırlık | Üzüntü";"freedict+kelly+frequencywords"
"B1";"Hoş";"PLEASANT";"Adjective";"2678";"AI onaylı";"ai_approved";"ollama:gemma4:12b";"1";"Hoş";"The clue 'Hoş' is a perfect single-word synonym for 'pleasant' at B1 level.";"Tatlı";"freedict+kelly+frequencywords"
"B1";"Kılavuz";"MANUAL";"Adjective";"2680";"AI onaylı";"ai_approved";"ollama:gemma4:12b";"1";"Kılavuz";"The clue 'Kılavuz' is a correct, single-word Turkish equivalent for 'manual' in the context of a handbook.";"";"freedict+kelly+frequencywords"
"B1";"Bölüm";"EPISODE";"Noun";"2681";"AI onaylı";"ai_approved";"ollama:gemma4:12b";"0.95";"Bölüm";"While 'Olay' is a synonym, 'Bölüm' is the standard term for a TV/series episode. 'Bölüm' is a more precise single-word clue.";"Parça | Vaka | Hadise";"freedict+kelly+frequencywords"
"B1";"Kablo";"CABLE";"Noun";"2682";"AI onaylı";"ai_approved";"ollama:gemma4:12b";"1";"Kablo";"The clue 'Kablo' is the direct and correct translation for 'cable'.";"";"freedict+kelly+frequencywords"
"B1";"Söz";"IRON";"Noun";"2684";"AI reddi";"ai_rejected";"ollama:gemma4:12b";"0.9";"Demir";"The current clue 'Söz' is ambiguous and doesn't match the primary meaning of 'Iron' (metal). 'Demir' is the correct physical noun.";"Demir | Sabit | Kuvvetli | Zalim";"freedict+kelly+frequencywords"
"B1";"Düzine";"DOZEN";"Noun";"2686";"AI onaylı";"ai_approved";"ollama:gemma4:12b";"1";"Düzine";"The clue 'Düzine' is the exact and correct translation for 'dozen'.";"";"freedict+kelly+frequencywords"
"B1";"Takım";"SUITE";"Noun";"2687";"AI reddi";"ai_rejected";"ollama:gemma4:12b";"1";"Daire";"The clue 'Takım' refers to 'team' or 'set'. 'Suite' in a housing context means 'Daire'. 'Takım' is incorrect for 'Suite'.";"Daire";"freedict+kelly+frequencywords"
"B1";"Ayrılmak";"SPLIT";"Verb";"2688";"AI onaylı";"ai_approved";"ollama:gemma4:12b";"0.95";"Ayrılmak";"The clue 'Ayrılmak' is a correct and common translation for the verb 'split'.";"Paylaşmak | Kırık | Çatlak | Ayrılmış";"freedict+kelly+frequencywords"
"B1";"Nakil";"REMOVAL";"Noun";"2690";"AI reddi";"ai_rejected";"ollama:gemma4:12b";"1";"Kaldırma";"The clue 'Nakil' means 'transfer'. The correct translation for 'removal' is 'Kaldırma'.";"Kaldırma | İhraç";"freedict+kelly+frequencywords"
"B1";"Kişilik";"PERSONALITY";"Noun";"2692";"AI onaylı";"ai_approved";"ollama:gemma4:12b";"0.98";"Kişilik";"The clue 'Kişilik' is the standard and accurate translation for 'personality'.";"Şahıs";"freedict+kelly+frequencywords"
"B1";"Ürdün";"JORDAN";"Noun";"2696";"AI onaylı";"ai_approved";"ollama:gemma4:12b";"1";"Ürdün";"The clue 'Ürdün' is the correct geographical name for 'Jordan'.";"";"freedict+kelly+frequencywords"
"B1";"Politikacı";"POLITICIAN";"Noun";"2697";"AI onaylı";"ai_approved";"ollama:gemma4:12b";"1";"Politikacı";"The clue 'Politikacı' is a direct and accurate translation for 'POLITICIAN'.";"";"freedict+kelly+frequencywords"
"B1";"Malzeme";"FURNITURE";"Noun";"2699";"AI reddi";"ai_rejected";"ollama:gemma4:12b";"1";"Mobilya";"The current clue 'Malzeme' means 'material' or 'material/stuff', which is incorrect for 'FURNITURE'. 'Mobilya' is the correct term.";"Eşya";"freedict+kelly+frequencywords"
"B1";"Kafa";"HABIT";"Noun";"2701";"AI reddi";"ai_rejected";"ollama:gemma4:12b";"1";"Alışkanlık";"The clue 'Kafa' is incorrect. 'Habit' means 'Alışkanlık'. The alternatives list shows 'Alışkanlık' as the correct meaning.";"Elbise | Adet | Kıyafet | Alışkanlık";"freedict+kelly+frequencywords"
"B1";"Hoş";"SMOOTH";"Adjective";"2704";"AI reddi";"ai_rejected";"ollama:gemma4:12b";"1";"Pürüzsüz";"The clue 'Hoş' is ambiguous and doesn't capture the primary meaning of 'SMOOTH'. 'Pürüzsüz' is the accurate physical/textural translation.";"Sakin | Kolay | Tatlı | Düzgün";"freedict+kelly+frequencywords"
"B1";"Türk";"TURKISH";"Adjective";"2705";"AI onaylı";"ai_approved";"ollama:gemma4:12b";"1";"Türk";"The clue 'Türk' is a correct and common translation for 'TURKISH' as an adjective.";"Türkçe";"freedict+kelly+frequencywords"
"B1";"Ekip";"STABLE";"Adjective";"2707";"AI reddi";"ai_rejected";"ollama:gemma4:12b";"1";"Sabit";"The clue 'Ekip' means 'Team', which is unrelated to 'Stable' (Sabit/Kararlı).";"Sabit | Kararlı | Ölümsüz | Ahır";"freedict+kelly+frequencywords"
"B1";"Tayvan";"TAIWAN";"Noun";"2708";"AI onaylı";"ai_approved";"ollama:gemma4:12b";"1";"Tayvan";"The clue is a direct and correct translation of the proper noun.";"";"freedict+kelly+frequencywords"
"B1";"Evvela";"FIRSTLY";"Adverb";"2710";"AI onaylı";"ai_approved";"ollama:gemma4:12b";"1";"Evvela";"The clue is a correct and common translation for the adverb.";"";"freedict+kelly+frequencywords"
"B1";"Temiz";"DECENT";"Adjective";"2711";"AI reddi";"ai_rejected";"ollama:gemma4:12b";"0.9";"Uygun";"The clue 'Temiz' means 'Clean'. 'Decent' is better translated as 'Uygun' or 'Makul'.";"Nazik | Terbiyeli";"freedict+kelly+frequencywords"
"B1";"Zirve";"PEAK";"Noun";"2712";"AI onaylı";"ai_approved";"ollama:gemma4:12b";"1";"Zirve";"The clue is a correct and accurate translation for the noun.";"";"freedict+kelly+frequencywords"
"B1";"Bazen";"OCCASIONAL";"Adjective";"2714";"AI onaylı";"ai_approved";"ollama:gemma4:12b";"1";"Bazen";"The clue 'Bazen' is a correct, single-word Turkish equivalent for 'Occasional' at B1 level.";"";"freedict+kelly+frequencywords"
"B1";"Rahat";"CONVENIENT";"Adjective";"2716";"İnsan incelemesi";"needs_review";"ollama:gemma4:12b";"0.9";"Uygun";"The current clue 'Rahat' (comfortable) is a possible but less precise translation than 'Uygun' (suitable/convenient).";"Uygun | Müsait | Kullanışlı | Münasip";"freedict+kelly+frequencywords"
"B1";"Hava";"TUNE";"Noun";"2720";"AI reddi";"ai_rejected";"ollama:gemma4:12b";"1";"Melodi";"The clue 'Hava' is incorrect for 'Tune' in this context; 'Melodi' or 'Ahenk' would be more accurate.";"Hal | Düzen | Beste | Ahenk";"freedict+kelly+frequencywords"
"B1";"Zor";"TIGHT";"Adjective";"2721";"İnsan incelemesi";"needs_review";"ollama:gemma4:12b";"0.9";"Sıkı";"The clue 'Zor' (difficult) is a contextual translation, but 'Sıkı' is the direct primary meaning for 'Tight'.";"Sıkı | Gergin | Dar | Cimri";"freedict+kelly+frequencywords"
"B1";"Sanat";"OCCUPATION";"Noun";"2722";"AI reddi";"ai_rejected";"ollama:gemma4:12b";"1";"Meslek";"The clue 'Sanat' (art) is incorrect for 'Occupation'; 'Meslek' is the correct translation.";"Meslek | İşgal";"freedict+kelly+frequencywords"
"B1";"Bırakmak";"CEASE";"Verb";"2723";"AI reddi";"ai_rejected";"ollama:gemma4:12b";"1";"Durdurmak";"The current clue 'Bırakmak' (to leave/let) is not the most accurate single-word synonym for 'CEASE' (to stop/halt). 'Durdurmak' or 'Durmak' is better.";"Durmak | Kesmek | Bitmek | Durma";"freedict+kelly+frequencywords"
"B1";"Güzel";"GRATEFUL";"Adjective";"2724";"AI reddi";"ai_rejected";"ollama:gemma4:12b";"1";"Minnettar";"The clue 'Güzel' means 'beautiful/nice' and is not a synonym for 'GRATEFUL'. 'Minnettar' is the correct term.";"Hoş | Minnettar | Müteşekkir | Minnettarlık";"freedict+kelly+frequencywords"
"B1";"Tercih";"PREFERENCE";"Noun";"2729";"AI onaylı";"ai_approved";"ollama:gemma4:12b";"1";"Tercih";"The clue 'Tercih' is a perfect single-word synonym for 'PREFERENCE'.";"";"freedict+kelly+frequencywords"
"B1";"Ağaç";"WOODEN";"Adjective";"2730";"AI reddi";"ai_rejected";"ollama:gemma4:12b";"1";"Ahşap";"The clue 'Ağaç' means 'tree' (noun), while 'WOODEN' is an adjective. 'Ahşap' or 'Tahta' is the correct adjective form.";"Tahta | Ahşap | Cansız | Ruhsuz";"freedict+kelly+frequencywords"
"B1";"Takım";"LAYOUT";"Noun";"2733";"AI reddi";"ai_rejected";"ollama:gemma4:12b";"1";"Düzen";"The clue 'Takım' means 'team' or 'set'. 'LAYOUT' refers to the arrangement or 'Düzen'.";"Plan";"freedict+kelly+frequencywords"
"B1";"Filistinli";"PALESTINIAN";"Adjective";"2735";"AI onaylı";"ai_approved";"ollama:gemma4:12b";"1";"Filistinli";"The clue is a direct and accurate translation of the adjective.";"";"freedict+kelly+frequencywords"
"B1";"Aylık";"SALARY";"Noun";"2737";"İnsan incelemesi";"needs_review";"ollama:gemma4:12b";"0.9";"Maaş";"The current clue 'Aylık' (Monthly) is slightly ambiguous; 'Maaş' is the precise term for salary.";"Maaş | Ücret | Ücretli | Maaşlı";"freedict+kelly+frequencywords"
"B1";"Parça";"PORTION";"Noun";"2739";"İnsan incelemesi";"needs_review";"ollama:gemma4:12b";"0.9";"Porsiyon";"The clue 'Parça' is too general; 'Porsiyon' or 'Hisse' is more specific for 'portion'.";"Kader | Hisse | Porsiyon | Nasip";"freedict+kelly+frequencywords"
"B1";"Vadi";"VALLEY";"Noun";"2740";"AI onaylı";"ai_approved";"ollama:gemma4:12b";"1";"Vadi";"The clue is a direct and accurate translation of the noun.";"Dere";"freedict+kelly+frequencywords"
"B1";"Gemi";"VESSEL";"Noun";"2741";"AI reddi";"ai_rejected";"ollama:gemma4:12b";"0.9";"Kap";"The clue 'Gemi' (Ship) is only one meaning of vessel; 'Kap' is the more common general term for a container/vessel.";"Kanal | Kap | Tas";"freedict+kelly+frequencywords"
"B1";"Alma";"RECEIPT";"Noun";"2742";"AI reddi";"ai_rejected";"ollama:gemma4:12b";"1";"Makbuz";"The clue 'Alma' is incorrect; it means 'Soul' or 'Taking'. The correct term for receipt is 'Makbuz'.";"Alındı | Reçete | Makbuz";"freedict+kelly+frequencywords"
"B1";"Resim";"ILLUSTRATION";"Noun";"2744";"İnsan incelemesi";"needs_review";"ollama:gemma4:12b";"0.9";"Çizim";"The clue 'Resim' is broad (picture). 'Çizim' or 'Tasvir' is more specific for illustration.";"Örnek | Misal";"freedict+kelly+frequencywords"
"B1";"Otomatik";"AUTOMATIC";"Adjective";"2746";"AI onaylı";"ai_approved";"ollama:gemma4:12b";"1";"Otomatik";"The clue is accurate, single-word, and matches the word type and level.";"Otomatikman";"freedict+kelly+frequencywords"
"B1";"Daire";"CIRCUIT";"Noun";"2747";"AI reddi";"ai_rejected";"ollama:gemma4:12b";"1";"Devre";"The clue 'Daire' means 'Circle'. The correct technical term for circuit is 'Devre'.";"Dolaşmak | Turne";"freedict+kelly+frequencywords"
"B1";"Şok";"SHOCK";"Noun";"2749";"AI onaylı";"ai_approved";"ollama:gemma4:12b";"0.95";"Şok";"The clue 'Darbe' is acceptable, but 'Şok' is also a common direct equivalent. Keeping 'Darbe' is acceptable but 'Şok' is more direct.";"Vuruş | Sarsıntı | İnme";"freedict+kelly+frequencywords"
"B1";"Çıkarma";"CANCEL";"Verb";"2752";"İnsan incelemesi";"needs_review";"ollama:gemma4:12b";"1";"İptal";"The clue 'Çıkarma' is ambiguous and could mean 'subtraction' or 'removal'. 'İptal' is a more precise single-word synonym for 'Cancel'.";"Silmek | İptal | Silme";"freedict+kelly+frequencywords"
"B1";"Terfi";"ADVANCE";"Verb";"2753";"İnsan incelemesi";"needs_review";"ollama:gemma4:12b";"1";"İlerlemek";"The clue 'Terfi' specifically means 'promotion'. 'İlerlemek' is the more general and accurate translation for the verb 'Advance'.";"İlerlemek | İleride | Avans | İlerleme";"freedict+kelly+frequencywords"
"B1";"Kule";"TOWER";"Noun";"2755";"AI onaylı";"ai_approved";"ollama:gemma4:12b";"1";"Kule";"The clue is accurate, unambiguous, and matches the part of speech.";"";"freedict+kelly+frequencywords"
"B1";"Toplantı";"ASSEMBLY";"Noun";"2757";"İnsan incelemesi";"needs_review";"ollama:gemma4:12b";"1";"Montaj";"The clue 'Toplantı' means 'meeting'. 'Assembly' as a noun often refers to 'montaj' or 'kurul'. 'Toplantı' is ambiguous.";"Meclis";"freedict+kelly+frequencywords"
"B1";"Geçirmek";"SLIP";"Verb";"2758";"AI reddi";"ai_rejected";"ollama:gemma4:12b";"1";"Kaymak";"The clue 'Geçirmek' is not a standard translation for 'Slip'. 'Kaymak' is the correct single-word verb.";"Çıkarmak | Hata | Kaçmak | Kaçırmak";"freedict+kelly+frequencywords"
"B1";"Danimarka";"DENMARK";"Noun";"2759";"AI reddi";"ai_rejected";"ollama:gemma4:12b";"1";"Danimarka";"The clue 'Danimarka' is a direct translation of the country name, not a descriptive one-word hint. It is a tautology.";"";"freedict+kelly+frequencywords"
"B1";"Mükemmel";"CLASSICAL";"Adjective";"2760";"AI reddi";"ai_rejected";"ollama:gemma4:12b";"0.95";"Geleneksel";"The clue 'Mükemmel' (Perfect) is not a synonym for 'Classical'. 'Geleneksel' is a better fit.";"Klasik";"freedict+kelly+frequencywords"
"B1";"Boru";"TUBE";"Noun";"2763";"AI onaylı";"ai_approved";"ollama:gemma4:12b";"1";"Boru";"The clue 'Boru' is a correct, common, and single-word synonym for 'Tube'.";"Tüp";"freedict+kelly+frequencywords"
"B1";"Müteahhit";"CONTRACTOR";"Noun";"2768";"AI onaylı";"ai_approved";"ollama:gemma4:12b";"1";"Müteahhit";"The clue 'Müteahhit' is a precise and standard translation for 'Contractor'.";"";"freedict+kelly+frequencywords"
"B1";"Hayal";"IMAGINATION";"Noun";"2769";"AI onaylı";"ai_approved";"ollama:gemma4:12b";"1";"Hayal";"The clue 'Hayal' is a standard and accurate one-word synonym for 'Imagination'.";"Tasavvur";"freedict+kelly+frequencywords"
"B1";"Gerçekçi";"REALISTIC";"Adjective";"2770";"AI onaylı";"ai_approved";"ollama:gemma4:12b";"1";"Gerçekçi";"The clue is accurate, single-word, and matches the part of speech and level.";"";"freedict+kelly+frequencywords"
"B1";"Tatmin";"SATISFACTION";"Noun";"2771";"İnsan incelemesi";"needs_review";"ollama:gemma4:12b";"0.85";"Memnuniyet";"The current clue 'Tatmin' is less common than 'Memnuniyet' for this level.";"Memnuniyet | Kanaat";"freedict+kelly+frequencywords"
"B1";"Toprak";"TERRITORY";"Noun";"2773";"İnsan incelemesi";"needs_review";"ollama:gemma4:12b";"0.9";"Bölge";"The clue 'Toprak' means 'soil/land' and is less precise than 'Bölge' for territory.";"Arazi | Memleket";"freedict+kelly+frequencywords"
"B1";"Ustabaşı";"BOSS";"Noun";"2775";"AI reddi";"ai_rejected";"ollama:gemma4:12b";"0.9";"Patron";"The clue 'Ustabaşı' is too specific/technical; 'Patron' or 'Şef' is better.";"";"freedict+kelly+frequencywords"
"B1";"Elektrik";"ELECTRICITY";"Noun";"2777";"AI onaylı";"ai_approved";"ollama:gemma4:12b";"1";"Elektrik";"The clue is accurate, single-word, and matches the part of speech and level.";"";"freedict+kelly+frequencywords"
"B1";"Gitmek";"RESORT";"Noun";"2779";"AI reddi";"ai_rejected";"ollama:gemma4:12b";"1";"Tatilköy";"The clue 'Gitmek' (to go) is a verb, while 'RESORT' is a noun. 'Tatilköy' is a more accurate noun synonym.";"Çare | Yazlık | Merci";"freedict+kelly+frequencywords"
"B1";"Depo";"TANK";"Noun";"2780";"AI onaylı";"ai_approved";"ollama:gemma4:12b";"0.95";"Depo";"The clue 'Depo' is a correct, single-word noun synonym for 'TANK'.";"Havuz";"freedict+kelly+frequencywords"
"B1";"Kas";"MUSCLE";"Noun";"2781";"AI onaylı";"ai_approved";"ollama:gemma4:12b";"0.98";"Kas";"The clue 'Kas' is a direct and accurate translation for 'MUSCLE'.";"";"freedict+kelly+frequencywords"
"B1";"Kum";"SAND";"Noun";"2782";"AI onaylı";"ai_approved";"ollama:gemma4:12b";"0.98";"Kum";"The clue 'Kum' is the standard and correct translation for 'SAND'.";"Kumsal";"freedict+kelly+frequencywords"
"B1";"Tüketim";"CONSUMPTION";"Noun";"2783";"AI onaylı";"ai_approved";"ollama:gemma4:12b";"0.98";"Tüketim";"The clue 'Tüketim' is the correct noun translation for 'CONSUMPTION'.";"";"freedict+kelly+frequencywords"
"B1";"Hile";"CRAFT";"Noun";"2785";"AI reddi";"ai_rejected";"ollama:gemma4:12b";"1";"Zanaat";"The clue 'Hile' (trick/fraud) is a specific meaning of 'craft' but 'Zanaat' is the primary noun meaning for the word type.";"Meslek | Esnaf | Marifet";"freedict+kelly+frequencywords"
"B1";"Cinayet";"MURDER";"Noun";"2788";"AI onaylı";"ai_approved";"ollama:gemma4:12b";"1";"Cinayet";"The clue 'Cinayet' is a direct and accurate translation for the noun 'Murder'.";"Öldürmek | Kanlı | Cani | Bozmak";"freedict+kelly+frequencywords"
"B1";"Adi";"SHAKE";"Verb";"2790";"AI reddi";"ai_rejected";"ollama:gemma4:12b";"1";"Sallamak";"The clue 'Adi' (common/ordinary) is unrelated to the verb 'Shake'. 'Sallamak' is the correct verb form.";"Yerleştirmek | Sallamak | Sarsıntı | Titreme";"freedict+kelly+frequencywords"
"B1";"Vekil";"DELEGATE";"Noun";"2792";"AI reddi";"ai_rejected";"ollama:gemma4:12b";"1";"Temsilci";"The clue 'Vekil' usually refers to a lawyer or proxy; 'Temsilci' or 'Devretmek' (verb) is more appropriate for 'Delegate'.";"Elçi";"freedict+kelly+frequencywords"
"B1";"Gerginlik";"TENSION";"Noun";"2794";"AI onaylı";"ai_approved";"ollama:gemma4:12b";"1";"Gerginlik";"The clue 'Gerginlik' is a precise and common translation for 'Tension'.";"Gerilme | Gerilim | Voltaj";"freedict+kelly+frequencywords"
"B1";"Biçim";"POEM";"Noun";"2795";"AI reddi";"ai_rejected";"ollama:gemma4:12b";"1";"Şiir";"The current clue 'Biçim' means 'form/shape' and is not a direct synonym for 'poem'. 'Şiir' is the correct single-word Turkish equivalent.";"";"freedict+kelly+frequencywords"
"B1";"Kör";"BLIND";"Adjective";"2796";"AI onaylı";"ai_approved";"ollama:gemma4:12b";"1";"Kör";"The clue 'Kör' is a direct and accurate translation for 'blind' at the B1 level.";"Çıkmaz | Perde | Duygusuz | Pusu";"freedict+kelly+frequencywords"
"B1";"Vurmak";"KNOCK";"Verb";"2797";"AI onaylı";"ai_approved";"ollama:gemma4:12b";"1";"Vurmak";"The clue 'Vurmak' is a correct and common translation for the verb 'knock'.";"Abd | Darbe | Vuruş | Vurma";"freedict+kelly+frequencywords"
"B1";"Göl";"LAKE";"Noun";"2798";"AI onaylı";"ai_approved";"ollama:gemma4:12b";"1";"Göl";"The clue 'Göl' is the exact and unambiguous translation for 'lake'.";"";"freedict+kelly+frequencywords"
"B1";"Suçlamak";"BLAME";"Verb";"2800";"AI onaylı";"ai_approved";"ollama:gemma4:12b";"1";"Suçlamak";"The clue 'Suçlamak' is the correct and standard translation for the verb 'blame'.";"";"freedict+kelly+frequencywords"
"B1";"Suçlama";"ACCUSE";"Verb";"2802";"AI onaylı";"ai_approved";"ollama:gemma4:12b";"1";"Suçlama";"The clue 'Suçlama' is a direct and accurate translation for 'Accuse' at B1 level.";"İtham";"freedict+kelly+frequencywords"
"B1";"Sancak";"FLAG";"Noun";"2803";"AI reddi";"ai_rejected";"ollama:gemma4:12b";"0.95";"Bayrak";"The current clue 'Sancak' is archaic/literary. 'Bayrak' is the standard modern Turkish word for 'Flag'.";"Zambak";"freedict+kelly+frequencywords"
"B1";"Olağanüstü";"EXTRAORDINARY";"Adjective";"2805";"AI onaylı";"ai_approved";"ollama:gemma4:12b";"0.9";"Olağanüstü";"While 'Garip' is acceptable, 'Olağanüstü' is a more precise synonym for 'Extraordinary' at B1 level.";"Nadir | Fevkalade";"freedict+kelly+frequencywords"
"B1";"Büyük";"GRAND";"Adjective";"2807";"AI onaylı";"ai_approved";"ollama:gemma4:12b";"0.9";"Büyük";"The clue 'Büyük' is a valid and common translation for 'Grand' in this context.";"Baş | Muhteşem | Muazzam | Ulu";"freedict+kelly+frequencywords"
"B1";"Rahatsız";"ILL";"Adjective";"2808";"İnsan incelemesi";"needs_review";"ollama:gemma4:12b";"0.8";"Hasta";"The clue 'Rahatsız' is ambiguous; 'Hasta' is the primary meaning for 'Ill' as an adjective.";"Acı | Fena | Zarar | Sert";"freedict+kelly+frequencywords"
"B1";"Sır";"MYSTERY";"Noun";"2809";"AI onaylı";"ai_approved";"ollama:gemma4:12b";"1";"Sır";"The clue 'Sır' is a precise, single-word synonym for 'Mystery' at B1 level.";"Gizem | Muamma";"freedict+kelly+frequencywords"
"B1";"Elektrikli";"ELECTRICAL";"Adjective";"2810";"AI onaylı";"ai_approved";"ollama:gemma4:12b";"1";"Elektrikli";"The clue 'Elektrikli' is a direct and accurate translation for 'Electrical'.";"";"freedict+kelly+frequencywords"
"B1";"Sert";"ROUGH";"Adjective";"2813";"İnsan incelemesi";"needs_review";"ollama:gemma4:12b";"0.85";"Kaba";"The current clue 'Sert' can mean 'hard' or 'rough'. 'Kaba' is a more specific synonym for 'rough' in many contexts.";"Yaklaşık | Kaba | Tüylü | Zahmetli";"freedict+kelly+frequencywords"
"B1";"Şiir";"POETRY";"Noun";"2815";"AI onaylı";"ai_approved";"ollama:gemma4:12b";"1";"Şiir";"The clue 'Şiir' is the standard and correct translation for 'Poetry'.";"Şiirler";"freedict+kelly+frequencywords"
"B1";"Üzücü";"BOTHER";"Verb";"2816";"AI reddi";"ai_rejected";"ollama:gemma4:12b";"0.9";"Rahatsız";"The current clue 'Üzücü' is an adjective (sad/upsetting), while 'Bother' is a verb. 'Rahatsız' is the correct verb form.";"Sıkıntı | Zahmet | Üzmek";"freedict+kelly+frequencywords"
"B1";"Zaman";"INTERVAL";"Noun";"2817";"İnsan incelemesi";"needs_review";"ollama:gemma4:12b";"1";"Aralık";"The current clue 'Zaman' (Time) is too broad. 'Aralık' is the specific and accurate term for 'Interval'.";"Ara | Mesafe | Aralık | Müddet";"freedict+kelly+frequencywords"
"B1";"Komedi";"COMEDY";"Noun";"2822";"AI onaylı";"ai_approved";"ollama:gemma4:12b";"1";"Komedi";"The clue is accurate, specific, and matches the word type.";"";"freedict+kelly+frequencywords"
"B1";"Aydınlatma";"LIGHTING";"Noun";"2824";"AI onaylı";"ai_approved";"ollama:gemma4:12b";"1";"Aydınlatma";"The clue is accurate and matches the word type.";"";"freedict+kelly+frequencywords"
"B1";"Belge";"QUESTIONNAIRE";"Noun";"2825";"İnsan incelemesi";"needs_review";"ollama:gemma4:12b";"1";"Anket";"The current clue 'Belge' (Document) is too general. 'Anket' is the specific term for 'Questionnaire'.";"Form";"freedict+kelly+frequencywords"
"B1";"Kullanma";"USAGE";"Noun";"2826";"İnsan incelemesi";"needs_review";"ollama:gemma4:12b";"1";"Kullanım";"The current clue 'Kullanma' is a gerund/action; 'Kullanım' is the standard noun form for 'Usage'.";"Adet | Muamele";"freedict+kelly+frequencywords"
"B1";"Hiç";"OUGHT";"Modal verb";"2827";"AI reddi";"ai_rejected";"ollama:gemma4:12b";"1";"Melz";"The clue 'Hiç' means 'nothing' or 'never', which is unrelated to the modal verb 'ought'. 'Melz' or 'gerekmek' would be more appropriate.";"Sıfır";"freedict+kelly+frequencywords"
"B1";"Cennet";"HEAVEN";"Noun";"2830";"AI onaylı";"ai_approved";"ollama:gemma4:12b";"1";"Cennet";"The clue 'Cennet' is a direct and accurate translation for 'Heaven' at B1 level.";"Gök | Saadet";"freedict+kelly+frequencywords"
"B1";"İhtiyar";"ELDERLY";"Adjective";"2832";"AI onaylı";"ai_approved";"ollama:gemma4:12b";"1";"İhtiyar";"The clue 'İhtiyar' is a correct and common translation for 'Elderly'.";"";"freedict+kelly+frequencywords"
"B1";"Harcama";"EXPENDITURE";"Noun";"2835";"AI onaylı";"ai_approved";"ollama:gemma4:12b";"1";"Harcama";"The clue 'Harcama' is a precise translation for 'Expenditure'.";"Masraf";"freedict+kelly+frequencywords"
"B1";"Emanet";"DEPOSIT";"Noun";"2836";"AI reddi";"ai_rejected";"ollama:gemma4:12b";"0.9";"Yatırım";"The clue 'Emanet' means 'trust' or 'entrustment'. For 'Deposit' in a financial/general context, 'Yatırım' or 'Depozito' is more accurate.";"Rehin | Koymak | Tabaka | Döküntü";"freedict+kelly+frequencywords"
"B1";"Karıştırmak";"CONFUSE";"Verb";"2837";"İnsan incelemesi";"needs_review";"ollama:gemma4:12b";"1";"Şaşırtmak";"The current clue 'Karıştırmak' is valid but 'Şaşırtmak' is often more precise for the verb 'confuse' in many contexts. 'Karıştırmak' can also mean 'to mix' (physical).";"Karışıklık | Utandırmak | Şaşırtmak | Bozulma";"freedict+kelly+frequencywords"
"B1";"Sürü";"TROOP";"Noun";"2840";"İnsan incelemesi";"needs_review";"ollama:gemma4:12b";"1";"Bölük";"The clue 'Sürü' usually refers to a herd of animals. For 'Troop' (military/group), 'Bölük' is a more accurate single-word synonym.";"Alay | Bölük | Tabur | Cemaat";"freedict+kelly+frequencywords"
"B1";"Sadece";"PLAIN";"Adjective";"2841";"AI reddi";"ai_rejected";"ollama:gemma4:12b";"1";"Düz";"The clue 'Sadece' is a translation of 'only' or 'merely', not 'plain'. 'Plain' as an adjective means 'Düz' or 'Sade'.";"Açık | Basit | Düz | Sade";"freedict+kelly+frequencywords"
"B1";"Yalvarmak";"PRAY";"Verb";"2842";"İnsan incelemesi";"needs_review";"ollama:gemma4:12b";"1";"Dua";"The clue 'Yalvarmak' is a valid translation for 'pray' in a desperate sense, but 'Dua' (as a verb/noun context) or 'Dua etmek' is common. However, 'Yalvarmak' is a valid single word.";"";"freedict+kelly+frequencywords"
"B1";"Hal";"MOOD";"Noun";"2843";"AI onaylı";"ai_approved";"ollama:gemma4:12b";"0.95";"Hal";"The clue 'Hal' is a correct and common single-word translation for 'mood' in this context.";"Huysuzluk";"freedict+kelly+frequencywords"
"B1";"Takım";"BATTERY";"Noun";"2845";"AI reddi";"ai_rejected";"ollama:gemma4:12b";"1";"Pil";"The clue 'Takım' (Team/Set) is ambiguous for 'Battery'. 'Pil' is the correct single-word noun for battery.";"Seri | Dizi | Vuruş | Dövme";"freedict+kelly+frequencywords"
"B1";"Ayıran";"DISTINCTIVE";"Adjective";"2847";"AI reddi";"ai_rejected";"ollama:gemma4:12b";"1";"Belirgin";"The clue 'Ayıran' means 'separating'. 'Belirgin' or 'Özgün' is a better fit for 'Distinctive'.";"";"freedict+kelly+frequencywords"
"B1";"Arazi";"ACRE";"Noun";"2848";"AI reddi";"ai_rejected";"ollama:gemma4:12b";"1";"Dönüm";"The clue 'Arazi' means 'land/terrain'. 'Dönüm' is the specific unit of area for 'Acre'.";"";"freedict+kelly+frequencywords"
"B1";"Dair";"RELATIVE";"Noun";"2851";"AI reddi";"ai_rejected";"ollama:gemma4:12b";"1";"Akraba";"The clue 'Dair' is a typo or incorrect. 'Akraba' is the correct noun for 'Relative'.";"Bağlı | İlişkin | Akraba | Mensup";"freedict+kelly+frequencywords"
"B1";"Tamam";"PRECISE";"Adjective";"2852";"AI reddi";"ai_rejected";"ollama:gemma4:12b";"1";"Kesin";"The clue 'Tamam' means 'Okay'. 'Kesin' or 'Tam' is the correct adjective for 'Precise'.";"Tam | Kesinlikle | Tamamen | Kesin";"freedict+kelly+frequencywords"
"B1";"Yük";"BURDEN";"Noun";"2853";"AI onaylı";"ai_approved";"ollama:gemma4:12b";"1";"Yük";"The clue 'Yük' is a correct, single-word synonym for 'burden' in this context.";"Sorumluluk | Ağırlık | Yüklemek";"freedict+kelly+frequencywords"
"B1";"Ertelemek";"DELAY";"Verb";"2854";"AI onaylı";"ai_approved";"ollama:gemma4:12b";"1";"Ertelemek";"The clue 'Ertelemek' accurately reflects the verb 'delay' as a single word.";"Gecikme | Alıkoymak";"freedict+kelly+frequencywords"
"B1";"Cansız";"GENDER";"Noun";"2855";"AI reddi";"ai_rejected";"ollama:gemma4:12b";"1";"Cinsiyet";"The current clue 'Cansız' (inanimate) is incorrect for 'gender'. 'Cinsiyet' is the correct term.";"";"freedict+kelly+frequencywords"
"B1";"Dayanmak";"RESIST";"Verb";"2859";"AI onaylı";"ai_approved";"ollama:gemma4:12b";"1";"Dayanmak";"The clue 'Dayanmak' is a standard and accurate translation for 'resist'.";"";"freedict+kelly+frequencywords"
"B1";"Söz";"ENGAGEMENT";"Noun";"2861";"İnsan incelemesi";"needs_review";"ollama:gemma4:12b";"0.85";"Nişan";"The word 'Engagement' is polysemous (commitment, appointment, marriage). 'Söz' is ambiguous; 'Nişan' or 'Bağlılık' might be clearer.";"Randevu | Rehin | Vaat | Çarpışma";"freedict+kelly+frequencywords"
"B1";"Emeklilik";"RETIREMENT";"Noun";"2862";"AI onaylı";"ai_approved";"ollama:gemma4:12b";"1";"Emeklilik";"The clue is a direct and accurate translation of the noun 'retirement'.";"";"freedict+kelly+frequencywords"
"B1";"Aynı";"ALIKE";"Adverb";"2863";"AI onaylı";"ai_approved";"ollama:gemma4:12b";"0.95";"Aynı";"The clue 'Aynı' correctly captures the meaning of 'alike' as an adverb/adjective.";"Benzer";"freedict+kelly+frequencywords"
"B1";"Karşılık";"REWARD";"Noun";"2865";"İnsan incelemesi";"needs_review";"ollama:gemma4:12b";"0.85";"Ödül";"The current clue 'Karşılık' is ambiguous; 'Ödül' is a more precise and common translation for 'reward'.";"Ödül | Ücret";"freedict+kelly+frequencywords"
"B1";"Eşit";"EQUIVALENT";"Adjective";"2867";"İnsan incelemesi";"needs_review";"ollama:gemma4:12b";"0.9";"Eşdeğer";"The clue 'Eşit' is an adjective meaning 'equal'; 'Eşdeğer' is a more precise translation for the adjective 'equivalent'.";"Eşitlik";"freedict+kelly+frequencywords"
"B1";"Arkadaş";"MATE";"Noun";"2868";"AI reddi";"ai_rejected";"ollama:gemma4:12b";"0.8";"Arkadaş";"The word 'mate' has many meanings (partner, animal mating, etc.). 'Arkadaş' is only one possibility; the ambiguity makes it risky for a single-word clue.";"Koca | Karı | Evlenmek | Uymak";"freedict+kelly+frequencywords"
"B1";"Dikkatli";"STRICT";"Adjective";"2869";"AI reddi";"ai_rejected";"ollama:gemma4:12b";"1";"Sıkı";"The current clue 'Dikkatli' means 'careful', which is not a direct synonym for 'strict'. 'Sıkı' is the correct one-word synonym.";"Sıkı | Sert | Şiddetli";"freedict+kelly+frequencywords"
"B1";"Yalnız";"MERE";"Adjective";"2870";"AI reddi";"ai_rejected";"ollama:gemma4:12b";"1";"Sadece";"The clue 'Yalnız' can mean 'alone' or 'only'. In the context of 'mere', 'Sadece' is a more precise and common one-word synonym.";"Ancak | Sade | Bataklık";"freedict+kelly+frequencywords"
"B1";"Dürtü";"MOTIVATE";"Verb";"2872";"AI reddi";"ai_rejected";"ollama:gemma4:12b";"1";"Teşvik";"The clue 'Dürtü' is a noun (impulse). 'Motivate' is a verb. 'Teşvik' is the correct verb form.";"";"freedict+kelly+frequencywords"
"B1";"Evrensel";"UNIVERSAL";"Adjective";"2874";"AI onaylı";"ai_approved";"ollama:gemma4:12b";"1";"Evrensel";"The clue is accurate, one word, and matches the word class and level.";"Umumi";"freedict+kelly+frequencywords"
"B1";"Yırtık";"RENT";"Noun";"2875";"AI reddi";"ai_rejected";"ollama:gemma4:12b";"1";"Kira";"The clue 'Yırtık' means 'torn'. 'Rent' as a noun means 'rent' (kira) or 'tear' (yırtık). 'Kira' is the primary meaning for the noun form.";"Yarık | Kiralamak | Gedik | Kira";"freedict+kelly+frequencywords"
"B1";"Şampiyon";"CHAMPION";"Noun";"2878";"AI onaylı";"ai_approved";"ollama:gemma4:12b";"1";"Şampiyon";"The clue 'Şampiyon' is a direct and accurate translation for 'CHAMPION' at B1 level.";"Savunmak";"freedict+kelly+frequencywords"
"B1";"Kalım";"SURVIVAL";"Noun";"2881";"AI onaylı";"ai_approved";"ollama:gemma4:12b";"0.95";"";"The original clue 'Kalım' is technically correct but 'Hayatta_kalma' is more common; however, 'Kalım' is acceptable as a single word concept in some contexts. Since 'Kalım' is a valid noun, it is approved.";"Beka";"freedict+kelly+frequencywords"
"B1";"Isıtıcı";"HEATING";"Noun";"2883";"AI reddi";"ai_rejected";"ollama:gemma4:12b";"1";"Isıtma";"The clue 'Isıtıcı' means 'heater' (the device), while 'HEATING' is the process of heating (Isıtma).";"";"freedict+kelly+frequencywords"
"B1";"Dökmek";"POUR";"Verb";"2885";"AI onaylı";"ai_approved";"ollama:gemma4:12b";"1";"Dökmek";"The clue 'Dökmek' is the standard and accurate translation for the verb 'POUR'.";"Boşaltmak | Yağma";"freedict+kelly+frequencywords"
"B1";"Kadeh";"POT";"Noun";"2886";"AI reddi";"ai_rejected";"ollama:gemma4:12b";"1";"Tencere";"The clue 'Kadeh' means 'goblet/glass'. 'POT' usually refers to a 'tencere' or 'kap'. 'Kadeh' is incorrect for 'POT'.";"Kap | Kavanoz";"freedict+kelly+frequencywords"
"B1";"Utanç";"SHAME";"Noun";"2888";"AI onaylı";"ai_approved";"ollama:gemma4:12b";"1";"Utanç";"The clue 'Utanç' is a precise, single-word noun matching the word 'SHAME' and the B1 level.";"Ayıp | Rezalet | Utandırmak";"freedict+kelly+frequencywords"
"B1";"Gazoz";"POP";"Noun";"2889";"AI reddi";"ai_rejected";"ollama:gemma4:12b";"1";"Patlama";"The clue 'Gazoz' (Soda) is a specific product, not a direct translation of the verb/noun 'POP'. 'Patlama' is a better fit.";"Patlamak";"freedict+kelly+frequencywords"
"B1";"Saldırmak";"RUSH";"Verb";"2890";"İnsan incelemesi";"needs_review";"ollama:gemma4:12b";"0.8";"Acele";"The clue 'Saldırmak' (Attack) is one of the meanings but 'Acele' or 'Hız' is more common for 'Rush'. Ambiguity exists.";"Koşmak | Hız | Hamle | Hücum";"freedict+kelly+frequencywords"
"B1";"Kazı";"DIG";"Verb";"2891";"AI onaylı";"ai_approved";"ollama:gemma4:12b";"1";"Kazı";"The clue 'Kazı' is a correct single-word noun/verb equivalent for 'DIG'.";"";"freedict+kelly+frequencywords"
"B1";"Birdenbire";"SUDDEN";"Adjective";"2892";"AI onaylı";"ai_approved";"ollama:gemma4:12b";"1";"Birdenbire";"The clue 'Birdenbire' is a perfect single-word adverbial/adjectival equivalent for 'SUDDEN'.";"";"freedict+kelly+frequencywords"
"B1";"Vermek";"LEND";"Verb";"2894";"AI reddi";"ai_rejected";"ollama:gemma4:12b";"1";"";"The clue 'Vermek' is too broad and can mean 'give'. 'Ödünç vermek' is the specific meaning of 'Lend'.";"";"freedict+kelly+frequencywords"
"B1";"Tuğla";"BRICK";"Noun";"2896";"AI onaylı";"ai_approved";"ollama:gemma4:12b";"1";"Tuğla";"The clue is accurate, single-word, and matches the noun category.";"";"freedict+kelly+frequencywords"
"B1";"Şaka";"JOKE";"Noun";"2897";"AI onaylı";"ai_approved";"ollama:gemma4:12b";"1";"Şaka";"The clue is accurate and unambiguous for the word 'Joke'.";"Eğlenmek";"freedict+kelly+frequencywords"
"B1";"Özür";"EXCUSE";"Noun";"2898";"İnsan incelemesi";"needs_review";"ollama:gemma4:12b";"0.9";"Bahane";"The word 'Özür' usually refers to the act of apologizing, while 'Bahane' is the more common translation for 'Excuse' as a noun.";"Affedersiniz | Sebep | İzin | Bahane";"freedict+kelly+frequencywords"
"B1";"Fazla";"SPARE";"Adjective";"2899";"AI reddi";"ai_rejected";"ollama:gemma4:12b";"1";"Yedek";"The clue 'Fazla' means 'extra/excess'. 'Yedek' is the correct term for 'Spare' in this context.";"Kısa | Zayıf | Vermek | Eksik";"freedict+kelly+frequencywords"
"B1";"Kömür";"COAL";"Noun";"2900";"AI onaylı";"ai_approved";"ollama:gemma4:12b";"1";"Kömür";"The clue is a direct, single-word translation and matches the word class and level.";"";"freedict+kelly+frequencywords"
"B1";"Zil";"BELL";"Noun";"2903";"AI onaylı";"ai_approved";"ollama:gemma4:12b";"1";"Zil";"The primary meaning 'Zil' is a perfect single-word clue for the noun 'Bell'.";"Çan";"freedict+kelly+frequencywords"
"B1";"Göğüs";"CHEST";"Noun";"2906";"İnsan incelemesi";"needs_review";"ollama:gemma4:12b";"0.85";"Sandık";"The word 'Chest' is polysemous (body part vs. container). 'Sandık' is a better specific clue for a vocabulary test.";"Sandık";"freedict+kelly+frequencywords"
"B1";"Altıncı";"SIXTH";"Number";"2907";"AI onaylı";"ai_approved";"ollama:gemma4:12b";"1";"Altıncı";"The clue is a direct translation of the ordinal number.";"";"freedict+kelly+frequencywords"
"B1";"Delikanlı";"LAD";"Noun";"2908";"AI onaylı";"ai_approved";"ollama:gemma4:12b";"0.95";"Delikanlı";"The clue 'Delikanlı' accurately reflects the meaning of 'Lad' in a single word.";"";"freedict+kelly+frequencywords"
"B1";"Kutu";"BIN";"Noun";"2909";"İnsan incelemesi";"needs_review";"ollama:gemma4:12b";"0.9";"Çöp";"The clue 'Kutu' (Box) is ambiguous. 'Çöp' (Trash) is a more specific and accurate single-word clue for 'Bin'.";"Sandık | Ambar";"freedict+kelly+frequencywords"
"B1";"Kemer";"BELT";"Noun";"2910";"AI onaylı";"ai_approved";"ollama:gemma4:12b";"1";"Kemer";"The clue 'Kemer' is a precise and common translation for 'Belt'.";"Kuşak";"freedict+kelly+frequencywords"
"B1";"Garaj";"GARAGE";"Noun";"2912";"AI onaylı";"ai_approved";"ollama:gemma4:12b";"1";"Garaj";"The clue 'Garaj' is a direct and correct translation for 'Garage'.";"";"freedict+kelly+frequencywords"
"B1";"Avlamak";"CHASE";"Verb";"2917";"İnsan incelemesi";"needs_review";"ollama:gemma4:12b";"0.95";"Kovalamak";"The clue 'Avlamak' means 'to hunt'. 'Kovalamak' is the correct translation for 'Chase'.";"Kovalamak | Oluk";"freedict+kelly+frequencywords"
"B1";"Son";"TAIL";"Noun";"2918";"İnsan incelemesi";"needs_review";"ollama:gemma4:12b";"0.95";"Kuyruk";"The clue 'Son' (Last/End) is ambiguous. 'Kuyruk' is the specific anatomical meaning for 'Tail'.";"Arka | Nihayet | Yazı | Kuyruk";"freedict+kelly+frequencywords"
"B1";"Çit";"FENCE";"Noun";"2919";"AI onaylı";"ai_approved";"ollama:gemma4:12b";"1";"Çit";"The clue 'Çit' is a precise, single-word noun matching the word 'FENCE' at B1 level.";"";"freedict+kelly+frequencywords"
"B1";"Hamile";"PREGNANT";"Adjective";"2921";"AI onaylı";"ai_approved";"ollama:gemma4:12b";"1";"Hamile";"The clue 'Hamile' is the standard and most common translation for 'PREGNANT'.";"Gebe";"freedict+kelly+frequencywords"
"B1";"Sinirli";"UPSET";"Verb";"2926";"İnsan incelemesi";"needs_review";"ollama:gemma4:12b";"0.85";"Üzüntülü";"The current clue 'Sinirli' (angry) is only one possible meaning. 'Üzüntülü' is a more common general translation for 'upset'.";"Dövmek | Üzüntülü";"freedict+kelly+frequencywords"
"B1";"Edilmek";"BEND";"Verb";"2928";"AI reddi";"ai_rejected";"ollama:gemma4:12b";"0.9";"Eğmek";"The current clue 'Edilmek' is a passive form and grammatically incorrect for the verb 'BEND'. 'Eğmek' is the correct active verb.";"Eğmek | Düğüm | Dirsek | Viraj";"freedict+kelly+frequencywords"
"B1";"Çığlık";"SCREAM";"Verb";"2931";"İnsan incelemesi";"needs_review";"ollama:gemma4:12b";"0.9";"Bağırmak";"The current clue 'Çığlık' is a noun, but the word 'SCREAM' is listed as a Verb. 'Bağırmak' is the correct verb form.";"Bağırmak | Bağırma | Feryat";"freedict+kelly+frequencywords"
"B1";"Abd";"KNIFE";"Noun";"2935";"AI reddi";"ai_rejected";"ollama:gemma4:12b";"1";"Bıçak";"The current clue 'Abd' is incorrect and unrelated to 'Knife'. 'Bıçak' is the correct single-word Turkish equivalent.";"Çakı";"freedict+kelly+frequencywords"
"B1";"Öpmek";"LIP";"Noun";"2938";"AI reddi";"ai_rejected";"ollama:gemma4:12b";"1";"Dudak";"The clue 'Öpmek' is a verb (to kiss), while 'LIP' is a noun. 'Dudak' is the correct noun form.";"";"freedict+kelly+frequencywords"
"B1";"Altında";"UNDERNEATH";"Preposition";"2940";"AI onaylı";"ai_approved";"ollama:gemma4:12b";"1";"Altında";"The clue is accurate, single-word, and matches the part of speech.";"Altına | Alt";"freedict+kelly+frequencywords"
"B1";"Baş";"NUT";"Noun";"2941";"AI reddi";"ai_rejected";"ollama:gemma4:12b";"1";"Fındık";"The clue 'Baş' means 'head'. 'Nut' in this context refers to a nut (seed/fruit). 'Fındık' or 'Ceviz' would be appropriate.";"";"freedict+kelly+frequencywords"
"B1";"Sepet";"BASKET";"Noun";"2942";"AI onaylı";"ai_approved";"ollama:gemma4:12b";"1";"Sepet";"The clue is accurate, single-word, and matches the part of speech.";"";"freedict+kelly+frequencywords"
"B1";"Kase";"BOWL";"Noun";"2943";"AI onaylı";"ai_approved";"ollama:gemma4:12b";"1";"Kase";"The clue 'Kase' is a precise, single-word Turkish equivalent for 'Bowl' and matches the B1 level.";"Tas | Leğen | Şaşırtmak";"freedict+kelly+frequencywords"
"B1";"Karın";"STOMACH";"Noun";"2944";"AI onaylı";"ai_approved";"ollama:gemma4:12b";"1";"Karın";"The clue 'Karın' is a standard, single-word translation for 'Stomach' in this context.";"Mide | Katlanmak | İştah | İstek";"freedict+kelly+frequencywords"
"B1";"Halı";"CARPET";"Noun";"2946";"AI onaylı";"ai_approved";"ollama:gemma4:12b";"1";"Halı";"The clue 'Halı' is the direct and correct single-word translation for 'Carpet'.";"";"freedict+kelly+frequencywords"
"B1";"Garip";"WEIRD";"Adjective";"2949";"AI onaylı";"ai_approved";"ollama:gemma4:12b";"1";"Garip";"The clue 'Garip' is a common and accurate single-word translation for 'Weird'.";"Acayip | Büyü | Esrarengiz";"freedict+kelly+frequencywords"
"B1";"Saçmalık";"SILLY";"Adjective";"2950";"İnsan incelemesi";"needs_review";"ollama:gemma4:12b";"0.85";"Budala";"The current clue 'Saçmalık' is a noun (nonsense), while 'Silly' is an adjective. 'Budala' or 'Gülünç' would be better as they match the part of speech.";"Sersem | Budala | Gülünç | Ahmak";"freedict+kelly+frequencywords"
"B1";"Kötü";"NASTY";"Adjective";"2951";"AI onaylı";"ai_approved";"ollama:gemma4:12b";"1";"Kötü";"The clue 'Kötü' is a direct and accurate single-word synonym for 'nasty' in this context.";"Pis | Sıkıcı | Çirkin | İğrenç";"freedict+kelly+frequencywords"
"B1";"Kirli";"MESS";"Noun";"2953";"AI reddi";"ai_rejected";"ollama:gemma4:12b";"0.95";"Karışıklık";"The current clue 'Kirli' means 'dirty' (adjective), while 'mess' is a noun. 'Karışıklık' is the correct noun form.";"Karışıklık | Bozukluk | Bozmak | Pasaklı";"freedict+kelly+frequencywords"
"B1";"Koku";"SMELL";"Noun";"2956";"AI onaylı";"ai_approved";"ollama:gemma4:12b";"1";"Koku";"The clue 'Koku' is a perfect single-word translation for the noun 'smell'.";"Kokmuş | İma";"freedict+kelly+frequencywords"
"B1";"Fırın";"OVEN";"Noun";"2957";"AI onaylı";"ai_approved";"ollama:gemma4:12b";"1";"Fırın";"The clue 'Fırın' is the exact and standard translation for 'oven'.";"";"freedict+kelly+frequencywords"
"B1";"Kalıp";"IMPRESS";"Verb";"2961";"AI reddi";"ai_rejected";"ollama:gemma4:12b";"0.95";"Etkilemek";"The current clue 'Kalıp' means 'mold' or 'template'. 'Etkilemek' is the correct verb translation for 'impress'.";"Nişan | Etkilemek | Eser | Damga";"freedict+kelly+frequencywords"
"B1";"Merdiven";"LADDER";"Noun";"2962";"AI onaylı";"ai_approved";"ollama:gemma4:12b";"1";"Merdiven";"The clue is accurate, single-word, and matches the part of speech.";"";"freedict+kelly+frequencywords"
"B1";"Lastik";"RUBBER";"Noun";"2964";"İnsan incelemesi";"needs_review";"ollama:gemma4:12b";"0.9";"Kauçuk";"The current clue 'Lastik' is common but 'Kauçuk' is the more precise material definition for rubber.";"Kauçuk";"freedict+kelly+frequencywords"
"B1";"Etkisiz";"DUCK";"Noun";"2967";"AI reddi";"ai_rejected";"ollama:gemma4:12b";"0.95";"Ördek";"The clue 'Etkisiz' is a mistranslation or confusion with 'dull'. The correct noun is 'Ördek'.";"Dalmak | Batmak";"freedict+kelly+frequencywords"
"B1";"Boğaz";"THROAT";"Noun";"2970";"AI onaylı";"ai_approved";"ollama:gemma4:12b";"1";"Boğaz";"The clue is accurate and matches the noun category.";"Gırtlak";"freedict+kelly+frequencywords"
"B1";"Saçma";"RUBBISH";"Noun";"2974";"İnsan incelemesi";"needs_review";"ollama:gemma4:12b";"0.9";"Çöp";"The clue 'Saçma' is an adjective/adverb usage. As a noun, 'Çöp' is the primary meaning.";"Döküntü";"freedict+kelly+frequencywords"
"B1";"Fasulye";"BEAN";"Noun";"2976";"AI onaylı";"ai_approved";"ollama:gemma4:12b";"1";"Fasulye";"The clue 'Fasulye' is a direct and accurate translation for 'BEAN'.";"";"freedict+kelly+frequencywords"
"B1";"Kalıp";"STAMP";"Noun";"2977";"AI reddi";"ai_rejected";"ollama:gemma4:12b";"0.95";"Pul";"The current clue 'Kalıp' is incorrect for 'STAMP'. 'Pul' is the correct single-word translation.";"Marka | Soy | Pul | Cins";"freedict+kelly+frequencywords"
"B1";"Ölüm";"CURTAIN";"Noun";"2978";"AI reddi";"ai_rejected";"ollama:gemma4:12b";"0.98";"Perde";"The clue 'Ölüm' is completely incorrect for 'CURTAIN'. 'Perde' is the correct translation.";"Perde";"freedict+kelly+frequencywords"
"B1";"Çıkın";"PACKET";"Noun";"2980";"AI reddi";"ai_rejected";"ollama:gemma4:12b";"0.98";"Paket";"The clue 'Çıkın' is not a standard translation for 'PACKET'. 'Paket' is the correct term.";"Paket";"freedict+kelly+frequencywords"
"B1";"Boş";"USELESS";"Adjective";"2981";"AI reddi";"ai_rejected";"ollama:gemma4:12b";"0.95";"Faydasız";"The clue 'Boş' is too ambiguous. 'Faydasız' is a more accurate and specific translation for 'USELESS'.";"Faydasız | Yararsız | Nafile";"freedict+kelly+frequencywords"
"B1";"Parça";"TABLET";"Noun";"2982";"AI reddi";"ai_rejected";"ollama:gemma4:12b";"1";"Tablet";"The clue 'Parça' (piece/part) is too ambiguous and can refer to many things. 'Tablet' is the specific term.";"Kalıp | Levha";"freedict+kelly+frequencywords"
"B1";"Kuyruk";"QUEUE";"Noun";"2983";"AI onaylı";"ai_approved";"ollama:gemma4:12b";"1";"Kuyruk";"The clue is accurate, unambiguous, and matches the word type.";"";"freedict+kelly+frequencywords"
"B1";"Tavşan";"RABBIT";"Noun";"2987";"AI onaylı";"ai_approved";"ollama:gemma4:12b";"1";"Tavşan";"The clue is a direct and correct translation.";"";"freedict+kelly+frequencywords"
"B1";"Aksan";"ACCENT";"Noun";"2988";"AI onaylı";"ai_approved";"ollama:gemma4:12b";"1";"Aksan";"The clue is accurate and matches the primary meaning.";"Vurgu";"freedict+kelly+frequencywords"
"B1";"Yedinci";"SEVENTH";"Number";"2989";"AI onaylı";"ai_approved";"ollama:gemma4:12b";"1";"Yedinci";"The clue is a correct ordinal number translation.";"";"freedict+kelly+frequencywords"
"B1";"Karşılık";"QUID";"Noun";"2994";"AI reddi";"ai_rejected";"ollama:gemma4:12b";"1";"Sterlin";"The clue 'Karşılık' means 'equivalent' or 'response'. 'Quid' is a British slang for a pound sterling. The correct one-word clue should be 'Sterlin'.";"";"freedict+kelly+frequencywords"
"B1";"Adam";"BLOKE";"Noun";"2995";"AI onaylı";"ai_approved";"ollama:gemma4:12b";"0.95";"Adam";"The word 'Bloke' means a man/fellow. 'Adam' is a valid one-word synonym in Turkish.";"";"freedict+kelly+frequencywords"
"B1";"Çocuk";"CHAP";"Noun";"2999";"AI reddi";"ai_rejected";"ollama:gemma4:12b";"0.95";"Adam";"The clue 'Çocuk' means 'child'. 'Chap' refers to a man or fellow. 'Adam' is a more accurate one-word synonym.";"Çatlak | Delikanlı | Toprağı";"freedict+kelly+frequencywords"
"B1";"Kamyon";"CARAVAN";"Noun";"3000";"AI reddi";"ai_rejected";"ollama:gemma4:12b";"1";"Kervan";"The clue 'Kamyon' means 'truck'. 'Caravan' means 'kervan'. The current clue is incorrect.";"Kervan";"freedict+kelly+frequencywords"
"B1";"Atmak";"CHUCK";"Verb";"3001";"AI onaylı";"ai_approved";"ollama:gemma4:12b";"0.95";"Atmak";"The verb 'Chuck' means to throw or toss. 'Atmak' is a correct one-word Turkish equivalent.";"";"freedict+kelly+frequencywords"
"B1";"Kalp";"BASTARD";"Noun";"3002";"AI reddi";"ai_rejected";"ollama:gemma4:12b";"1";"Piç";"The current clue 'Kalp' (Heart) is completely unrelated to the word 'Bastard'. 'Piç' is the correct single-word equivalent.";"Sahte | Bayağı | Piç | Hileli";"freedict+kelly+frequencywords"
"B1";"Muhallebi";"PUDDING";"Noun";"3003";"AI onaylı";"ai_approved";"ollama:gemma4:12b";"1";"Muhallebi";"The clue 'Muhallebi' is a correct and common single-word translation for 'Pudding'.";"";"freedict+kelly+frequencywords"
"B1";"Kimse";"BUGGER";"Noun";"3005";"AI reddi";"ai_rejected";"ollama:gemma4:12b";"1";"Lanet";"The clue 'Kimse' (Nobody) is incorrect for 'Bugger'. 'Lanet' or 'Lanetleme' is more appropriate, but 'Lanet' fits the single-word constraint.";"";"freedict+kelly+frequencywords"
"B1";"Göz";"DRAWER";"Noun";"3009";"AI reddi";"ai_rejected";"ollama:gemma4:12b";"1";"Çekmece";"The clue 'Göz' (Eye) is incorrect. 'Çekmece' is the correct translation for 'Drawer'.";"Barmen | Çekmece";"freedict+kelly+frequencywords"
"B1";"Fena";"NAUGHTY";"Adjective";"3011";"AI reddi";"ai_rejected";"ollama:gemma4:12b";"1";"Yaramaz";"The clue 'Fena' (Bad/Severe) is not the best fit for 'Naughty'. 'Yaramaz' is the standard translation.";"Yaramaz | Haylaz | Münasebetsiz";"freedict+kelly+frequencywords"
"B1";"Getirmek";"FETCH";"Verb";"3013";"AI reddi";"ai_rejected";"ollama:gemma4:12b";"1";"Getirmek";"The current clue 'Getirmek' is correct, but the word 'Fetch' is a specific action (to go and bring back). However, 'Getirmek' is the standard translation. The issue is that 'Getirmek' is a very common verb, but the word 'Fetch' is often a '";"Çekici | Hile | Mesafe | Alımlı";"freedict+kelly+frequencywords"
"B1";"Enerji";"BANG";"Verb";"3014";"AI reddi";"ai_rejected";"ollama:gemma4:12b";"1";"Patlama";"The clue 'Enerji' is incorrect for 'Bang'. 'Patlama' or 'Gürültü' would be appropriate.";"Patlama | Gürültü | Morfin | Çarpmak";"freedict+kelly+frequencywords"
"B1";"Sıkışmış";"STUCK";"Adjective";"3015";"AI onaylı";"ai_approved";"ollama:gemma4:12b";"1";"Sıkışmış";"The clue 'Sıkışmış' accurately reflects the meaning of 'Stuck' as an adjective.";"Takılmış | Saplanmış | Tutkun | Batmak";"freedict+kelly+frequencywords"
"B1";"Sert";"RUDE";"Adjective";"3019";"AI reddi";"ai_rejected";"ollama:gemma4:12b";"1";"Kaba";"The clue 'Sert' is ambiguous; 'Kaba' is the precise translation for 'Rude'.";"Kaba | Şiddetli | Kuvvetli | Acemi";"freedict+kelly+frequencywords"
"B1";"Deli";"DAFT";"Adjective";"3020";"AI onaylı";"ai_approved";"ollama:gemma4:12b";"0.95";"Deli";"The clue 'Deli' is a valid and common translation for 'Daft' at the B1 level.";"Kaçık";"freedict+kelly+frequencywords"
"B1";"Temizleyici";"CLEANER";"Noun";"3023";"AI onaylı";"ai_approved";"ollama:gemma4:12b";"1";"Temizleyici";"The clue is accurate, single-word, and matches the part of speech and level.";"";"freedict+kelly+frequencywords"
"B1";"Kazan";"KETTLE";"Noun";"3026";"İnsan incelemesi";"needs_review";"ollama:gemma4:12b";"0.9";"Çaydanlık";"The current clue 'Kazan' (cauldron/boiler) is too broad; 'Çaydanlık' is the specific term for a kettle.";"Tencere | Çaydanlık";"freedict+kelly+frequencywords"
"B1";"Kaşık";"SPOON";"Noun";"3027";"AI onaylı";"ai_approved";"ollama:gemma4:12b";"1";"Kaşık";"The clue is accurate and matches the word perfectly.";"";"freedict+kelly+frequencywords"
"B1";"Arsız";"CHEEKY";"Adjective";"3028";"AI onaylı";"ai_approved";"ollama:gemma4:12b";"1";"Arsız";"The clue is a correct and common translation for the adjective.";"";"freedict+kelly+frequencywords"
"B1";"Çilek";"STRAWBERRY";"Noun";"3030";"AI onaylı";"ai_approved";"ollama:gemma4:12b";"1";"Çilek";"The clue is accurate and matches the noun.";"";"freedict+kelly+frequencywords"
"B1";"Örümcek";"SPIDER";"Noun";"3031";"AI onaylı";"ai_approved";"ollama:gemma4:12b";"1";"Örümcek";"The clue 'Örümcek' is a direct and accurate translation for 'Spider'.";"Zarif";"freedict+kelly+frequencywords"
"B1";"Bebek";"DOLL";"Noun";"3032";"AI onaylı";"ai_approved";"ollama:gemma4:12b";"0.95";"Bebek";"While 'Kukla' is correct, 'Bebek' is the more common term for a toy doll in Turkish.";"";"freedict+kelly+frequencywords"
"B1";"Sis";"FOG";"Noun";"3039";"AI onaylı";"ai_approved";"ollama:gemma4:12b";"0.95";"Sis";"The current clue 'Duman' means 'Smoke'. 'Sis' is the correct translation for 'Fog'.";"";"freedict+kelly+frequencywords"
"B1";"Yün";"WOOL";"Noun";"3040";"AI onaylı";"ai_approved";"ollama:gemma4:12b";"1";"Yün";"The current clue 'Saf' means 'Pure'. 'Yün' is the correct translation for 'Wool'.";"Yün";"freedict+kelly+frequencywords"
"B1";"Mantar";"MUSHROOM";"Noun";"3042";"AI onaylı";"ai_approved";"ollama:gemma4:12b";"1";"Mantar";"The clue 'Mantar' is a direct and accurate translation for 'Mushroom'.";"";"freedict+kelly+frequencywords"
"B1";"Kanepe";"SETTEE";"Noun";"3044";"AI onaylı";"ai_approved";"ollama:gemma4:12b";"1";"Kanepe";"The clue 'Kanepe' is a direct and accurate translation for 'settee' at B1 level.";"";"freedict+kelly+frequencywords"
"B1";"Dökmek";"SPILL";"Verb";"3045";"AI onaylı";"ai_approved";"ollama:gemma4:12b";"0.95";"Dökmek";"While 'Düşürmek' is possible, 'Dökmek' is the primary verb for 'spill'. 'Dökmek' is a better single-word clue.";"Düşmek | Dökme";"freedict+kelly+frequencywords"
"B1";"Öksürük";"COUGH";"Verb";"3046";"AI onaylı";"ai_approved";"ollama:gemma4:12b";"1";"Öksürük";"The clue 'Öksürük' is a correct noun form for the action/condition of coughing.";"";"freedict+kelly+frequencywords"
"B1";"Canım";"HONEY";"Noun";"3047";"İnsan incelemesi";"needs_review";"ollama:gemma4:12b";"0.85";"Bal";"The clue 'Canım' is an affectionate term, but 'Honey' is primarily 'Bal'. Ambiguity between literal and figurative meaning.";"Sevgili | Bal";"freedict+kelly+frequencywords"
"B1";"Hakaret";"SLAP";"Verb";"3049";"AI reddi";"ai_rejected";"ollama:gemma4:12b";"0.9";"Tokat";"The clue 'Hakaret' means 'insult', which is not a direct translation for the physical action 'slap'.";"Birdenbire | Tokat | Ansızın";"freedict+kelly+frequencywords"
"B1";"Yanak";"CHEEK";"Noun";"3051";"AI onaylı";"ai_approved";"ollama:gemma4:12b";"1";"Yanak";"The clue 'Yanak' is a precise, single-word Turkish equivalent for 'cheek' at B1 level.";"";"freedict+kelly+frequencywords"
"B1";"Sıra";"LICK";"Verb";"3052";"AI reddi";"ai_rejected";"ollama:gemma4:12b";"0.95";"Yalamak";"The current clue 'Sıra' means 'turn' or 'row', which is incorrect for 'lick'. 'Yalamak' is the correct verb.";"Yenmek | Tokat | Yalamak";"freedict+kelly+frequencywords"
"B1";"Gül";"ROSE";"Noun";"3053";"AI onaylı";"ai_approved";"ollama:gemma4:12b";"1";"Gül";"The clue 'Gül' is the standard and unambiguous translation for 'rose'.";"Rozet";"freedict+kelly+frequencywords"
"B1";"Limon";"LEMON";"Noun";"3054";"AI onaylı";"ai_approved";"ollama:gemma4:12b";"1";"Limon";"The clue 'Limon' is a direct and correct translation.";"";"freedict+kelly+frequencywords"
"B1";"Çiğne";"CHEW";"Verb";"3055";"AI onaylı";"ai_approved";"ollama:gemma4:12b";"0.9";"Çiğne";"The current clue 'Çiğneme' is a noun (chewing), while 'Chew' is a verb. 'Çiğne' is the better verb form, but 'Çiğneme' is often accepted in some contexts. However, 'Çiğne' is more precise for the verb form.";"";"freedict+kelly+frequencywords"
"B1";"Epey";"TIDY";"Verb";"3056";"AI reddi";"ai_rejected";"ollama:gemma4:12b";"1";"Düzenli";"The current clue 'Epey' (quite/a lot) is unrelated to the meaning of 'Tidy' (neat/orderly).";"Düzenli";"freedict+kelly+frequencywords"
"B1";"Şok";"JAR";"Noun";"3058";"AI reddi";"ai_rejected";"ollama:gemma4:12b";"1";"Kavanoz";"The clue 'Şok' (shock) is incorrect; 'Kavanoz' is the correct noun for 'Jar'.";"Sarsıntı | Kavanoz | Batmak";"freedict+kelly+frequencywords"
"B1";"Abd";"HEATER";"Noun";"3061";"AI reddi";"ai_rejected";"ollama:gemma4:12b";"1";"Isıtıcı";"The clue 'Abd' (USA) is unrelated to 'Heater'. 'Isıtıcı' is the correct term.";"Ocak | Soba";"freedict+kelly+frequencywords"
"B1";"Tıraş";"SHAVE";"Verb";"3062";"AI onaylı";"ai_approved";"ollama:gemma4:12b";"1";"Tıraş";"The clue 'Tıraş' is a correct, single-word Turkish equivalent for the verb 'Shave'.";"";"freedict+kelly+frequencywords"
"B1";"Eksik";"BROKEN";"Adjective";"3063";"AI reddi";"ai_rejected";"ollama:gemma4:12b";"1";"Bozuk";"The clue 'Eksik' (missing) is not the primary meaning of 'Broken'. 'Bozuk' or 'Kırık' is more accurate.";"Bozuk | Kırılmış | Parçalanmış | Yarık";"freedict+kelly+frequencywords"
"B1";"Ayrılmak";"FORK";"Noun";"3064";"AI reddi";"ai_rejected";"ollama:gemma4:12b";"1";"Çatal";"The clue 'Ayrılmak' means 'to separate/split' (verb), but 'FORK' as a noun is 'Çatal'. The current clue is a different meaning.";"Çatal";"freedict+kelly+frequencywords"
"B1";"Dondurucu";"FREEZING";"Adjective";"3065";"AI onaylı";"ai_approved";"ollama:gemma4:12b";"0.95";"Dondurucu";"The clue 'Dondurucu' correctly matches the adjective 'FREEZING'.";"";"freedict+kelly+frequencywords"
"B1";"Biftek";"STEAK";"Noun";"3066";"AI onaylı";"ai_approved";"ollama:gemma4:12b";"0.98";"Biftek";"The clue 'Biftek' is the accurate and common translation for 'STEAK'.";"";"freedict+kelly+frequencywords"
"B1";"Çok";"SORE";"Adjective";"3067";"İnsan incelemesi";"needs_review";"ollama:gemma4:12b";"0.85";"Ağrılı";"The clue 'Çok' means 'much/very'. 'SORE' means 'ağrılı' or 'acıyan'. 'Çok' is ambiguous and potentially incorrect.";"Aşırı | Yara | Sinirli | Şiddetli";"freedict+kelly+frequencywords"
"B1";"Bozuk";"ROTTEN";"Adjective";"3068";"İnsan incelemesi";"needs_review";"ollama:gemma4:12b";"0.9";"Çürük";"The clue 'Bozuk' can mean 'broken' or 'spoiled'. 'Çürük' is the more specific and accurate term for 'ROTTEN'.";"Kötülük | Çürük | Çürümüş";"freedict+kelly+frequencywords"
"B1";"Kalorifer";"RADIATOR";"Noun";"3070";"AI onaylı";"ai_approved";"ollama:gemma4:12b";"1";"Kalorifer";"The clue 'Kalorifer' is a precise, single-word Turkish equivalent for 'Radiator' at B1 level.";"";"freedict+kelly+frequencywords"
"B1";"Korkmuş";"FRIGHTENED";"Adjective";"3071";"AI onaylı";"ai_approved";"ollama:gemma4:12b";"1";"Korkmuş";"The clue 'Korkmuş' is a correct and common single-word translation for 'Frightened'.";"";"freedict+kelly+frequencywords"
"B1";"Yapışkan";"STICKY";"Adjective";"3075";"AI onaylı";"ai_approved";"ollama:gemma4:12b";"1";"Yapışkan";"The clue 'Yapışkan' is a direct and accurate single-word translation for 'Sticky'.";"";"freedict+kelly+frequencywords"
"B1";"Kuaför";"HAIRDRESSER";"Noun";"3077";"AI onaylı";"ai_approved";"ollama:gemma4:12b";"0.95";"Kuaför";"While 'Berber' usually refers to a barber (men's hair), 'Kuaför' is the more standard term for a hairdresser, but 'Berber' is often used interchangeably in general contexts. However, 'Kuaför' is more precise for 'Hairdresser'.";"";"freedict+kelly+frequencywords"
"B1";"Herif";"MUG";"Noun";"3079";"AI reddi";"ai_rejected";"ollama:gemma4:12b";"1";"Kupa";"The current clue 'Herif' means 'guy/fellow' and is unrelated to the object 'Mug'. 'Kupa' is the correct translation.";"Surat | Ağız";"freedict+kelly+frequencywords"
"B1";"Sakız";"GUM";"Noun";"3080";"AI onaylı";"ai_approved";"ollama:gemma4:12b";"1";"Sakız";"The clue 'Sakız' is a precise, single-word Turkish equivalent for 'GUM' at the B1 level.";"";"freedict+kelly+frequencywords"
"B1";"Korkutmak";"FRIGHTEN";"Verb";"3082";"AI onaylı";"ai_approved";"ollama:gemma4:12b";"1";"Korkutmak";"The clue 'Korkutmak' is a direct and accurate single-word translation for the verb 'FRIGHTEN'.";"";"freedict+kelly+frequencywords"
"B1";"Katil";"BUTCHER";"Noun";"3089";"İnsan incelemesi";"needs_review";"ollama:gemma4:12b";"0.9";"Kasap";"The current clue 'Katil' (murderer) is an alternative meaning; 'Kasap' is the primary and more common meaning for 'BUTCHER'.";"Kasap | Cani";"freedict+kelly+frequencywords"
"B1";"Zavallı";"MISERABLE";"Adjective";"3091";"İnsan incelemesi";"needs_review";"ollama:gemma4:12b";"0.9";"Perişan";"The clue 'Zavallı' means 'pitiful/poor person', while 'Miserable' is an adjective meaning 'perişan' or 'mutsuz'. 'Perişan' is a better fit for the adjective form.";"Aşağılık | Mutsuz | Sefil | Perişan";"freedict+kelly+frequencywords"
"B1";"Takım";"PARCEL";"Noun";"3093";"AI reddi";"ai_rejected";"ollama:gemma4:12b";"0.95";"Paket";"The current clue 'Takım' (set/team) is incorrect for 'PARCEL'. The correct single-word clue should be 'Paket'.";"Çıkın | Miktar";"freedict+kelly+frequencywords"
"B1";"Sekizinci";"EIGHTH";"Number";"3097";"AI onaylı";"ai_approved";"ollama:gemma4:12b";"1";"Sekizinci";"The clue is a direct and accurate translation of the ordinal number.";"";"freedict+kelly+frequencywords"
"B1";"Dokuzuncu";"NINTH";"Number";"3098";"AI onaylı";"ai_approved";"ollama:gemma4:12b";"1";"Dokuzuncu";"The clue is a direct and accurate translation of the ordinal number.";"";"freedict+kelly+frequencywords"
"B1";"Onuncu";"TENTH";"number";"3099";"AI onaylı";"ai_approved";"ollama:gemma4:12b";"1";"Onuncu";"The clue is a direct and accurate translation of the ordinal number.";"";"freedict+kelly+frequencywords"
"B2";"Afganistan";"AFGHANISTAN";"Noun";"2499";"AI onaylı";"ai_approved";"ollama:gemma4:12b";"1";"Afganistan";"The clue is the correct proper noun translation.";"";"freedict+kelly+frequencywords"
"B2";"İlk";"PRIME";"Adjective";"2698";"İnsan incelemesi";"needs_review";"ollama:gemma4:12b";"0.85";"Asıl";"The word 'Prime' is polysemous (main, first, prime number). 'İlk' is okay but 'Asıl' or 'Başlıca' might be more specific depending on context.";"Baş | Asıl | Birinci | Başlangıç";"freedict+kelly+frequencywords"
"B2";"Korkunç";"DREADFUL";"Adjective";"3050";"AI reddi";"ai_rejected";"ollama:gemma4:12b";"1";"Berbat";"The current clue 'Korkunç' (terrible/fearful) is less accurate than 'Berbat' for the context of 'dreadful' in B2 level.";"Berbat | Heybetli";"freedict+kelly+frequencywords"
"B2";"Ticari";"COMMERCIAL";"Adjective";"3102";"AI onaylı";"ai_approved";"ollama:gemma4:12b";"1";"Ticari";"The clue is accurate, single-word, and matches the word class.";"";"freedict+kelly+frequencywords"
"B2";"Çalışmak";"ATTEMPT";"Noun";"3103";"AI reddi";"ai_rejected";"ollama:gemma4:12b";"1";"Deneme";"The current clue 'Çalışmak' means 'to work', which is incorrect for 'attempt' (deneme/teşebbüs).";"Deneme | Denemek | Teşebbüs | Kalkışma";"freedict+kelly+frequencywords"
"B2";"Ayırma";"SELECTION";"Noun";"3105";"AI reddi";"ai_rejected";"ollama:gemma4:12b";"1";"Seçim";"The current clue 'Ayırma' (separation) is not the primary meaning of 'selection' (seçim).";"";"freedict+kelly+frequencywords"
"B2";"Fiziksel";"PHYSICAL";"Adjective";"3106";"AI onaylı";"ai_approved";"ollama:gemma4:12b";"1";"Fiziksel";"The clue is accurate, single-word, and matches the word class.";"Maddi | Bedensel | Fiziki";"freedict+kelly+frequencywords"
"B2";"Faaliyet";"AGENCY";"Noun";"3108";"AI reddi";"ai_rejected";"ollama:gemma4:12b";"1";"Kurum";"The clue 'Faaliyet' means 'activity', which is not a synonym for 'agency' (kurum/ajans).";"Fail";"freedict+kelly+frequencywords"
"B2";"Ayrıntılı";"OVERALL";"Adjective";"3109";"AI reddi";"ai_rejected";"ollama:gemma4:12b";"1";"Genel";"The clue 'Ayrıntılı' means 'detailed', which is the opposite of 'overall' (genel).";"";"freedict+kelly+frequencywords"
"B2";"İlk";"INITIAL";"Adjective";"3113";"AI onaylı";"ai_approved";"ollama:gemma4:12b";"0.95";"İlk";"The clue 'Birinci' is acceptable, but 'İlk' is a more precise single-word synonym for 'initial'.";"Evvelki | Evvela";"freedict+kelly+frequencywords"
"B2";"Uzman";"EXPERT";"Noun";"3114";"AI onaylı";"ai_approved";"ollama:gemma4:12b";"0.95";"Uzman";"The clue 'Usta' is acceptable, but 'Uzman' is the standard translation for 'expert'.";"Uzman | Becerikli";"freedict+kelly+frequencywords"
"B2";"Bağlantı";"COMMITMENT";"Noun";"3116";"AI reddi";"ai_rejected";"ollama:gemma4:12b";"1";"Bağlılık";"The clue 'Bağlantı' means 'connection', not 'commitment' (bağlılık/adanmışlık).";"Vaat | Havale";"freedict+kelly+frequencywords"
"B2";"Fon";"FUND";"Noun";"3117";"AI onaylı";"ai_approved";"ollama:gemma4:12b";"1";"Fon";"The clue 'Fon' is a standard and accurate translation for 'Fund' in a financial context.";"Sermaye | Stok";"freedict+kelly+frequencywords"
"B2";"Rica";"REQUEST";"Noun";"3118";"AI onaylı";"ai_approved";"ollama:gemma4:12b";"1";"Rica";"The clue 'Rica' is a precise and common translation for 'Request' as a noun.";"Talep | Dilek | Yalvarmak";"freedict+kelly+frequencywords"
"B2";"Değiştirmek";"VARY";"Verb";"3120";"İnsan incelemesi";"needs_review";"ollama:gemma4:12b";"0.9";"Çeşitlenmek";"The clue 'Değiştirmek' is more synonymous with 'change'. 'Çeşitlenmek' or 'Değişmek' is closer to 'vary'.";"Değişmek";"freedict+kelly+frequencywords"
"B2";"Yapmak";"COMMIT";"Verb";"3121";"AI reddi";"ai_rejected";"ollama:gemma4:12b";"0.95";"Adamak";"The clue 'Yapmak' is too generic and does not capture the specific meaning of 'commit' (to pledge or perform an act).";"";"freedict+kelly+frequencywords"
"B2";"Karmaşık";"COMPLEX";"Adjective";"3123";"AI onaylı";"ai_approved";"ollama:gemma4:12b";"1";"Karmaşık";"The clue 'Karışık' is acceptable, but 'Karmaşık' is the primary adjective for 'Complex'.";"Karmaşık | Karmaşa | Mürekkep | Güçlük";"freedict+kelly+frequencywords"
"B2";"Teori";"THEORY";"Noun";"3125";"AI onaylı";"ai_approved";"ollama:gemma4:12b";"1";"Teori";"The clue is a direct and accurate translation of the word 'theory' in Turkish.";"";"freedict+kelly+frequencywords"
"B2";"Çevirmek";"SURROUND";"Verb";"3127";"AI reddi";"ai_rejected";"ollama:gemma4:12b";"1";"Çevirmek";"The clue 'Çevirmek' is incorrect for 'surround'. The correct Turkish verb is 'Çevirmek' (to turn) or 'Kuşatmak' (to surround/surround). 'Çevirmek' is a typo or wrong word.";"Etraf";"freedict+kelly+frequencywords"
"B2";"Edinmek";"ADOPT";"Verb";"3131";"AI onaylı";"ai_approved";"ollama:gemma4:12b";"0.95";"Edinmek";"The word 'Edinmek' is a correct and common translation for 'adopt' in the context of adopting a policy or a child.";"";"freedict+kelly+frequencywords"
"B2";"Göstermek";"DISPLAY";"Verb";"3133";"AI onaylı";"ai_approved";"ollama:gemma4:12b";"0.95";"Göstermek";"The clue 'Göstermek' is a standard translation for 'display' or 'show'.";"Gösterme | Gösteriş | Arz | Teşhir";"freedict+kelly+frequencywords"
"B2";"Nesil";"GENERATION";"Noun";"3134";"AI onaylı";"ai_approved";"ollama:gemma4:12b";"0.95";"Nesil";"The word 'Nesil' is the correct and most common translation for 'generation'.";"Soy | Doğuş";"freedict+kelly+frequencywords"
"B2";"Tam";"ENTIRE";"Adjective";"3135";"AI onaylı";"ai_approved";"ollama:gemma4:12b";"1";"Tam";"The clue 'Tam' is a correct, single-word synonym for 'Entire' at B2 level.";"Tam | Bütün";"freedict+kelly+frequencywords"
"B2";"Keskin";"POWERFUL";"Adjective";"3136";"İnsan incelemesi";"needs_review";"ollama:gemma4:12b";"0.9";"Güçlü";"The current clue 'Keskin' means 'sharp' and is not the primary meaning of 'Powerful'. 'Güçlü' is a better fit.";"Kuvvetli | Kuvvet | Kudretli";"freedict+kelly+frequencywords"
"B2";"Çekmek";"ATTRACT";"Verb";"3138";"AI onaylı";"ai_approved";"ollama:gemma4:12b";"1";"Çekmek";"The clue 'Çekmek' is a standard, single-word translation for 'Attract'.";"Cazip | Cazibe";"freedict+kelly+frequencywords"
"B2";"Paket";"PACKAGE";"Noun";"3139";"AI onaylı";"ai_approved";"ollama:gemma4:12b";"1";"Paket";"The clue 'Paket' is a direct and accurate translation.";"";"freedict+kelly+frequencywords"
"B2";"Kesin";"CATEGORY";"Noun";"3140";"AI reddi";"ai_rejected";"ollama:gemma4:12b";"0.95";"Kategori";"The current clue 'Kesin' means 'certain/definite' and is unrelated to 'Category'. 'Kategori' is the correct term.";"Bölüm | Sınıf | Tabaka | Kategori";"freedict+kelly+frequencywords"
"B2";"Son";"CONCLUSION";"Noun";"3141";"İnsan incelemesi";"needs_review";"ollama:gemma4:12b";"1";"Sonuç";"The current clue 'Son' is ambiguous (could mean 'last' or 'son'). 'Sonuç' is a more precise and accurate synonym for 'Conclusion'.";"Karar | Nihayet | Sonuç | Ceza";"freedict+kelly+frequencywords"
"B2";"Birlik";"COMBINATION";"Noun";"3143";"AI reddi";"ai_rejected";"ollama:gemma4:12b";"1";"Birleşim";"The clue 'Birlik' means 'unity' or 'union', which is not the most accurate translation for 'Combination'. 'Birleşim' or 'Karma' is better.";"Karıştırma | Birleştirme";"freedict+kelly+frequencywords"
"B2";"Sınırlı";"LIMITED";"Adjective";"3146";"AI onaylı";"ai_approved";"ollama:gemma4:12b";"1";"Sınırlı";"The clue 'Sınırlı' is a direct and accurate translation for 'Limited'.";"Kısıtlı | Sayılı | Çevrilmiş | Parçalı";"freedict+kelly+frequencywords"
"B2";"Başka";"ALTERNATIVE";"Noun";"3150";"AI reddi";"ai_rejected";"ollama:gemma4:12b";"1";"Alternatif";"The clue 'Başka' is an adjective/adverb meaning 'other'. 'Alternative' is a noun. 'Alternatif' or 'Seçenek' is more accurate.";"Diğer | Şık | Çare";"freedict+kelly+frequencywords"
"B2";"Gösterme";"EXHIBITION";"Noun";"3153";"AI reddi";"ai_rejected";"ollama:gemma4:12b";"1";"Sergi";"The clue 'Gösterme' is a gerund/verb form. 'Sergi' is the standard noun for 'Exhibition'.";"Arz | Sergi | Teşhir";"freedict+kelly+frequencywords"
"B2";"Resmi";"OFFICIAL";"Adjective";"3155";"AI onaylı";"ai_approved";"ollama:gemma4:12b";"1";"Resmi";"The clue 'Resmi' is a direct and accurate translation for 'OFFICIAL' at B2 level.";"";"freedict+kelly+frequencywords"
"B2";"Güzel";"DELIGHT";"Verb";"3164";"İnsan incelemesi";"needs_review";"ollama:gemma4:12b";"0.85";"Zevk";"The current clue 'Güzel' (Beautiful) is too broad and doesn't capture the specific meaning of 'Delight' as a verb or noun. 'Zevk' or 'Keyif' is more accurate.";"Zevk | Eğlenmek | Keyif | Memnuniyetle";"freedict+kelly+frequencywords"
"B2";"Sürekli";"CONSTANT";"Adjective";"3169";"AI onaylı";"ai_approved";"ollama:gemma4:12b";"1";"Sürekli";"The clue 'Sürekli' is a precise and common translation for 'CONSTANT'.";"Sadık | Sabit | Devamlı | Değişmez";"freedict+kelly+frequencywords"
"B2";"Reddetmek";"REJECT";"Verb";"3172";"AI onaylı";"ai_approved";"ollama:gemma4:12b";"1";"Reddetmek";"The clue 'Reddetmek' is the correct and standard translation for 'REJECT'.";"";"freedict+kelly+frequencywords"
"B2";"Aile";"HOUSEHOLD";"Noun";"3173";"AI reddi";"ai_rejected";"ollama:gemma4:12b";"0.9";"";"The clue 'Aile' (Family) is not a direct translation for 'HOUSEHOLD' (Ev/Ev işi). 'Ev' or 'Hane' would be more accurate.";"";"freedict+kelly+frequencywords"
"B2";"Servet";"WEALTH";"Noun";"3175";"AI onaylı";"ai_approved";"ollama:gemma4:12b";"0.95";"Servet";"The word 'Servet' is a more precise synonym for wealth than 'Para' (money).";"Mal | Servet | Varlık | Zenginlik";"freedict+kelly+frequencywords"
"B2";"Garip";"NOVEL";"Noun";"3177";"AI reddi";"ai_rejected";"ollama:gemma4:12b";"0.9";"Roman";"The clue 'Garip' means 'strange'. 'Novel' as a noun means 'Roman'. The current clue is incorrect.";"Tuhaf | Yeni";"freedict+kelly+frequencywords"
"B2";"Tipik";"CHARACTERISTIC";"Noun";"3179";"AI reddi";"ai_rejected";"ollama:gemma4:12b";"0.95";"Özellik";"The clue 'Tipik' means 'typical'. 'Özellik' is the correct translation for 'characteristic'.";"Özellik";"freedict+kelly+frequencywords"
"B2";"Etki";"EFFICIENCY";"Noun";"3182";"AI reddi";"ai_rejected";"ollama:gemma4:12b";"0.95";"Verimlilik";"The clue 'Etki' means 'effect'. 'Verimlilik' is the correct translation for 'efficiency'.";"Ehliyet | Tesir";"freedict+kelly+frequencywords"
"B2";"Küçük";"MINOR";"Adjective";"3183";"AI onaylı";"ai_approved";"ollama:gemma4:12b";"0.95";"Küçük";"The clue 'Küçük' is a valid and common translation for 'minor' in this context.";"";"freedict+kelly+frequencywords"
"B2";"Bağlamak";"RESTRICT";"Verb";"3184";"AI reddi";"ai_rejected";"ollama:gemma4:12b";"1";"Kısıtlamak";"The clue 'Bağlamak' means 'to connect/tie', which is not a synonym for 'RESTRICT'. 'Kısıtlamak' is the correct one-word synonym.";"Bağlayıcı";"freedict+kelly+frequencywords"
"B2";"Azaltmak";"MODIFY";"Verb";"3185";"AI reddi";"ai_rejected";"ollama:gemma4:12b";"1";"Değiştirmek";"The clue 'Azaltmak' means 'to reduce'. While related in some contexts, 'Değiştirmek' is the direct synonym for 'MODIFY'.";"Hafifletmek";"freedict+kelly+frequencywords"
"B2";"Görev";"COMMISSION";"Verb";"3187";"AI reddi";"ai_rejected";"ollama:gemma4:12b";"1";"Görevlendirmek";"The clue 'Görev' is a noun, but 'COMMISSION' is a verb. 'Görevlendirmek' is the correct verb form.";"Mahvetmek | Yıkmak | Kurul | Eylem";"freedict+kelly+frequencywords"
"B2";"Parça";"MASS";"Noun";"3188";"AI reddi";"ai_rejected";"ollama:gemma4:12b";"1";"Kütle";"The clue 'Parça' means 'piece'. 'Kütle' is the correct scientific/physical term for 'MASS'.";"Top | Yığın | Kütle | Cisim";"freedict+kelly+frequencywords"
"B2";"Uyumlu";"MUSICAL";"Adjective";"3191";"AI reddi";"ai_rejected";"ollama:gemma4:12b";"1";"Müzikal";"The clue 'Uyumlu' means 'harmonious'. 'MUSICAL' as an adjective usually refers to 'Müzikal' or 'Müzikle ilgili'.";"Müzikle";"freedict+kelly+frequencywords"
"B2";"Tutmak";"OCCUPY";"Verb";"3192";"AI reddi";"ai_rejected";"ollama:gemma4:12b";"1";"İşgal";"The clue 'Tutmak' is too broad and can mean many things. 'İşgal' is the specific verb for 'occupy'.";"";"freedict+kelly+frequencywords"
"B2";"Çay";"STREAM";"Noun";"3196";"AI reddi";"ai_rejected";"ollama:gemma4:12b";"1";"Dere";"The clue 'Çay' is ambiguous (can mean tea or stream). 'Dere' is the specific geographical term.";"Gidiş | Akıntı | Akım | Dere";"freedict+kelly+frequencywords"
"B2";"Fark";"DIVERSITY";"Noun";"3197";"AI reddi";"ai_rejected";"ollama:gemma4:12b";"1";"Çeşitlilik";"The clue 'Fark' means 'difference'. 'Çeşitlilik' is the correct translation for 'diversity'.";"Çeşit | Nevi | Cins | Çeşitlilik";"freedict+kelly+frequencywords"
"B2";"Tünel";"GALLERY";"Noun";"3200";"AI reddi";"ai_rejected";"ollama:gemma4:12b";"1";"Galeri";"The clue 'Tünel' means 'tunnel'. 'Galeri' or 'Sergi' is the correct term for 'gallery'.";"Salon | Koridor";"freedict+kelly+frequencywords"
"B2";"Açık";"APPARENT";"Adjective";"3202";"AI reddi";"ai_rejected";"ollama:gemma4:12b";"1";"Belirgin";"The clue 'Açık' is too vague. 'Belirgin' or 'Görünür' are accurate translations for 'apparent'.";"Galiba";"freedict+kelly+frequencywords"
"B2";"Modern";"LATTER";"Pronoun";"3205";"AI reddi";"ai_rejected";"ollama:gemma4:12b";"1";"İkincisi";"The clue 'Modern' is unrelated to the meaning of 'Latter' (the second of two mentioned).";"İkincisi";"freedict+kelly+frequencywords"
"B2";"Engel";"BARRIER";"Noun";"3207";"AI reddi";"ai_rejected";"ollama:gemma4:12b";"1";"Engel";"While 'Engel' is a synonym, 'Engel' is often used as a verb or abstract concept; 'Bariyer' or 'Engel' (as a noun) is okay, but 'Engel' is slightly ambiguous. However, 'Engel' is a valid synonym, but 'Bariyer' is more precise for 'Barrier'.";"Çit";"freedict+kelly+frequencywords"
"B2";"Zor";"STRESS";"Noun";"3209";"AI reddi";"ai_rejected";"ollama:gemma4:12b";"1";"Stres";"The clue 'Zor' (Difficult) is an adjective and does not match the noun 'Stress'. 'Stres' is the correct noun.";"Şiddet | Önem | Basınç | Ağırlık";"freedict+kelly+frequencywords"
"B2";"Açık";"VISIBLE";"Adjective";"3211";"AI reddi";"ai_rejected";"ollama:gemma4:12b";"1";"Görünür";"The clue 'Açık' means 'Open' or 'Clear', which is not the direct translation for 'Visible'.";"Görünür | Görülür";"freedict+kelly+frequencywords"
"B2";"Şartlar";"SPECIFICATION";"Noun";"3213";"AI reddi";"ai_rejected";"ollama:gemma4:12b";"1";"Özellik";"The clue 'Şartlar' means 'Conditions'. 'Özellik' or 'Teknik' is a better single-word fit for 'Specification'.";"Tayin | Ayrıntılar";"freedict+kelly+frequencywords"
"B2";"Aday";"APPLICANT";"Noun";"3214";"AI onaylı";"ai_approved";"ollama:gemma4:12b";"1";"Aday";"The word 'Aday' is a precise, single-word Turkish equivalent for 'Applicant' in a formal context.";"";"freedict+kelly+frequencywords"
"B2";"Donanımlamak";"EQUIP";"Verb";"3216";"AI onaylı";"ai_approved";"ollama:gemma4:12b";"0.95";"Donanımlamak";"While 'Hazırlamak' is okay, 'Donanımlamak' is a more precise technical translation for 'Equip'.";"";"freedict+kelly+frequencywords"
"B2";"Islah";"REFORM";"Noun";"3217";"İnsan incelemesi";"needs_review";"ollama:gemma4:12b";"0.8";"Reform";"The Turkish word 'Islah' is slightly archaic; 'Reform' is more common in modern usage.";"";"freedict+kelly+frequencywords"
"B2";"Aşmak";"EXCEED";"Verb";"3218";"AI onaylı";"ai_approved";"ollama:gemma4:12b";"0.95";"Aşmak";"The clue 'Geçmek' is acceptable, but 'Aşmak' is the more accurate translation for 'Exceed'.";"Aşmak | Ziyadesiyle";"freedict+kelly+frequencywords"
"B2";"Liman";"PORT";"Noun";"3219";"AI onaylı";"ai_approved";"ollama:gemma4:12b";"1";"Liman";"The word 'Liman' is the standard and correct single-word translation for 'Port'.";"Duruş";"freedict+kelly+frequencywords"
"B2";"Desteklemek";"STRENGTHEN";"Verb";"3220";"İnsan incelemesi";"needs_review";"ollama:gemma4:12b";"0.9";"Güçlendirmek";"The current clue 'Desteklemek' (to support) is a related meaning but 'Güçlendirmek' is the more precise direct translation for 'strengthen'.";"";"freedict+kelly+frequencywords"
"B2";"Gelir";"REVENUE";"Noun";"3221";"AI onaylı";"ai_approved";"ollama:gemma4:12b";"1";"Gelir";"The clue is accurate, single-word, and matches the noun category.";"";"freedict+kelly+frequencywords"
"B2";"Tasvip";"APPROVAL";"Noun";"3223";"AI onaylı";"ai_approved";"ollama:gemma4:12b";"1";"Tasvip";"The clue is accurate and matches the noun category.";"";"freedict+kelly+frequencywords"
"B2";"Düzenleme";"FORMATION";"Noun";"3226";"İnsan incelemesi";"needs_review";"ollama:gemma4:12b";"0.9";"Oluşum";"The current clue 'Düzenleme' (arrangement) is slightly different from 'Oluşum' (formation/formation of something).";"Oluş";"freedict+kelly+frequencywords"
"B2";"Kapsama";"INCLUSION";"Noun";"3227";"AI onaylı";"ai_approved";"ollama:gemma4:12b";"1";"Kapsama";"The clue is accurate and matches the noun category.";"";"freedict+kelly+frequencywords"
"B2";"Destek";"SPONSOR";"Verb";"3228";"İnsan incelemesi";"needs_review";"ollama:gemma4:12b";"1";"Sponsor";"The word 'Sponsor' is a noun/verb, but the clue 'Destek' is a noun. 'Desteklemek' is the verb form. Since the partOfSpeech is Verb, 'Sponsor' is a better direct match, but 'Destek' is slightly ambiguous for a verb entry.";"Desteklemek | Kefil";"freedict+kelly+frequencywords"
"B2";"Makinist";"ENGINEER";"Noun";"3230";"AI reddi";"ai_rejected";"ollama:gemma4:12b";"1";"Mühendis";"The clue 'Makinist' refers to a machinist or operator. The correct Turkish equivalent for 'Engineer' is 'Mühendis'.";"";"freedict+kelly+frequencywords"
"B2";"Uygun";"ADEQUATE";"Adjective";"3231";"AI onaylı";"ai_approved";"ollama:gemma4:12b";"1";"Uygun";"The clue 'Uygun' is a correct, single-word synonym for 'Adequate' at the B2 level.";"Elverişli";"freedict+kelly+frequencywords"
"B2";"Sistem";"REGIME";"Noun";"3232";"İnsan incelemesi";"needs_review";"ollama:gemma4:12b";"1";"Rejim";"The clue 'Sistem' is too broad. 'Rejim' is the specific political/social term for 'Regime'.";"İdare | Usul";"freedict+kelly+frequencywords"
"B2";"Haftalık";"WEEKLY";"Adjective";"3234";"AI onaylı";"ai_approved";"ollama:gemma4:12b";"1";"Haftalık";"The clue 'Haftalık' is a perfect single-word translation for 'Weekly'.";"";"freedict+kelly+frequencywords"
"B2";"Alan";"DOMAIN";"Noun";"3235";"AI onaylı";"ai_approved";"ollama:gemma4:12b";"0.95";"Alan";"The clue 'Alan' is a correct and common synonym for 'Domain' in this context.";"Mal | Arazi | Saha | Mülk";"freedict+kelly+frequencywords"
"B2";"Kimyasal";"CHEMICAL";"Noun";"3237";"AI onaylı";"ai_approved";"ollama:gemma4:12b";"0.98";"Kimyasal";"The clue is accurate and matches the word type.";"";"freedict+kelly+frequencywords"
"B2";"Genişleme";"EXPANSION";"Noun";"3238";"AI onaylı";"ai_approved";"ollama:gemma4:12b";"0.95";"Genişleme";"While 'Büyüme' is acceptable, 'Genişleme' is a more precise translation for 'Expansion'.";"Genişleme";"freedict+kelly+frequencywords"
"B2";"Şişman";"DIMENSION";"Noun";"3239";"AI reddi";"ai_rejected";"ollama:gemma4:12b";"0.9";"Boyut";"The current clue 'Şişman' means 'fat' and is completely unrelated to 'Dimension'.";"Boyut | Ölçü";"freedict+kelly+frequencywords"
"B2";"Zorlamak";"URGE";"Verb";"3240";"İnsan incelemesi";"needs_review";"ollama:gemma4:12b";"0.85";"Dürtü";"The clue 'Zorlamak' is a verb (to force), while 'Urge' can be a noun (impulse/urge). 'Dürtü' is a better noun match.";"Zorlama | Kışkırtmak | Dürtü | Kışkırtma";"freedict+kelly+frequencywords"
"B2";"Hızlı";"RAPID";"Adjective";"3241";"İnsan incelemesi";"needs_review";"ollama:gemma4:12b";"1";"Süratli";"The current clue 'Hızlı' is correct but 'Süratli' is a more precise synonym for 'Rapid' in a B2 context. 'Hızlı' is very common.";"Tez | Süratli";"freedict+kelly+frequencywords"
"B2";"Kanuni";"STATUTORY";"Adjective";"3244";"AI onaylı";"ai_approved";"ollama:gemma4:12b";"0.95";"Kanuni";"The clue 'Kanuni' is a precise, single-word equivalent for 'Statutory' at the B2 level.";"";"freedict+kelly+frequencywords"
"B2";"Yatırım";"ENTERPRISE";"Noun";"3245";"AI reddi";"ai_rejected";"ollama:gemma4:12b";"1";"Teşebbüs";"The current clue 'Yatırım' means 'Investment', which is not a direct synonym for 'Enterprise'. 'Teşebbüs' is the correct term.";"Teşebbüs";"freedict+kelly+frequencywords"
"B2";"Anlamak";"PERCEIVE";"Verb";"3247";"İnsan incelemesi";"needs_review";"ollama:gemma4:12b";"1";"Algılamak";"The clue 'Anlamak' (to understand) is a bit broad. 'Algılamak' is a more accurate translation for 'Perceive'.";"";"freedict+kelly+frequencywords"
"B2";"Hedef";"DESTINATION";"Noun";"3248";"AI onaylı";"ai_approved";"ollama:gemma4:12b";"0.98";"Hedef";"The clue 'Hedef' is a perfect single-word synonym for 'Destination'.";"";"freedict+kelly+frequencywords"
"B2";"Dövüş";"ENCOUNTER";"Verb";"3249";"AI reddi";"ai_rejected";"ollama:gemma4:12b";"1";"Karşılaşma";"The clue 'Dövüş' (Fight) is incorrect for 'Encounter'. The correct meaning is 'Karşılaşma' or 'Karşılaşmak'.";"Tesadüf | Karşılamak | Karşılaşma";"freedict+kelly+frequencywords"
"B2";"Kabul";"ADMISSION";"Noun";"3252";"AI onaylı";"ai_approved";"ollama:gemma4:12b";"0.95";"Kabul";"The clue 'Kabul' is a correct and common synonym for 'Admission' in this context.";"";"freedict+kelly+frequencywords"
"B2";"Cazibe";"ATTRACTION";"Noun";"3253";"AI onaylı";"ai_approved";"ollama:gemma4:12b";"0.95";"Cazibe";"The clue 'Cazibe' is a valid and accurate translation for 'Attraction'.";"";"freedict+kelly+frequencywords"
"B2";"Kuvvetli";"DYNAMIC";"Adjective";"3258";"AI reddi";"ai_rejected";"ollama:gemma4:12b";"1";"Dinamik";"The clue 'Kuvvetli' (Strong) is not a direct synonym for 'Dynamic'. 'Dinamik' is the correct term.";"Enerjik | Dinamik | Faal";"freedict+kelly+frequencywords"
"B2";"Zor";"OBLIGATION";"Noun";"3259";"AI reddi";"ai_rejected";"ollama:gemma4:12b";"1";"Yükümlülük";"The clue 'Zor' (Hard/Difficult) is incorrect. 'Obligation' means 'Yükümlülük' or 'Zorunluluk'.";"Borç | Farz | Ödev";"freedict+kelly+frequencywords"
"B2";"Büyük";"PRINCIPAL";"Adjective";"3260";"AI reddi";"ai_rejected";"ollama:gemma4:12b";"1";"Ana";"The clue 'Büyük' (Big) is too generic and can refer to many words. 'Ana' is the specific adjective for 'Principal' in this context.";"Baş | Ana | Başkan | Asıl";"freedict+kelly+frequencywords"
"B2";"Susturmak";"POSE";"Verb";"3261";"AI reddi";"ai_rejected";"ollama:gemma4:12b";"1";"Duruş";"The clue 'Susturmak' (to hush) is a completely different verb. 'Duruş' or 'Poz' are correct for 'Pose'.";"Poz | Şaşırtmak | Duruş | Vaziyet";"freedict+kelly+frequencywords"
"B2";"İyileşme";"RECOVERY";"Noun";"3270";"AI onaylı";"ai_approved";"ollama:gemma4:12b";"1";"İyileşme";"The clue is accurate, single-word, and matches the noun form of the word.";"";"freedict+kelly+frequencywords"
"B2";"Kullanmak";"GOVERN";"Verb";"3273";"AI reddi";"ai_rejected";"ollama:gemma4:12b";"1";"Yönetmek";"The clue 'Kullanmak' (to use) is incorrect. 'Yönetmek' is the correct translation for 'Govern'.";"Çevirmek | Yönetmek";"freedict+kelly+frequencywords"
"B2";"Kurmak";"CONSTITUTE";"Verb";"3274";"AI reddi";"ai_rejected";"ollama:gemma4:12b";"1";"Oluşturmak";"The clue 'Kurmak' (to establish/found) is close but 'Oluşturmak' is a more precise translation for 'Constitute'.";"";"freedict+kelly+frequencywords"
"B2";"Şüpheli";"SUSPECT";"Verb";"3286";"AI onaylı";"ai_approved";"ollama:gemma4:12b";"1";"Şüpheli";"The clue 'Şüpheli' is a direct and accurate translation for 'SUSPECT' as a noun/adjective.";"Sanık";"freedict+kelly+frequencywords"
"B2";"Çıkarma";"EXPOSURE";"Noun";"3287";"AI reddi";"ai_rejected";"ollama:gemma4:12b";"0.95";"Maruziyet";"The clue 'Çıkarma' is incorrect for 'EXPOSURE'. 'Maruziyet' or 'Açığa çıkarma' is more accurate.";"Açma | Teşhir";"freedict+kelly+frequencywords"
"B2";"Kaybetmek";"CAST";"Verb";"3288";"AI reddi";"ai_rejected";"ollama:gemma4:12b";"0.95";"Fırlatmak";"The clue 'Kaybetmek' is incorrect for 'CAST'. 'Fırlatmak' or 'Oylamak' are better fits.";"Ayrılmak | Şans | Saç | Toplamak";"freedict+kelly+frequencywords"
"B2";"Birlikte";"CONJUNCTION";"Noun";"3290";"AI reddi";"ai_rejected";"ollama:gemma4:12b";"0.95";"Bağlaç";"The clue 'Birlikte' is an adverb/adjective; 'CONJUNCTION' is a grammatical term meaning 'Bağlaç'.";"Tesadüf | Birleşme | Rastlantı";"freedict+kelly+frequencywords"
"B2";"Sağlamak";"ACCOMMODATE";"Verb";"3291";"AI reddi";"ai_rejected";"ollama:gemma4:12b";"0.95";"Barındırmak";"The clue 'Sağlamak' is too general. 'Barındırmak' or 'Yerleştirmek' are more accurate for 'ACCOMMODATE'.";"Yerleştirmek";"freedict+kelly+frequencywords"
"B2";"Koruma";"CONSERVATION";"Noun";"3292";"AI onaylı";"ai_approved";"ollama:gemma4:12b";"1";"Koruma";"The clue 'Koruma' is a precise, single-word Turkish equivalent for 'Conservation' in a conservation/protection context.";"Toprak | Muhafaza";"freedict+kelly+frequencywords"
"B2";"Keşif";"DISCOVERY";"Noun";"3294";"AI onaylı";"ai_approved";"ollama:gemma4:12b";"1";"Keşif";"The clue 'Keşif' is the standard and accurate translation for 'Discovery'.";"Bulgu";"freedict+kelly+frequencywords"
"B2";"Uyum";"ACCORDANCE";"Noun";"3296";"AI onaylı";"ai_approved";"ollama:gemma4:12b";"1";"Uyum";"The clue 'Uyum' correctly represents 'Accordance' as a single-word noun.";"Ahenk";"freedict+kelly+frequencywords"
"B2";"Tutmak";"SUSTAIN";"Verb";"3300";"İnsan incelemesi";"needs_review";"ollama:gemma4:12b";"0.9";"Sürdürmek";"The current clue 'Tutmak' (to hold) is too broad and can be ambiguous for 'Sustain' (to maintain/continue). 'Sürdürmek' is more precise.";"Çekmek | Taşımak | Dayanmak";"freedict+kelly+frequencywords"
"B2";"Çıkarma";"DETECT";"Verb";"3301";"AI reddi";"ai_rejected";"ollama:gemma4:12b";"1";"Tespit";"The current clue 'Çıkarma' (extraction/taking out) is incorrect for 'Detect'. 'Tespit' or 'Algılama' would be correct.";"Meydana | Keşfetmek | Bulma";"freedict+kelly+frequencywords"
"B2";"İtaat";"SUBMISSION";"Noun";"3303";"AI reddi";"ai_rejected";"ollama:gemma4:12b";"1";"Teslimiyet";"The clue 'İtaat' (obedience) is not the best fit for 'submission' in this context; 'Teslimiyet' is more accurate.";"Tevazu";"freedict+kelly+frequencywords"
"B2";"Başlamak";"COMMENCE";"Verb";"3305";"AI onaylı";"ai_approved";"ollama:gemma4:12b";"1";"Başlamak";"The clue is accurate, single-word, and matches the verb form.";"";"freedict+kelly+frequencywords"
"B2";"Hediye";"DONATION";"Noun";"3306";"AI reddi";"ai_rejected";"ollama:gemma4:12b";"1";"Bağış";"The clue 'Hediye' (gift) is ambiguous; 'Bağış' is the precise term for donation.";"Bağış";"freedict+kelly+frequencywords"
"B2";"Çıkarmak";"EXTRACT";"Verb";"3307";"AI onaylı";"ai_approved";"ollama:gemma4:12b";"1";"Çıkarmak";"The clue is a standard and accurate translation for the verb.";"Çekmek | Ruh | Seçmek | Özet";"freedict+kelly+frequencywords"
"B2";"Demek";"BID";"Noun";"3308";"AI reddi";"ai_rejected";"ollama:gemma4:12b";"1";"Teklif";"The clue 'Demek' (to say/mean) is incorrect for 'bid' (offer/tender).";"Teklif | Davet | Söylemek | Arzu";"freedict+kelly+frequencywords"
"B2";"Görüşme";"NEGOTIATION";"Noun";"3310";"İnsan incelemesi";"needs_review";"ollama:gemma4:12b";"0.9";"Müzakere";"The clue 'Görüşme' is too broad and can mean 'meeting' or 'interview'. 'Müzakere' is the precise term for negotiation.";"Müzakere";"freedict+kelly+frequencywords"
"B2";"Hazır";"FORTHCOMING";"Adjective";"3311";"AI reddi";"ai_rejected";"ollama:gemma4:12b";"0.95";"Yaklaşan";"The clue 'Hazır' (ready) is not a direct synonym for 'forthcoming' (upcoming/about to happen). 'Yaklaşan' is more accurate.";"Gelecek | Mevcut | Varış | Geliş";"freedict+kelly+frequencywords"
"B2";"Çıkarmak";"ELIMINATE";"Verb";"3312";"İnsan incelemesi";"needs_review";"ollama:gemma4:12b";"0.9";"";"The clue 'Çıkarmak' is ambiguous (can mean 'to take out' or 'to remove'). 'Yok etmek' or 'Elemek' is more specific for eliminate.";"Atmak";"freedict+kelly+frequencywords"
"B2";"Başka";"DISTINCT";"Adjective";"3313";"AI reddi";"ai_rejected";"ollama:gemma4:12b";"0.95";"Farklı";"The clue 'Başka' means 'other'. 'Distinct' means 'different' or 'separate'. 'Farklı' is the correct synonym.";"Farklı | Açık | Ayrı | Şüphesiz";"freedict+kelly+frequencywords"
"B2";"Tercüme";"TRANSLATION";"Noun";"3316";"AI onaylı";"ai_approved";"ollama:gemma4:12b";"0.98";"Tercüme";"The clue 'Tercüme' is a precise and common synonym for translation.";"Çeviri";"freedict+kelly+frequencywords"
"B2";"Fevkalade";"STUNNING";"Adjective";"3317";"AI onaylı";"ai_approved";"ollama:gemma4:12b";"1";"Fevkalade";"The clue 'Fevkalade' is a precise, single-word synonym for 'Stunning' at B2 level.";"";"freedict+kelly+frequencywords"
"B2";"Tahmin";"ASSUMPTION";"Noun";"3319";"İnsan incelemesi";"needs_review";"ollama:gemma4:12b";"0.9";"Varsayım";"The current clue 'Tahmin' is slightly different from 'Assumption' (Varsayım). 'Varsayım' is a more accurate single-word match.";"Gurur | Farz | Poz | Tavır";"freedict+kelly+frequencywords"
"B2";"Olmak";"UNDERGO";"Verb";"3320";"İnsan incelemesi";"needs_review";"ollama:gemma4:12b";"0.9";"Katlanmak";"The clue 'Olmak' is too generic and ambiguous for 'Undergo'. 'Katlanmak' or 'Geçirmek' are better, but 'Katlanmak' is a strong single-word choice.";"Geçirmek | Katlanmak | Uğramak";"freedict+kelly+frequencywords"
"B2";"Adamak";"DEVOTE";"Verb";"3322";"AI onaylı";"ai_approved";"ollama:gemma4:12b";"1";"Adamak";"The clue 'Adamak' is a perfect single-word synonym for 'Devote' at B2 level.";"";"freedict+kelly+frequencywords"
"B2";"Borç";"LIABILITY";"Noun";"3324";"İnsan incelemesi";"needs_review";"ollama:gemma4:12b";"0.9";"Sorumluluk";"The clue 'Borç' (Debt) is a specific type of liability, but 'Sorumluluk' is the broader and more accurate translation for 'Liability'.";"Sorumluluk | Pasif | Taahhüt";"freedict+kelly+frequencywords"
"B2";"Kavga";"DISPUTE";"Noun";"3326";"İnsan incelemesi";"needs_review";"ollama:gemma4:12b";"1";"Tartışma";"The current clue 'Kavga' (fight) is too broad and can imply physical violence. 'Tartışma' is a more accurate synonym for 'dispute' in a formal/B2 context.";"Mücadele | Tartışma | Tartışmak | Münakaşa";"freedict+kelly+frequencywords"
"B2";"İdari";"ADMINISTRATIVE";"Adjective";"3329";"AI onaylı";"ai_approved";"ollama:gemma4:12b";"1";"İdari";"The clue is accurate, matches the part of speech, and is a standard translation.";"";"freedict+kelly+frequencywords"
"B2";"Fikir";"NOTION";"Noun";"3330";"AI onaylı";"ai_approved";"ollama:gemma4:12b";"0.95";"Fikir";"The clue 'Fikir' is a correct and common translation for 'notion' at the B2 level.";"Bilgi | Tasarım | Zan";"freedict+kelly+frequencywords"
"B2";"Mükemmel";"DISTINGUISH";"Verb";"3332";"AI reddi";"ai_rejected";"ollama:gemma4:12b";"1";"Ayırmak";"The current clue 'Mükemmel' means 'excellent' and is completely unrelated to the verb 'distinguish'.";"Anlamak | Kibar | Ayırmak";"freedict+kelly+frequencywords"
"B2";"Miras";"HERITAGE";"Noun";"3333";"AI onaylı";"ai_approved";"ollama:gemma4:12b";"1";"Miras";"The clue 'Miras' is the standard and correct translation for 'heritage'.";"";"freedict+kelly+frequencywords"
"B2";"Beklemek";"ANTICIPATE";"Verb";"3335";"İnsan incelemesi";"needs_review";"ollama:gemma4:12b";"0.95";"Öngörmek";"'Beklemek' (wait) is too general. 'Öngörmek' or 'Beklemek' (in the sense of expecting) is better, but 'Beklemek' is often confused with 'wait'.";"Ummak";"freedict+kelly+frequencywords"
"B2";"Bahsetmek";"CITE";"Verb";"3336";"AI onaylı";"ai_approved";"ollama:gemma4:12b";"0.98";"Bahsetmek";"The clue 'Bahsetmek' is a correct and common single-word synonym for 'cite' in this context.";"Çağırmak";"freedict+kelly+frequencywords"
"B2";"Bağlantı";"TRANSITION";"Noun";"3338";"İnsan incelemesi";"needs_review";"ollama:gemma4:12b";"0.98";"Geçiş";"'Bağlantı' means 'connection'. 'Geçiş' is the accurate translation for 'transition'.";"Geçiş | İntikal";"freedict+kelly+frequencywords"
"B2";"Yıkım";"DESTRUCTION";"Noun";"3339";"AI onaylı";"ai_approved";"ollama:gemma4:12b";"0.99";"Yıkım";"The clue 'Yıkım' is a precise and accurate translation for 'destruction'.";"Mahvetme | Afet";"freedict+kelly+frequencywords"
"B2";"Harika";"PHENOMENON";"Noun";"3341";"AI reddi";"ai_rejected";"ollama:gemma4:12b";"0.99";"Olay";"The clue 'Harika' means 'wonderful/great', which is not a synonym for 'phenomenon'. 'Olay' or 'Olgu' is correct.";"Fenomen";"freedict+kelly+frequencywords"
"B2";"Personel";"PERSONNEL";"Noun";"3342";"AI reddi";"ai_rejected";"ollama:gemma4:12b";"1";"Çalışan";"The clue 'Personel' is a Turkish spelling error (should be 'Personel' in TR, but it's a direct transliteration). 'Çalışan' is a better single-word Turkish equivalent.";"";"freedict+kelly+frequencywords"
"B2";"Tören";"CEREMONY";"Noun";"3343";"AI onaylı";"ai_approved";"ollama:gemma4:12b";"1";"Tören";"The clue 'Tören' is accurate, common, and matches the word class.";"Ayin | Protokol | Merasim";"freedict+kelly+frequencywords"
"B2";"Uygun";"TOWARD";"Preposition";"3346";"AI reddi";"ai_rejected";"ollama:gemma4:12b";"1";"Doğru";"The clue 'Uygun' is a false friend or incorrect translation for 'Toward' (preposition). 'Doğru' or 'Çok' (direction) is not ideal, but 'Uygun' is definitely wrong.";"Uysal";"freedict+kelly+frequencywords"
"B2";"Anlama";"COMPOSITION";"Noun";"3348";"AI reddi";"ai_rejected";"ollama:gemma4:12b";"1";"Beste";"The clue 'Anlama' is incorrect for 'Composition'. 'Beste' or 'Yapı' would be more appropriate.";"Uzlaşma | Beste";"freedict+kelly+frequencywords"
"B2";"Denizaşırı";"OVERSEAS";"Adjective";"3349";"AI onaylı";"ai_approved";"ollama:gemma4:12b";"1";"Denizaşırı";"The clue 'Denizaşırı' is a precise and correct translation for 'Overseas'.";"";"freedict+kelly+frequencywords"
"B2";"Kayıt";"LISTING";"Noun";"3350";"AI reddi";"ai_rejected";"ollama:gemma4:12b";"1";"Liste";"The clue 'Kayıt' (record) is not the best fit for 'Listing'. 'Liste' is a more accurate and common translation.";"Liste";"freedict+kelly+frequencywords"
"B2";"Vazife";"PORTFOLIO";"Noun";"3351";"AI reddi";"ai_rejected";"ollama:gemma4:12b";"1";"Dosya";"The clue 'Vazife' means 'task/duty' and is unrelated to 'Portfolio'. 'Dosya' or 'Portföy' would be correct.";"Mevki | Makam";"freedict+kelly+frequencywords"
"B2";"Karışık";"DISORDER";"Noun";"3353";"AI reddi";"ai_rejected";"ollama:gemma4:12b";"1";"Bozyıklık";"The clue 'Karışık' is an adjective, while 'Disorder' is a noun. 'Bozyıklık' or 'Düzensizlik' is more appropriate.";"Hastalık | Bozuk | Gürültü | Çatlak";"freedict+kelly+frequencywords"
"B2";"Hatırlamak";"REPRODUCE";"Verb";"3355";"AI reddi";"ai_rejected";"ollama:gemma4:12b";"1";"Çoğaltmak";"The clue 'Hatırlamak' means 'to remember'. 'Reproduce' means 'to reproduce/multiply'. 'Çoğaltmak' is the correct term.";"Tekrarlamak";"freedict+kelly+frequencywords"
"B2";"Hal";"CONVERSION";"Noun";"3356";"AI reddi";"ai_rejected";"ollama:gemma4:12b";"1";"Dönüşüm";"The clue 'Hal' is too vague and doesn't specifically mean 'conversion'. 'Dönüşüm' is the precise term.";"Dönme | Değiştirme | Değişme";"freedict+kelly+frequencywords"
"B2";"Asıl";"RADICAL";"Adjective";"3357";"İnsan incelemesi";"needs_review";"ollama:gemma4:12b";"0.9";"Köklü";"The clue 'Asıl' is ambiguous. 'Köklü' better captures the sense of 'radical' in many contexts.";"Temel | Kök | Esaslı | Köklü";"freedict+kelly+frequencywords"
"B2";"Yaygın";"WIDESPREAD";"Adjective";"3358";"AI onaylı";"ai_approved";"ollama:gemma4:12b";"1";"Yaygın";"The clue is accurate, single-word, and matches the word's meaning and level.";"";"freedict+kelly+frequencywords"
"B2";"İniş";"DECLINE";"Noun";"3359";"AI reddi";"ai_rejected";"ollama:gemma4:12b";"0.95";"Azalma";"The clue 'İniş' refers to physical descent. For 'Decline' as a noun, 'Azalma' or 'Gerileme' is more appropriate.";"Düşmek | Çevirmek | Çekilmek | Reddetmek";"freedict+kelly+frequencywords"
"B2";"Canlı";"ORGANIC";"Adjective";"3361";"AI reddi";"ai_rejected";"ollama:gemma4:12b";"0.95";"Organik";"The clue 'Canlı' means 'living' or 'alive'. 'Organik' is the correct term for the adjective.";"Yaşayan | Doğuştan | Organik";"freedict+kelly+frequencywords"
"B2";"Koyma";"PLACEMENT";"Noun";"3362";"İnsan incelemesi";"needs_review";"ollama:gemma4:12b";"0.9";"Yerleştirme";"The clue 'Koyma' is a bit informal; 'Yerleştirme' is a more precise translation for 'placement'.";"Yerleştirme";"freedict+kelly+frequencywords"
"B2";"Demek";"DESIGNATE";"Verb";"3363";"AI reddi";"ai_rejected";"ollama:gemma4:12b";"1";"Belirlemek";"The clue 'Demek' (to mean) is too broad and doesn't capture the specific meaning of 'designate' (to appoint/specify).";"Göstermek | Seçmek | Belirtmek | Düzenlemek";"freedict+kelly+frequencywords"
"B2";"Kullanmak";"EXPLOIT";"Verb";"3367";"AI onaylı";"ai_approved";"ollama:gemma4:12b";"0.95";"Kullanmak";"The clue 'Kullanmak' is a valid, single-word synonym for exploit in a general context.";"Macera | Kahramanlık";"freedict+kelly+frequencywords"
"B2";"Risk";"VENTURE";"Noun";"3368";"AI reddi";"ai_rejected";"ollama:gemma4:12b";"1";"Girişim";"The clue 'Risk' is a noun/concept, but 'Venture' as a noun means 'girişim'. 'Risk' is a bit ambiguous.";"";"freedict+kelly+frequencywords"
"B2";"Mahkeme";"DEFAULT";"Noun";"3369";"AI reddi";"ai_rejected";"ollama:gemma4:12b";"1";"Varsayılan";"The clue 'Mahkeme' (court) is incorrect for the common usage of 'default' in technology/general contexts; 'Varsayılan' is the correct term.";"İhmal";"freedict+kelly+frequencywords"
"B2";"Uyarmak";"STIMULATE";"Verb";"3370";"AI reddi";"ai_rejected";"ollama:gemma4:12b";"1";"Teşvik";"The clue 'Uyarmak' means 'to warn', which is not the primary meaning of 'stimulate' (to encourage/stimulate).";"Teşvik | Canlandırıcı";"freedict+kelly+frequencywords"
"B2";"Rıza";"CONSENT";"Noun";"3371";"AI onaylı";"ai_approved";"ollama:gemma4:12b";"1";"Rıza";"The clue 'Rıza' is a precise, single-word synonym for 'consent' in this context.";"İttifak";"freedict+kelly+frequencywords"
"B2";"Tabii";"NATIVE";"Adjective";"3372";"İnsan incelemesi";"needs_review";"ollama:gemma4:12b";"0.85";"Yerli";"The clue 'Tabii' is ambiguous (can mean 'natural' or 'of course'). 'Yerli' or 'Doğal' is better for 'native'.";"Basit | Doğal | Yerli | Doğuştan";"freedict+kelly+frequencywords"
"B2";"Beklemek";"AWAIT";"Verb";"3373";"AI onaylı";"ai_approved";"ollama:gemma4:12b";"1";"Beklemek";"The clue 'Beklemek' is a direct and accurate single-word translation for 'await'.";"";"freedict+kelly+frequencywords"
"B2";"Sınırlama";"LIMITATION";"Noun";"3375";"AI onaylı";"ai_approved";"ollama:gemma4:12b";"1";"Sınırlama";"The clue 'Sınırlama' is a correct and common synonym for 'limitation'.";"";"freedict+kelly+frequencywords"
"B2";"Tüm";"COMPLEMENT";"Verb";"3376";"AI reddi";"ai_rejected";"ollama:gemma4:12b";"0.9";"Tamamlamak";"The current clue 'Tüm' is incorrect and unrelated to the verb 'complement'. 'Tamamlamak' is the correct verb form.";"Bütün | Tamamlamak";"freedict+kelly+frequencywords"
"B2";"Devam";"DURATION";"Noun";"3377";"AI reddi";"ai_rejected";"ollama:gemma4:12b";"1";"Süre";"The current clue 'Devam' is a verb/adverb meaning 'continue', while 'DURATION' is a noun. 'Süre' is the correct noun equivalent.";"Süre";"freedict+kelly+frequencywords"
"B2";"Fevkalade";"EXCEPTIONAL";"Adjective";"3380";"İnsan incelemesi";"needs_review";"ollama:gemma4:12b";"0.9";"Olağanüstü";"The clue 'Fevkalade' is a bit archaic/literary. 'Olağanüstü' is a more common and accurate synonym for 'Exceptional'.";"Ender | İstisnai";"freedict+kelly+frequencywords"
"B2";"Almak";"EMBRACE";"Verb";"3382";"AI reddi";"ai_rejected";"ollama:gemma4:12b";"1";"Kucaklamak";"The clue 'Almak' (to take) is too broad and does not capture the specific meaning of 'Embrace'. 'Kucaklamak' is the precise translation.";"Sevmek | Sarmak | Kucaklamak | Sarılma";"freedict+kelly+frequencywords"
"B2";"Uygun";"ELIGIBLE";"Adjective";"3385";"AI onaylı";"ai_approved";"ollama:gemma4:12b";"0.95";"Uygun";"The clue 'Uygun' is a correct and common single-word synonym for 'Eligible' in this context.";"Münasip | Elverişli";"freedict+kelly+frequencywords"
"B2";"Gelişme";"EVOLUTION";"Noun";"3386";"AI onaylı";"ai_approved";"ollama:gemma4:12b";"0.95";"Gelişme";"The clue 'Gelişme' is a valid and common synonym for 'Evolution' in a general sense.";"Evrim";"freedict+kelly+frequencywords"
"B2";"Göstermek";"INITIATE";"Verb";"3387";"AI reddi";"ai_rejected";"ollama:gemma4:12b";"1";"Başlatmak";"The current clue 'Göstermek' (to show) is semantically incorrect for 'INITIATE'. 'Başlatmak' is the correct verb form.";"Başlatmak";"freedict+kelly+frequencywords"
"B2";"Doğruluk";"ACCURACY";"Noun";"3388";"AI onaylı";"ai_approved";"ollama:gemma4:12b";"0.95";"Doğruluk";"The clue 'Doğruluk' is a precise and common translation for 'Accuracy' at B2 level.";"İncelik | Dikkat";"freedict+kelly+frequencywords"
"B2";"Fark";"DISTINCTION";"Noun";"3390";"AI reddi";"ai_rejected";"ollama:gemma4:12b";"0.9";"Ayırım";"The clue 'Fark' is too general and often refers to 'Difference'. 'Ayırım' or 'Ayrım' is better for 'Distinction'.";"Nişan | Temyiz | Açıklık | İdrak";"freedict+kelly+frequencywords"
"B2";"Sıra";"ARRAY";"Noun";"3392";"AI reddi";"ai_rejected";"ollama:gemma4:12b";"0.9";"Dizi";"The clue 'Sıra' means 'Row' or 'Turn'. For 'Array' (as in a collection/sequence), 'Dizi' is the standard technical and general term.";"Saf | Ordu | Düzen | Düzenlemek";"freedict+kelly+frequencywords"
"B2";"İlham";"INSPIRATION";"Noun";"3393";"AI onaylı";"ai_approved";"ollama:gemma4:12b";"0.98";"İlham";"The clue 'İlham' is the standard and accurate translation for 'Inspiration'.";"Vahiy | Esin | Telkin";"freedict+kelly+frequencywords"
"B2";"Üstünlük";"EXCELLENCE";"Noun";"3396";"AI onaylı";"ai_approved";"ollama:gemma4:12b";"1";"Üstünlük";"The clue 'Üstünlük' is a precise, single-word synonym for 'Excellence' at B2 level.";"";"freedict+kelly+frequencywords"
"B2";"Vermek";"ADMINISTER";"Verb";"3397";"İnsan incelemesi";"needs_review";"ollama:gemma4:12b";"0.9";"Yönetmek";"The current clue 'Vermek' is too generic and can refer to many verbs; 'Yönetmek' is the more accurate primary meaning for 'Administer'.";"Yönetmek";"freedict+kelly+frequencywords"
"B2";"Yaratmak";"COMPOSE";"Verb";"3398";"İnsan incelemesi";"needs_review";"ollama:gemma4:12b";"0.9";"Oluşturmak";"The clue 'Yaratmak' (to create/create out of nothing) is slightly different from 'Compose' (to arrange/compose). 'Oluşturmak' is a better fit.";"Oluşturmak | Düzenlemek";"freedict+kelly+frequencywords"
"B2";"Etmek";"RENDER";"Verb";"3400";"AI reddi";"ai_rejected";"ollama:gemma4:12b";"0.85";"Sunmak";"The clue 'Etmek' is a grammatical suffix/particle in Turkish, not a standalone word. 'Sunmak' or 'Çevirmek' would be better, but 'Etmek' is not a valid single-word synonym.";"Vermek | Anlatmak | Ödeme | Çevirmek";"freedict+kelly+frequencywords"
"B2";"Bitişik";"ADJACENT";"Adjective";"3401";"AI onaylı";"ai_approved";"ollama:gemma4:12b";"0.95";"Bitişik";"While 'Yakın' is acceptable, 'Bitişik' is a more precise synonym for 'Adjacent' in a spatial context.";"Komşu | Bitişik";"freedict+kelly+frequencywords"
"B2";"Dolayısıyla";"THEREBY";"Adverb";"3403";"İnsan onaylı";"approved";"İnsan";"";"";"Kullanıcı tarafından doğrulandı.";"";"freedict+kelly+frequencywords"
"B2";"Demokrasi";"DEMOCRACY";"Noun";"3404";"AI onaylı";"ai_approved";"ollama:qwen2.5-coder:7b";"0.95";"Demokrasi";"The clue 'Demokrasi' is a common Turkish word that directly translates to 'democracy' in English.";"";"freedict+kelly+frequencywords"
"B2";"İhbar";"NOTIFY";"Verb";"3405";"AI onaylı";"ai_approved";"ollama:qwen2.5-coder:7b";"0.95";"İhbar";"The clue 'İhbar' is a common Turkish word that directly translates to 'notify' in English.";"";"freedict+kelly+frequencywords"
"B2";"Başlangıç";"DEBUT";"Noun";"3406";"AI onaylı";"ai_approved";"ollama:qwen2.5-coder:7b";"0.95";"Başlangıç";"The clue 'Başlangıç' is a common Turkish word that directly translates to 'debut' in English.";"";"freedict+kelly+frequencywords"
"B2";"Kurucu";"FOUNDER";"Noun";"3407";"İnsan onaylı";"approved";"İnsan";"";"";"Kullanıcı tarafından doğrulandı.";"";"freedict+kelly+frequencywords"
"B2";"Bağışlamak";"DONATE";"Verb";"3409";"AI onaylı";"ai_approved";"ollama:qwen2.5-coder:7b";"0.95";"Bağışlamak";"The clue 'Bağışlamak' is a common Turkish word that directly translates to 'donate' in English.";"";"freedict+kelly+frequencywords"
"B2";"Görkemli";"MAGNIFICENT";"Adjective";"3410";"AI onaylı";"ai_approved";"ollama:qwen2.5-coder:7b";"0.95";"Görkemli";"The clue 'Görkemli' is a common Turkish word that directly translates to 'magnificent' in English.";"İhtişamlı";"freedict+kelly+frequencywords"
"B2";"Konferans";"CONVENTION";"Noun";"3411";"İnsan onaylı";"approved";"İnsan";"";"";"Kullanıcı tarafından doğrulandı.";"Toplantı | Kongre | Gelenek";"freedict+kelly+frequencywords"
"B2";"Arap";"ARAB";"Adjective";"3412";"AI onaylı";"ai_approved";"ollama:qwen2.5-coder:7b";"0.95";"Arap";"The clue 'Arap' is a common Turkish word that directly translates to 'Arab' in English.";"";"freedict+kelly+frequencywords"
"B2";"Düzeltmek";"AMEND";"Verb";"3413";"AI onaylı";"ai_approved";"ollama:qwen2.5-coder:7b";"0.95";"Düzeltmek";"The clue 'Düzeltmek' is a common Turkish word that directly translates to 'amend' in English.";"İyileşmek";"freedict+kelly+frequencywords"
"B2";"Çıkış";"DEPARTURE";"Noun";"3414";"İnsan onaylı";"approved";"İnsan";"";"";"Kullanıcı tarafından doğrulandı.";"Terk | Ayrılma | Vazgeçme | Feragat";"freedict+kelly+frequencywords"
"B2";"İmza";"SUBSCRIPTION";"Noun";"3415";"AI onaylı";"ai_approved";"ollama:qwen2.5-coder:7b";"0.95";"İmza";"The clue 'İmza' is a common Turkish word that directly translates to 'subscription' in English.";"Abone";"freedict+kelly+frequencywords"
"B2";"Üstelik";"MOREOVER";"Adverb";"3416";"AI onaylı";"ai_approved";"ollama:qwen2.5-coder:7b";"0.95";"Üstelik";"The clue 'Üstelik' is a common Turkish word that directly translates to 'moreover' in English.";"";"freedict+kelly+frequencywords"
"B2";"Portekiz";"PORTUGAL";"Noun";"3417";"AI onaylı";"ai_approved";"ollama:qwen2.5-coder:7b";"0.95";"Portekiz";"The clue 'Portekiz' is a common Turkish word that directly translates to 'Portugal' in English.";"";"freedict+kelly+frequencywords"
"B2";"İtaat";"COMPLIANCE";"Noun";"3419";"AI onaylı";"ai_approved";"ollama:qwen2.5-coder:7b";"0.95";"İtaat";"The clue 'İtaat' is a common Turkish word that directly translates to 'compliance' in English.";"";"freedict+kelly+frequencywords"
"B2";"Danışman";"ADVISER";"Noun";"3421";"AI onaylı";"ai_approved";"ollama:qwen2.5-coder:7b";"0.95";"Danışman";"The clue 'Danışman' is a common Turkish word that directly translates to 'adviser' in English.";"";"freedict+kelly+frequencywords"
"B2";"Senaryo";"SCENARIO";"Noun";"3423";"AI onaylı";"ai_approved";"ollama:qwen2.5-coder:7b";"0.95";"Senaryo";"The clue 'Senaryo' is a common Turkish word that directly translates to 'scenario' in English.";"";"freedict+kelly+frequencywords"
"B2";"Tespit";"DETERMINATION";"Noun";"3425";"AI onaylı";"ai_approved";"ollama:qwen2.5-coder:7b";"0.95";"Tespit";"The clue 'Tespit' is a common Turkish word that directly translates to 'determination' in English.";"Hüküm | Tayin | Niyet | İnat";"freedict+kelly+frequencywords"
"B2";"Ortak";"COLLECTIVE";"Adjective";"3426";"AI onaylı";"ai_approved";"ollama:qwen2.5-coder:7b";"0.95";"Ortak";"The clue 'Ortak' is a common Turkish word that directly translates to 'collective' in English.";"Toplu | Toplanan | Müşterek";"freedict+kelly+frequencywords"
"B2";"Heyecan";"EMOTION";"Noun";"3427";"AI onaylı";"ai_approved";"ollama:qwen2.5-coder:7b";"0.95";"Heyecan";"The clue 'Heyecan' is a common Turkish word that directly translates to 'emotion' in English.";"His | Duygu";"freedict+kelly+frequencywords"
"B2";"Üretmek";"MANUFACTURE";"Verb";"3431";"İnsan onaylı";"approved";"İnsan";"";"";"Kullanıcı tarafından doğrulandı.";"Yapma | İmal";"freedict+kelly+frequencywords"
"B2";"Çabuk";"PROMPT";"Adjective";"3432";"İnsan onaylı";"approved";"İnsan";"";"";"Kullanıcı tarafından doğrulandı.";"Çabuk | Acele | Hatırlatmak | Çabucak";"freedict+kelly+frequencywords"
"B2";"Bağlamak";"UNITE";"Verb";"3434";"AI onaylı";"ai_approved";"ollama:qwen2.5-coder:7b";"0.95";"Bağlamak";"Sözcük ve ipucu uyumlu, seviye ve kelime türü uygun.";"Birleşmek";"freedict+kelly+frequencywords"
"B2";"Etmek";"EXECUTE";"Verb";"3437";"AI onaylı";"ai_approved";"ollama:qwen2.5-coder:7b";"0.95";"Etmek";"Sözcük ve ipucu uyumlu, seviye ve kelime türü uygun.";"Yapmak | Başarmak";"freedict+kelly+frequencywords"
"B2";"Uygun";"APPLICABLE";"Adjective";"3438";"AI onaylı";"ai_approved";"ollama:qwen2.5-coder:7b";"0.95";"Uygun";"Sözcük ve ipucu uyumlu, seviye ve kelime türü uygun.";"Uygulanabilir";"freedict+kelly+frequencywords"
"B2";"Yapısal";"STRUCTURAL";"Adjective";"3440";"AI onaylı";"ai_approved";"ollama:qwen2.5-coder:7b";"0.95";"Yapısal";"Sözcük ve ipucu uyumlu, seviye ve kelime türü uygun.";"";"freedict+kelly+frequencywords"
"B2";"Karar";"STABILITY";"Noun";"3442";"AI onaylı";"ai_approved";"ollama:qwen2.5-coder:7b";"0.95";"Karar";"Sözcük ve ipucu uyumlu, seviye ve kelime türü uygun.";"Denge";"freedict+kelly+frequencywords"
"B2";"Sakin";"TENANT";"Noun";"3444";"AI onaylı";"ai_approved";"ollama:qwen2.5-coder:7b";"0.95";"Sakin";"Sözcük ve ipucu uyumlu, seviye ve kelime türü uygun.";"Kiracı";"freedict+kelly+frequencywords"
"B2";"Göstermek";"EXHIBIT";"Verb";"3445";"AI onaylı";"ai_approved";"ollama:qwen2.5-coder:7b";"0.95";"Göstermek";"Sözcük ve ipucu uyumlu, seviye ve kelime türü uygun.";"Sergi | Sergilemek";"freedict+kelly+frequencywords"
"B2";"Köle";"SERVANT";"Noun";"3451";"AI onaylı";"ai_approved";"ollama:qwen2.5-coder:7b";"0.95";"Köle";"Sözcük ve ipucu uyumlu, seviye ve kelime türü uygun.";"Hizmetçi | Uşak | Besleme";"freedict+kelly+frequencywords"
"B2";"Altında";"BENEATH";"Preposition";"3452";"AI onaylı";"ai_approved";"ollama:qwen2.5-coder:7b";"0.95";"Altında";"Sözcük ve ipucu uyumlu, seviye ve kelime türü uygun.";"Altta";"freedict+kelly+frequencywords"
"B2";"Kulübe";"COTTAGE";"Noun";"3453";"AI onaylı";"ai_approved";"ollama:qwen2.5-coder:7b";"0.95";"Kulübe";"Sözcük ve ipucu uyumlu, seviye ve kelime türü uygun.";"";"freedict+kelly+frequencywords"
"B2";"Soğuk";"RAW";"Adjective";"3454";"AI onaylı";"ai_approved";"ollama:qwen2.5-coder:7b";"0.95";"Soğuk";"Sözcük ve ipucu uyumlu, seviye ve kelime türü uygun.";"Taze | Çiğ | Acemi | Sıyrık";"freedict+kelly+frequencywords"
"B2";"Gizlilik";"PRIVACY";"Noun";"3455";"AI onaylı";"ai_approved";"ollama:qwen2.5-coder:7b";"0.95";"Gizlilik";"Sözcük ve ipucu uyumlu, seviye ve kelime türü uygun.";"Özellik";"freedict+kelly+frequencywords"
"B2";"Yol";"WISE";"Adjective";"3456";"AI onaylı";"ai_approved";"ollama:qwen2.5-coder:7b";"0.95";"Yol";"Sözcük ve ipucu uyumlu, seviye ve kelime türü uygun.";"Akıllı | Tarz | Usta | Tarzda";"freedict+kelly+frequencywords"
"B2";"Şöhret";"PUBLICITY";"Noun";"3458";"AI onaylı";"ai_approved";"ollama:qwen2.5-coder:7b";"0.95";"Şöhret";"Sözcük ve ipucu uyumlu, seviye ve kelime türü uygun.";"";"freedict+kelly+frequencywords"
"B2";"Gümüş";"SILVER";"Noun";"3459";"AI onaylı";"ai_approved";"ollama:qwen2.5-coder:7b";"0.95";"Gümüş";"Sözcük ve ipucu uyumlu, seviye ve kelime türü uygun.";"";"freedict+kelly+frequencywords"
"B2";"Bende";"CREATURE";"Noun";"3462";"AI onaylı";"ai_approved";"ollama:qwen2.5-coder:7b";"0.95";"Bende";"Sözcük ve ipucu uyumlu, seviye ve kelime türü uygun.";"İnsan | Hayvan | Yaratık | Köle";"freedict+kelly+frequencywords"
"B2";"Virüs";"VIRUS";"Noun";"3463";"AI onaylı";"ai_approved";"ollama:qwen2.5-coder:7b";"0.95";"Virüs";"Sözcük ve ipucu uyumlu, seviye ve kelime türü uygun.";"";"freedict+kelly+frequencywords"
"B2";"Sıra";"THREAD";"Noun";"3464";"AI onaylı";"ai_approved";"ollama:qwen2.5-coder:7b";"0.95";"Sıra";"Sözcük ve ipucu uyumlu, seviye ve kelime türü uygun.";"Tel | İplik";"freedict+kelly+frequencywords"
"B2";"İkramiye";"BONUS";"Noun";"3465";"AI onaylı";"ai_approved";"ollama:qwen2.5-coder:7b";"0.95";"İkramiye";"Sözcük ve ipucu uyumlu, seviye ve kelime türü uygun.";"Prim";"freedict+kelly+frequencywords"
"B2";"Aracı";"SOLICITOR";"Noun";"3470";"AI onaylı";"ai_approved";"ollama:qwen2.5-coder:7b";"0.95";"Aracı";"Sözcük ve ipucu uyumlu, seviye ve kelime türü uygun.";"";"freedict+kelly+frequencywords"
"B2";"Mimar";"ARCHITECT";"Noun";"3471";"AI onaylı";"ai_approved";"ollama:qwen2.5-coder:7b";"0.95";"Mimar";"Sözcük ve ipucu uyumlu, seviye ve kelime türü uygun.";"";"freedict+kelly+frequencywords"
"B2";"Hayal";"SHADOW";"Noun";"3474";"AI onaylı";"ai_approved";"ollama:qwen2.5-coder:7b";"0.95";"Hayal";"Sözcük ve ipucu uyumlu, seviye ve kelime türü uygun.";"Dedektif | Karanlık | Hayalet | Şekil";"freedict+kelly+frequencywords"
"B2";"Yolda";"WEIGH";"Verb";"3478";"AI onaylı";"ai_approved";"ollama:qwen2.5-coder:7b";"0.95";"Yolda";"Sözcük ve ipucu uyumlu, seviye ve kelime türü uygun.";"";"freedict+kelly+frequencywords"
"B2";"Dışarı";"FORTH";"Adverb";"3482";"AI onaylı";"ai_approved";"ollama:qwen2.5-coder:7b";"0.95";"Dışarı";"Sözcük ve ipucu uyumlu, seviye ve kelime türü uygun.";"İleri";"freedict+kelly+frequencywords"
"B2";"Boru";"PIPE";"Noun";"3483";"AI onaylı";"ai_approved";"ollama:qwen2.5-coder:7b";"0.95";"Boru";"Sözcük ve ipucu uyumlu, seviye ve kelime türü uygun.";"Çubuk | Düdük | Pipo | Kaval";"freedict+kelly+frequencywords"
"B2";"Çek";"CZECH";"Adjective";"3485";"AI onaylı";"ai_approved";"ollama:qwen2.5-coder:7b";"0.95";"Çek";"Sözcük ve ipucu uyumlu, seviye ve kelime türü uygun.";"";"freedict+kelly+frequencywords"
"B2";"Keskin";"INTENSE";"Adjective";"3487";"AI onaylı";"ai_approved";"ollama:qwen2.5-coder:7b";"0.95";"Keskin";"Sözcük ve ipucu uyumlu, seviye ve kelime türü uygun.";"Şiddetli | Kuvvetli | Hararetli";"freedict+kelly+frequencywords"
"B2";"Tatlı";"GENTLE";"Adjective";"3488";"AI onaylı";"ai_approved";"ollama:qwen2.5-coder:7b";"0.95";"Tatlı";"Sözcük ve ipucu uyumlu, seviye ve kelime türü uygun.";"Nazik | Kibar | Hafif | Asil";"freedict+kelly+frequencywords"
"B2";"Yasak";"BAN";"Verb";"3491";"AI onaylı";"ai_approved";"ollama:qwen2.5-coder:7b";"0.95";"Yasak";"Sözcük ve ipucu uyumlu, seviye ve kelime türü uygun.";"Bildiri | Tebliğ | Aforoz";"freedict+kelly+frequencywords"
"B2";"Canlı";"LIVELY";"Adjective";"3493";"AI onaylı";"ai_approved";"ollama:qwen2.5-coder:7b";"0.95";"Canlı";"Sözcük ve ipucu uyumlu, seviye ve kelime türü uygun.";"Parlak | Keskin | Neşeli | Ferah";"freedict+kelly+frequencywords"
"B2";"Değer";"PREMIUM";"Noun";"3494";"AI onaylı";"ai_approved";"ollama:qwen2.5-coder:7b";"0.95";"Değer";"Sözcük ve ipucu uyumlu, seviye ve kelime türü uygun.";"Prim";"freedict+kelly+frequencywords"
"B2";"Faydalı";"BENEFICIAL";"Adjective";"3496";"AI onaylı";"ai_approved";"ollama:qwen2.5-coder:7b";"0.95";"Faydalı";"Sözcük ve ipucu uyumlu, seviye ve kelime türü uygun.";"Hayırlı";"freedict+kelly+frequencywords"
"B2";"Yapma";"MAKING";"Noun";"3498";"AI onaylı";"ai_approved";"ollama:qwen2.5-coder:7b";"0.95";"Yapma";"Sözcük ve ipucu uyumlu, seviye ve kelime türü uygun.";"Etme";"freedict+kelly+frequencywords"
"B2";"Oyun";"TRICK";"Noun";"3499";"AI onaylı";"ai_approved";"ollama:qwen2.5-coder:7b";"0.95";"Oyun";"Sözcük ve ipucu uyumlu, seviye ve kelime türü uygun.";"Hile | Adet | Dolap | Ustalık";"freedict+kelly+frequencywords"
"B2";"Protein";"PROTEIN";"Noun";"3500";"AI onaylı";"ai_approved";"ollama:qwen2.5-coder:7b";"0.95";"Protein";"Sözcük ve ipucu uyumlu, seviye ve kelime türü uygun.";"";"freedict+kelly+frequencywords"
"B2";"Ömür";"LIFETIME";"Noun";"3502";"AI onaylı";"ai_approved";"ollama:qwen2.5-coder:7b";"0.95";"Ömür";"Sözcük ve ipucu uyumlu, seviye ve kelime türü uygun.";"";"freedict+kelly+frequencywords"
"B2";"Seri";"TISSUE";"Noun";"3503";"AI onaylı";"ai_approved";"ollama:qwen2.5-coder:7b";"0.95";"Seri";"Sözcük ve ipucu uyumlu, seviye ve kelime türü uygun.";"Kumaş";"freedict+kelly+frequencywords"
"B2";"Yarar";"UTILITY";"Noun";"3504";"AI onaylı";"ai_approved";"ollama:qwen2.5-coder:7b";"0.95";"Yarar";"Sözcük ve ipucu uyumlu, seviye ve kelime türü uygun.";"Fayda";"freedict+kelly+frequencywords"
"B2";"Bulut";"CLOUD";"Noun";"3505";"AI onaylı";"ai_approved";"ollama:qwen2.5-coder:7b";"0.95";"Bulut";"CLOUD ve Bulut aynı anlamda ve yaygın olarak kullanılan bir kelime.";"Dertli | Örtmek";"freedict+kelly+frequencywords"
"B2";"Davet";"INVITATION";"Noun";"3507";"AI onaylı";"ai_approved";"ollama:qwen2.5-coder:7b";"0.95";"Davet";"INVITATION ve Davet aynı anlamda ve yaygın olarak kullanılan bir kelime.";"Çağrı | Çağırma";"freedict+kelly+frequencywords"
"B2";"Dürtü";"INCENTIVE";"Noun";"3509";"İnsan incelemesi";"needs_review";"ollama:qwen2.5-coder:7b";"0.85";"Dürtü";"INCENTIVE ve Dürtü farklı anlamlarına sahiptir. Dürtü genellikle bir şeyi teşvik etmek için kullanılır, ancak INCENTIVE genellikle bir şeyi teşvik etmek için verilen bir şeyi ifade eder.";"";"freedict+kelly+frequencywords"
"B2";"Bozmak";"DELETE";"Verb";"3510";"AI onaylı";"ai_approved";"ollama:qwen2.5-coder:7b";"0.95";"Bozmak";"DELETE ve Bozmak aynı anlamda ve yaygın olarak kullanılan bir kelime.";"Silmek | Çizmek | Bozma";"freedict+kelly+frequencywords"
"B2";"Yer";"RESIDENCE";"Noun";"3511";"AI onaylı";"ai_approved";"ollama:qwen2.5-coder:7b";"0.95";"Yer";"RESIDENCE ve Yer aynı anlamda ve yaygın olarak kullanılan bir kelime.";"Oturma | İkamet | Hane";"freedict+kelly+frequencywords"
"B2";"Fırtına";"STORM";"Noun";"3516";"AI onaylı";"ai_approved";"ollama:qwen2.5-coder:7b";"0.95";"Fırtına";"STORM ve Fırtına aynı anlamda ve yaygın olarak kullanılan bir kelime.";"Bora";"freedict+kelly+frequencywords"
"B2";"Tel";"WIRE";"Noun";"3517";"AI onaylı";"ai_approved";"ollama:qwen2.5-coder:7b";"0.95";"Tel";"WIRE ve Tel aynı anlamda ve yaygın olarak kullanılan bir kelime.";"Telgraf";"freedict+kelly+frequencywords"
"B2";"Tam";"RANK";"Noun";"3522";"AI onaylı";"ai_approved";"ollama:qwen2.5-coder:7b";"0.95";"Tam";"RANK ve Tam aynı anlamda ve yaygın olarak kullanılan bir kelime.";"Sıra | Derece | Sınıf | Saf";"freedict+kelly+frequencywords"
"B2";"Sert";"GENEROUS";"Adjective";"3523";"AI onaylı";"ai_approved";"ollama:qwen2.5-coder:7b";"0.95";"Sert";"GENEROUS ve Sert farklı anlamlarına sahiptir. Sert genellikle kötü anlamda kullanılır, ancak GENEROUS genellikle iyi anlamda kullanılır.";"Bol | Asil | Cömert | Verimli";"freedict+kelly+frequencywords"
"B2";"Hassas";"SENSIBLE";"Adjective";"3525";"AI onaylı";"ai_approved";"ollama:qwen2.5-coder:7b";"0.95";"Hassas";"SENSIBLE ve Hassas aynı anlamda ve yaygın olarak kullanılan bir kelime.";"Makul | Hisseden | Duygulu";"freedict+kelly+frequencywords"
"B2";"Şeref";"GLORY";"Noun";"3527";"AI onaylı";"ai_approved";"ollama:qwen2.5-coder:7b";"0.95";"Şeref";"GLORY ve Şeref aynı anlamda ve yaygın olarak kullanılan bir kelime.";"Şöhret | Övgü | Şan | Övünmek";"freedict+kelly+frequencywords"
"B2";"Araç";"ORGAN";"Noun";"3529";"AI onaylı";"ai_approved";"ollama:qwen2.5-coder:7b";"0.95";"Araç";"ORGAN ve Araç farklı anlamlarına sahiptir. Araç genellikle araçları ifade eder, ancak ORGAN genellikle vücudunun organlarını ifade eder.";"Alet";"freedict+kelly+frequencywords"
"B2";"Dünya";"LOWER";"Verb";"3531";"AI onaylı";"ai_approved";"ollama:qwen2.5-coder:7b";"0.95";"Dünya";"LOWER ve Dünya farklı anlamlarına sahiptir. Dünya genellikle gezegeni ifade eder, ancak LOWER genellikle bir şeyi azaltmak veya incelemek için kullanılır.";"İndirmek | Azaltmak | İnmek";"freedict+kelly+frequencywords"
"B2";"İtiraz";"PROTEST";"Noun";"3532";"AI onaylı";"ai_approved";"ollama:qwen2.5-coder:7b";"0.95";"İtiraz";"PROTEST ve İtiraz aynı anlamda ve yaygın olarak kullanılan bir kelime.";"Protesto";"freedict+kelly+frequencywords"
"B2";"Yardım";"BOOST";"Verb";"3535";"AI onaylı";"ai_approved";"ollama:qwen2.5-coder:7b";"0.95";"Yardım";"BOOST ve Yardım farklı anlamlarına sahiptir. Yardım genellikle bir şeyi desteklemek için kullanılır, ancak BOOST genellikle bir şeyi artırmak için kullanılır.";"Destek | Artırmak | Artış";"freedict+kelly+frequencywords"
"B2";"Zincir";"BOND";"Noun";"3536";"AI onaylı";"ai_approved";"ollama:qwen2.5-coder:7b";"0.95";"Zincir";"BOND ve Zincir farklı anlamlarına sahiptir. Zincir genellikle metal zincirleri ifade eder, ancak BOND genellikle iki şeyi bağlamak için kullanılır.";"Kefalet | Senet";"freedict+kelly+frequencywords"
"B2";"Sert";"VIOLENT";"Adjective";"3538";"AI onaylı";"ai_approved";"ollama:qwen2.5-coder:7b";"0.95";"Sert";"VIOLENT ve Sert aynı anlamda ve yaygın olarak kullanılan bir kelime.";"Zorlu | Şiddetli | Kuvvetli | Vahşice";"freedict+kelly+frequencywords"
"B2";"Suçlu";"GUILTY";"Adjective";"3539";"AI onaylı";"ai_approved";"ollama:qwen2.5-coder:7b";"0.95";"Suçlu";"GUILTY ve Suçlu aynı anlamda ve yaygın olarak kullanılan bir kelime.";"";"freedict+kelly+frequencywords"
"B2";"Gurur";"PRIDE";"Noun";"3540";"AI onaylı";"ai_approved";"ollama:qwen2.5-coder:7b";"0.95";"Gurur";"PRIDE ve Gurur aynı anlamda ve yaygın olarak kullanılan bir kelime.";"Kibir | İftihar";"freedict+kelly+frequencywords"
"B2";"Altın";"GOLDEN";"Adjective";"3541";"AI onaylı";"ai_approved";"ollama:qwen2.5-coder:7b";"0.95";"Altın";"GOLDEN ve Altın aynı anlamda ve yaygın olarak kullanılan bir kelime.";"Fevkalade";"freedict+kelly+frequencywords"
"B2";"Zeki";"INTELLIGENT";"Adjective";"3542";"AI onaylı";"ai_approved";"ollama:qwen2.5-coder:7b";"0.95";"Zeki";"Zeki, akıllı ve anlayışlı anlamına gelir ve yaygın olarak kullanılır.";"Akıllı | Anlayışlı | Anlayışla | Kabiliyetli";"freedict+kelly+frequencywords"
"B2";"Yoğun";"INTENSIVE";"Adjective";"3543";"AI onaylı";"ai_approved";"ollama:qwen2.5-coder:7b";"0.95";"Yoğun";"Yoğun, şiddetli anlamına gelir ve yaygın olarak kullanılır.";"Şiddetli";"freedict+kelly+frequencywords"
"B2";"Hayal";"CASTLE";"Noun";"3547";"AI onaylı";"ai_approved";"ollama:qwen2.5-coder:7b";"0.95";"Hayal";"Hayal, kule veya kule anlamına gelir ve yaygın olarak kullanılır.";"";"freedict+kelly+frequencywords"
"B2";"Reçete";"FORMULA";"Noun";"3550";"AI onaylı";"ai_approved";"ollama:qwen2.5-coder:7b";"0.95";"Reçete";"Reçete, kaide veya formül anlamına gelir ve yaygın olarak kullanılır.";"Kaide";"freedict+kelly+frequencywords"
"B2";"Sözlü";"ORAL";"Adjective";"3551";"AI onaylı";"ai_approved";"ollama:qwen2.5-coder:7b";"0.95";"Sözlü";"Sözlü, sözlü veya sözlü anlamına gelir ve yaygın olarak kullanılır.";"";"freedict+kelly+frequencywords"
"B2";"İlelebet";"FOREVER";"Adverb";"3552";"AI onaylı";"ai_approved";"ollama:qwen2.5-coder:7b";"0.95";"İlelebet";"İlelebet, her zaman veya sonsuz anlamına gelir ve yaygın olarak kullanılır.";"";"freedict+kelly+frequencywords"
"B2";"Çekmek";"DRAG";"Verb";"3555";"AI onaylı";"ai_approved";"ollama:qwen2.5-coder:7b";"0.95";"Çekmek";"Çekmek, çeker veya çeker anlamına gelir ve yaygın olarak kullanılır.";"Engel";"freedict+kelly+frequencywords"
"B2";"Broşür";"BOOKLET";"Noun";"3557";"AI onaylı";"ai_approved";"ollama:qwen2.5-coder:7b";"0.95";"Broşür";"Broşür, booklet veya broşür anlamına gelir ve yaygın olarak kullanılır.";"";"freedict+kelly+frequencywords"
"B2";"Davranmak";"BEHAVE";"Verb";"3558";"AI onaylı";"ai_approved";"ollama:qwen2.5-coder:7b";"0.95";"Davranmak";"Davranmak, davranış veya davranmak anlamına gelir ve yaygın olarak kullanılır.";"Davranış";"freedict+kelly+frequencywords"
"B2";"Gitmek";"EXIT";"Noun";"3560";"AI onaylı";"ai_approved";"ollama:qwen2.5-coder:7b";"0.95";"Gitmek";"Gitmek, çık veya çık anlamına gelir ve yaygın olarak kullanılır.";"Çıkış | Çıkmak | Gidiş";"freedict+kelly+frequencywords"
"B2";"Kutu";"JUNCTION";"Noun";"3561";"AI onaylı";"ai_approved";"ollama:qwen2.5-coder:7b";"0.95";"Kutu";"Kutu, junction veya kule anlamına gelir ve yaygın olarak kullanılır.";"Birleşme";"freedict+kelly+frequencywords"
"B2";"Üst";"SUPERIOR";"Adjective";"3562";"AI onaylı";"ai_approved";"ollama:qwen2.5-coder:7b";"0.95";"Üst";"Üst, üstün veya üst anlamına gelir ve yaygın olarak kullanılır.";"Olağanüstü | Üstün";"freedict+kelly+frequencywords"
"B2";"Korku";"ALARM";"Noun";"3563";"AI onaylı";"ai_approved";"ollama:qwen2.5-coder:7b";"0.95";"Korku";"Korku, alarm veya alarm anlamına gelir ve yaygın olarak kullanılır.";"Dehşet";"freedict+kelly+frequencywords"
"B2";"Nefret";"HORROR";"Noun";"3564";"AI onaylı";"ai_approved";"ollama:qwen2.5-coder:7b";"0.95";"Nefret";"Nefret, korku veya dehşet anlamına gelir ve yaygın olarak kullanılır.";"Korku | Dehşet";"freedict+kelly+frequencywords"
"B2";"Nefes";"BREATH";"Noun";"3565";"AI onaylı";"ai_approved";"ollama:qwen2.5-coder:7b";"0.95";"Nefes";"Nefes, nefes veya nefes anlamına gelir ve yaygın olarak kullanılır.";"Soluk | Fısıltı | Dem";"freedict+kelly+frequencywords"
"B2";"Dağıtmak";"SHED";"Verb";"3566";"AI onaylı";"ai_approved";"ollama:qwen2.5-coder:7b";"0.95";"Dağıtmak";"Dağıtmak, döküntü veya döküntü anlamına gelir ve yaygın olarak kullanılır.";"Döküntü | Hangar | Baraka";"freedict+kelly+frequencywords"
"B2";"Değerli";"WORTHY";"Adjective";"3568";"AI onaylı";"ai_approved";"ollama:qwen2.5-coder:7b";"0.95";"Değerli";"Değerli, layık veya değerli anlamına gelir ve yaygın olarak kullanılır.";"Layık";"freedict+kelly+frequencywords"
"B2";"Elbise";"GEAR";"Noun";"3570";"AI onaylı";"ai_approved";"ollama:qwen2.5-coder:7b";"0.95";"Elbise";"Elbise, gear veya gear anlamına gelir ve yaygın olarak kullanılır.";"Eşya | Vites | Donanım | Uymak";"freedict+kelly+frequencywords"
"B2";"Tutmak";"ARREST";"Verb";"3571";"AI onaylı";"ai_approved";"ollama:qwen2.5-coder:7b";"0.95";"Tutmak";"Tutmak, çeker veya çeker anlamına gelir ve yaygın olarak kullanılır.";"Çekmek | Durdurmak | Kesmek | Hapis";"freedict+kelly+frequencywords"
"B2";"Damla";"TEAR";"Verb";"3572";"AI onaylı";"ai_approved";"ollama:qwen2.5-coder:7b";"0.95";"Damla";"Damla, koparmak veya koparmak anlamına gelir ve yaygın olarak kullanılır.";"Koparmak | Yırtık";"freedict+kelly+frequencywords"
"B2";"Ruh";"JAZZ";"Noun";"3580";"AI onaylı";"ai_approved";"ollama:qwen2.5-coder:7b";"0.95";"Ruh";"Jazz, ruh ve duyguları ifade eden bir müzik türüdür.";"Canlandırmak";"freedict+kelly+frequencywords"
"B2";"Kötü";"EVIL";"Adjective";"3582";"AI onaylı";"ai_approved";"ollama:qwen2.5-coder:7b";"0.95";"Kötü";"Evil, kötü, zararlı veya kötü niyetli anlamına gelir.";"Zarar | Fena | Günah | Bela";"freedict+kelly+frequencywords"
"B2";"Klavye";"KEYBOARD";"Noun";"3584";"AI onaylı";"ai_approved";"ollama:qwen2.5-coder:7b";"0.95";"Klavye";"Keyboard, klavye anlamına gelir ve bilgisayarın bir parçasıdır.";"";"freedict+kelly+frequencywords"
"B2";"Fotoğrafçılık";"PHOTOGRAPHY";"Noun";"3585";"AI onaylı";"ai_approved";"ollama:qwen2.5-coder:7b";"0.95";"Fotoğrafçılık";"Photography, fotoğrafçılık veya fotoğraf çekimi anlamına gelir.";"";"freedict+kelly+frequencywords"
"B2";"Çift";"TWIN";"Adjective";"3586";"AI onaylı";"ai_approved";"ollama:qwen2.5-coder:7b";"0.95";"Çift";"Twin, çift anlamına gelir ve iki kişi veya şeyi ifade eder.";"";"freedict+kelly+frequencywords"
"B2";"Acı";"SUFFERING";"Noun";"3592";"AI onaylı";"ai_approved";"ollama:qwen2.5-coder:7b";"0.95";"Acı";"Suffering, acı veya keder anlamına gelir.";"Keder | Istırap";"freedict+kelly+frequencywords"
"B2";"Tayland";"THAILAND";"Noun";"3593";"AI onaylı";"ai_approved";"ollama:qwen2.5-coder:7b";"0.95";"Tayland";"Thailand, Tayland veya Tayland'da anlamına gelir.";"";"freedict+kelly+frequencywords"
"B2";"Değişiklik";"AMENDMENT";"Noun";"3595";"AI onaylı";"ai_approved";"ollama:qwen2.5-coder:7b";"0.95";"Değişiklik";"Amendment, değişiklik veya düzenleme anlamına gelir.";"Islah";"freedict+kelly+frequencywords"
"B2";"Kocaman";"TREMENDOUS";"Adjective";"3596";"AI onaylı";"ai_approved";"ollama:qwen2.5-coder:7b";"0.95";"Kocaman";"Tremendous, kocaman veya heybetli anlamına gelir.";"Heybetli";"freedict+kelly+frequencywords"
"B2";"Kaçınılmaz";"URGENT";"Adjective";"3598";"AI onaylı";"ai_approved";"ollama:qwen2.5-coder:7b";"0.95";"Kaçınılmaz";"Urgent, kaçınılmaz veya zorunlu anlamına gelir.";"Zorunlu";"freedict+kelly+frequencywords"
"B2";"Filtre";"FILTER";"Noun";"3599";"AI onaylı";"ai_approved";"ollama:qwen2.5-coder:7b";"0.95";"Filtre";"Filter, filtre veya sızmak anlamına gelir.";"Sızmak";"freedict+kelly+frequencywords"
"B2";"Darbe";"STROKE";"Noun";"3600";"AI onaylı";"ai_approved";"ollama:qwen2.5-coder:7b";"0.95";"Darbe";"Stroke, darbe veya vuruş anlamına gelir.";"Vuruş | Çarpma | İnme";"freedict+kelly+frequencywords"
"B2";"Kayma";"SLIDE";"Noun";"3602";"AI onaylı";"ai_approved";"ollama:qwen2.5-coder:7b";"0.95";"Kayma";"Slide, kayma veya lam anlamına gelir.";"Lam";"freedict+kelly+frequencywords"
"B2";"Mekanik";"MECHANICAL";"Adjective";"3603";"AI onaylı";"ai_approved";"ollama:qwen2.5-coder:7b";"0.95";"Mekanik";"Mechanical, mekanik veya makine anlamına gelir.";"";"freedict+kelly+frequencywords"
"B2";"Enerji";"STEAM";"Noun";"3604";"AI onaylı";"ai_approved";"ollama:qwen2.5-coder:7b";"0.95";"Enerji";"Steam, enerji veya buhar anlamına gelir.";"Şiddet | Buhar | Güçlendirmek";"freedict+kelly+frequencywords"
"B2";"Sadece";"SOLE";"Adjective";"3606";"AI onaylı";"ai_approved";"ollama:qwen2.5-coder:7b";"0.95";"Sadece";"Sole, sadece veya yalnız anlamına gelir.";"Tek | Yalnız | Ancak | Biricik";"freedict+kelly+frequencywords"
"B2";"Takım";"SQUAD";"Noun";"3607";"AI onaylı";"ai_approved";"ollama:qwen2.5-coder:7b";"0.95";"Takım";"Squad, takım veya ekip anlamına gelir.";"Ekip";"freedict+kelly+frequencywords"
"B2";"Şans";"FORTUNE";"Noun";"3608";"AI onaylı";"ai_approved";"ollama:qwen2.5-coder:7b";"0.95";"Şans";"Fortune, şans veya kaza anlamına gelir.";"Kaza | Tesadüf | Kader | Servet";"freedict+kelly+frequencywords"
"B2";"Asmak";"SUSPEND";"Verb";"3609";"AI onaylı";"ai_approved";"ollama:qwen2.5-coder:7b";"0.95";"Asmak";"Suspend, asmak veya ertelemek anlamına gelir.";"Ertelemek";"freedict+kelly+frequencywords"
"B2";"Söz";"ASSURANCE";"Noun";"3610";"AI onaylı";"ai_approved";"ollama:qwen2.5-coder:7b";"0.95";"Söz";"Assurance, söz veya yemin anlamına gelir.";"Yemin | Güven | Cesaret | İnanç";"freedict+kelly+frequencywords"
"B2";"Hak";"MERIT";"Noun";"3612";"AI onaylı";"ai_approved";"ollama:qwen2.5-coder:7b";"0.95";"Hak";"Sözcük ve ipucu uyumlu, yaygın ve doğru.";"Değer | Marifet";"freedict+kelly+frequencywords"
"B2";"Aynı";"IDENTICAL";"Adjective";"3618";"AI onaylı";"ai_approved";"ollama:qwen2.5-coder:7b";"0.95";"Aynı";"Sözcük ve ipucu uyumlu, yaygın ve doğru.";"Tıpkı | Bir | Sekilde";"freedict+kelly+frequencywords"
"B2";"Bende";"SATELLITE";"Noun";"3621";"AI onaylı";"ai_approved";"ollama:qwen2.5-coder:7b";"0.95";"Bende";"Sözcük ve ipucu uyumlu, yaygın ve doğru.";"Uydu | Uşak";"freedict+kelly+frequencywords"
"B2";"Şartlı";"QUALIFIED";"Adjective";"3623";"AI onaylı";"ai_approved";"ollama:qwen2.5-coder:7b";"0.95";"Şartlı";"Sözcük ve ipucu uyumlu, yaygın ve doğru.";"Sınırlı | Kısıtlı";"freedict+kelly+frequencywords"
"B2";"Klinik";"CLINIC";"Noun";"3625";"AI onaylı";"ai_approved";"ollama:qwen2.5-coder:7b";"0.95";"Klinik";"Sözcük ve ipucu uyumlu, yaygın ve doğru.";"";"freedict+kelly+frequencywords"
"B2";"Gülümseme";"SMILE";"Noun";"3626";"AI onaylı";"ai_approved";"ollama:qwen2.5-coder:7b";"0.95";"Gülümseme";"Sözcük ve ipucu uyumlu, yaygın ve doğru.";"Lütuf | Gülmek | Tebessüm | Gülümsemek";"freedict+kelly+frequencywords"
"B2";"İncitmek";"INJURE";"Verb";"3627";"AI onaylı";"ai_approved";"ollama:qwen2.5-coder:7b";"0.95";"İncitmek";"Sözcük ve ipucu uyumlu, yaygın ve doğru.";"Bozmak";"freedict+kelly+frequencywords"
"B2";"Koy";"BAY";"Noun";"3628";"AI onaylı";"ai_approved";"ollama:qwen2.5-coder:7b";"0.95";"Koy";"Sözcük ve ipucu uyumlu, yaygın ve doğru.";"";"freedict+kelly+frequencywords"
"B2";"Vietnamlı";"VIETNAM";"Noun";"3629";"AI onaylı";"ai_approved";"ollama:qwen2.5-coder:7b";"0.95";"Vietnamlı";"Sözcük ve ipucu uyumlu, yaygın ve doğru.";"";"freedict+kelly+frequencywords"
"B2";"Dürüst";"STRAIGHTFORWARD";"Adjective";"3630";"AI onaylı";"ai_approved";"ollama:qwen2.5-coder:7b";"0.95";"Dürüst";"Sözcük ve ipucu uyumlu, yaygın ve doğru.";"Açıklık";"freedict+kelly+frequencywords"
"B2";"Renk";"SHINE";"Verb";"3631";"AI onaylı";"ai_approved";"ollama:qwen2.5-coder:7b";"0.95";"Renk";"Sözcük ve ipucu uyumlu, yaygın ve doğru.";"Abd | Düzen | Canlılık";"freedict+kelly+frequencywords"
"B2";"Kaza";"CRASH";"Noun";"3633";"AI onaylı";"ai_approved";"ollama:qwen2.5-coder:7b";"0.95";"Kaza";"Sözcük ve ipucu uyumlu, yaygın ve doğru.";"Gürültü | Kırmak | Parçalamak | Çökmek";"freedict+kelly+frequencywords"
"B2";"Ayrıca";"BESIDES";"Preposition";"3634";"AI onaylı";"ai_approved";"ollama:qwen2.5-coder:7b";"0.95";"Ayrıca";"Sözcük ve ipucu uyumlu, yaygın ve doğru.";"";"freedict+kelly+frequencywords"
"B2";"Azaltmak";"SINK";"Verb";"3635";"AI onaylı";"ai_approved";"ollama:qwen2.5-coder:7b";"0.95";"Azaltmak";"Sözcük ve ipucu uyumlu, yaygın ve doğru.";"";"freedict+kelly+frequencywords"
"B2";"Bomba";"BOMB";"Noun";"3636";"AI onaylı";"ai_approved";"ollama:qwen2.5-coder:7b";"0.95";"Bomba";"Sözcük ve ipucu uyumlu, yaygın ve doğru.";"";"freedict+kelly+frequencywords"
"B2";"Aile";"STRAIN";"Noun";"3638";"AI onaylı";"ai_approved";"ollama:qwen2.5-coder:7b";"0.95";"Aile";"Sözcük ve ipucu uyumlu, yaygın ve doğru.";"Şarkı | Tarz | Eser | Nesil";"freedict+kelly+frequencywords"
"B2";"Dolaşmak";"WANDER";"Verb";"3639";"AI onaylı";"ai_approved";"ollama:qwen2.5-coder:7b";"0.95";"Dolaşmak";"Sözcük ve ipucu uyumlu, yaygın ve doğru.";"Dolaşma";"freedict+kelly+frequencywords"
"B2";"Acı";"SMART";"Adjective";"3640";"AI onaylı";"ai_approved";"ollama:qwen2.5-coder:7b";"0.95";"Acı";"Sözcük ve ipucu uyumlu, yaygın ve doğru.";"Akıllı | Usta | Keskin | Şiddetli";"freedict+kelly+frequencywords"
"B2";"Seçmek";"OPT";"Verb";"3642";"AI onaylı";"ai_approved";"ollama:qwen2.5-coder:7b";"0.95";"Seçmek";"Sözcük ve ipucu uyumlu, yaygın ve doğru.";"";"freedict+kelly+frequencywords"
"B2";"Dağıtmak";"CIRCULATE";"Verb";"3644";"AI onaylı";"ai_approved";"ollama:qwen2.5-coder:7b";"0.95";"Dağıtmak";"Sözcük ve ipucu uyumlu, yaygın ve doğru.";"";"freedict+kelly+frequencywords"
"B2";"Hiç";"DUST";"Noun";"3645";"AI onaylı";"ai_approved";"ollama:qwen2.5-coder:7b";"0.9";"Hiç";"Çok yaygın ve doğru bir ipucu";"Çöp | Toprak | Toz";"freedict+kelly+frequencywords"
"B2";"Yar";"LOVER";"Noun";"3646";"AI onaylı";"ai_approved";"ollama:qwen2.5-coder:7b";"0.9";"Yar";"Çok yaygın ve doğru bir ipucu";"";"freedict+kelly+frequencywords"
"B2";"Bölge";"WARD";"Noun";"3652";"AI onaylı";"ai_approved";"ollama:qwen2.5-coder:7b";"0.9";"Bölge";"Çok yaygın ve doğru bir ipucu";"Koruma | Koğuş";"freedict+kelly+frequencywords"
"B2";"Filistin";"PALESTINE";"Noun";"3655";"AI onaylı";"ai_approved";"ollama:qwen2.5-coder:7b";"0.9";"Filistin";"Çok yaygın ve doğru bir ipucu";"";"freedict+kelly+frequencywords"
"B2";"Arka";"REAR";"Adjective";"3656";"AI onaylı";"ai_approved";"ollama:qwen2.5-coder:7b";"0.9";"Arka";"Çok yaygın ve doğru bir ipucu";"Arkadaki | Kaldırmak | Yetiştirmek | Geri";"freedict+kelly+frequencywords"
"B2";"Koruma";"GUARD";"Noun";"3657";"AI onaylı";"ai_approved";"ollama:qwen2.5-coder:7b";"0.9";"Koruma";"Çok yaygın ve doğru bir ipucu";"Korumak | Muhafız | Nöbetçi | Muhafaza";"freedict+kelly+frequencywords"
"B2";"Uygun";"LOGICAL";"Adjective";"3658";"AI onaylı";"ai_approved";"ollama:qwen2.5-coder:7b";"0.9";"Uygun";"Çok yaygın ve doğru bir ipucu";"Mantıklı | Makul";"freedict+kelly+frequencywords"
"B2";"Belirli";"CONCRETE";"Adjective";"3664";"AI onaylı";"ai_approved";"ollama:qwen2.5-coder:7b";"0.9";"Belirli";"Çok yaygın ve doğru bir ipucu";"Maddi | Somut | Beton";"freedict+kelly+frequencywords"
"B2";"Finlandiya";"FINLAND";"Noun";"3668";"AI onaylı";"ai_approved";"ollama:qwen2.5-coder:7b";"0.9";"Finlandiya";"Çok yaygın ve doğru bir ipucu";"";"freedict+kelly+frequencywords"
"B2";"Eğlendirmek";"ENTERTAIN";"Verb";"3670";"AI onaylı";"ai_approved";"ollama:qwen2.5-coder:7b";"0.9";"Eğlendirmek";"Çok yaygın ve doğru bir ipucu";"Ağırlamak";"freedict+kelly+frequencywords"
"B2";"Parça";"PATCH";"Noun";"3671";"AI onaylı";"ai_approved";"ollama:qwen2.5-coder:7b";"0.9";"Parça";"Çok yaygın ve doğru bir ipucu";"Leke | Yama";"freedict+kelly+frequencywords"
"B2";"İma";"HINT";"Noun";"3673";"AI onaylı";"ai_approved";"ollama:qwen2.5-coder:7b";"0.9";"İma";"Çok yaygın ve doğru bir ipucu";"";"freedict+kelly+frequencywords"
"B2";"Keder";"DEPRESSION";"Noun";"3675";"AI onaylı";"ai_approved";"ollama:qwen2.5-coder:7b";"0.9";"Keder";"Çok yaygın ve doğru bir ipucu";"";"freedict+kelly+frequencywords"
"B2";"Atama";"ASSIGNMENT";"Noun";"3676";"AI onaylı";"ai_approved";"ollama:qwen2.5-coder:7b";"0.9";"Atama";"Çok yaygın ve doğru bir ipucu";"";"freedict+kelly+frequencywords"
"B2";"Bez";"FABRIC";"Noun";"3677";"AI onaylı";"ai_approved";"ollama:qwen2.5-coder:7b";"0.9";"Bez";"Çok yaygın ve doğru bir ipucu";"Doku | Kumaş";"freedict+kelly+frequencywords"
"B2";"Korkak";"NERVOUS";"Adjective";"3678";"AI onaylı";"ai_approved";"ollama:qwen2.5-coder:7b";"0.9";"Korkak";"Çok yaygın ve doğru bir ipucu";"Sinirli | Asabi | Ürkek";"freedict+kelly+frequencywords"
"B2";"Arka";"REVERSE";"Verb";"3680";"AI onaylı";"ai_approved";"ollama:qwen2.5-coder:7b";"0.9";"Arka";"Çok yaygın ve doğru bir ipucu";"Ters | Aksi | Aksilik";"freedict+kelly+frequencywords"
"B2";"Yanında";"BESIDE";"Preposition";"3683";"AI onaylı";"ai_approved";"ollama:qwen2.5-coder:7b";"0.9";"Yanında";"Çok yaygın ve doğru bir ipucu";"Üstelik";"freedict+kelly+frequencywords"
"B2";"Endişe";"ANXIETY";"Noun";"3684";"AI onaylı";"ai_approved";"ollama:qwen2.5-coder:7b";"0.9";"Endişe";"Çok yaygın ve doğru bir ipucu";"Korku | Huzursuzluk";"freedict+kelly+frequencywords"
"B2";"Heyecan";"EXCITEMENT";"Noun";"3686";"AI onaylı";"ai_approved";"ollama:qwen2.5-coder:7b";"0.9";"Heyecan";"Çok yaygın ve doğru bir ipucu";"Tahrik";"freedict+kelly+frequencywords"
"B2";"Usta";"SKILLED";"Adjective";"3687";"AI onaylı";"ai_approved";"ollama:qwen2.5-coder:7b";"0.95";"Usta";"Sözcük ve ipucu uyumlu, seviye uygun.";"";"freedict+kelly+frequencywords"
"B2";"Destek";"SHORE";"Noun";"3690";"AI onaylı";"ai_approved";"ollama:qwen2.5-coder:7b";"0.95";"Destek";"Sözcük ve ipucu uyumlu, seviye uygun.";"Sahil | Dayanak";"freedict+kelly+frequencywords"
"B2";"Giysi";"WRAP";"Verb";"3692";"AI onaylı";"ai_approved";"ollama:qwen2.5-coder:7b";"0.95";"Giysi";"Sözcük ve ipucu uyumlu, seviye uygun.";"Palto | Sargı | Atkı";"freedict+kelly+frequencywords"
"B2";"Evren";"UNIVERSE";"Noun";"3694";"AI onaylı";"ai_approved";"ollama:qwen2.5-coder:7b";"0.95";"Evren";"Sözcük ve ipucu uyumlu, seviye uygun.";"Cihan";"freedict+kelly+frequencywords"
"B2";"Kabuk";"SHELL";"Noun";"3697";"AI onaylı";"ai_approved";"ollama:qwen2.5-coder:7b";"0.95";"Kabuk";"Sözcük ve ipucu uyumlu, seviye uygun.";"";"freedict+kelly+frequencywords"
"B2";"Korkunç";"DESPERATE";"Adjective";"3698";"AI onaylı";"ai_approved";"ollama:qwen2.5-coder:7b";"0.95";"Korkunç";"Sözcük ve ipucu uyumlu, seviye uygun.";"Tehlikeli | Müthiş | Ümitsiz | Vahim";"freedict+kelly+frequencywords"
"B2";"Çeşit";"BREED";"Verb";"3700";"AI onaylı";"ai_approved";"ollama:qwen2.5-coder:7b";"0.95";"Çeşit";"Sözcük ve ipucu uyumlu, seviye uygun.";"Doğurmak | Üretmek | Nesil | Soy";"freedict+kelly+frequencywords"
"B2";"Gasp";"GRAB";"Verb";"3701";"AI onaylı";"ai_approved";"ollama:qwen2.5-coder:7b";"0.95";"Gasp";"Sözcük ve ipucu uyumlu, seviye uygun.";"Vinç";"freedict+kelly+frequencywords"
"B2";"İhtiyaç";"NECESSITY";"Noun";"3702";"AI onaylı";"ai_approved";"ollama:qwen2.5-coder:7b";"0.95";"İhtiyaç";"Sözcük ve ipucu uyumlu, seviye uygun.";"Lüzum";"freedict+kelly+frequencywords"
"B2";"Ticari";"MERCHANT";"Noun";"3703";"AI onaylı";"ai_approved";"ollama:qwen2.5-coder:7b";"0.95";"Ticari";"Sözcük ve ipucu uyumlu, seviye uygun.";"";"freedict+kelly+frequencywords"
"B2";"Uğraşmak";"STRIVE";"Verb";"3705";"AI onaylı";"ai_approved";"ollama:qwen2.5-coder:7b";"0.95";"Uğraşmak";"Sözcük ve ipucu uyumlu, seviye uygun.";"";"freedict+kelly+frequencywords"
"B2";"Zarar";"HARM";"Noun";"3706";"AI onaylı";"ai_approved";"ollama:qwen2.5-coder:7b";"0.95";"Zarar";"Sözcük ve ipucu uyumlu, seviye uygun.";"Hasar | Felaket | Kötülük | Şer";"freedict+kelly+frequencywords"
"B2";"Huzur";"SILENCE";"Noun";"3708";"AI onaylı";"ai_approved";"ollama:qwen2.5-coder:7b";"0.95";"Huzur";"Sözcük ve ipucu uyumlu, seviye uygun.";"Sessizlik | Sükunet | Susturmak";"freedict+kelly+frequencywords"
"B2";"Kurtarmak";"RELIEVE";"Verb";"3710";"AI onaylı";"ai_approved";"ollama:qwen2.5-coder:7b";"0.95";"Kurtarmak";"Sözcük ve ipucu uyumlu, seviye uygun.";"";"freedict+kelly+frequencywords"
"B2";"Delik";"SLOT";"Noun";"3711";"AI onaylı";"ai_approved";"ollama:qwen2.5-coder:7b";"0.95";"Delik";"Sözcük ve ipucu uyumlu, seviye uygun.";"Mevki";"freedict+kelly+frequencywords"
"B2";"Düzeltme";"REVISION";"Noun";"3714";"AI onaylı";"ai_approved";"ollama:qwen2.5-coder:7b";"0.95";"Düzeltme";"Sözcük ve ipucu uyumlu, seviye uygun.";"";"freedict+kelly+frequencywords"
"B2";"Kabul";"ALLOWANCE";"Noun";"3718";"AI onaylı";"ai_approved";"ollama:qwen2.5-coder:7b";"0.95";"Kabul";"Sözcük ve ipucu uyumlu, seviye uygun.";"Teslim | Karşılık | Müsaade | Bırakma";"freedict+kelly+frequencywords"
"B2";"Bağlamak";"TAP";"Verb";"3722";"AI onaylı";"ai_approved";"ollama:qwen2.5-coder:7b";"0.95";"Bağlamak";"Sözcük ve ipucu uyumlu, seviye uygun.";"Pençe | Kılavuz";"freedict+kelly+frequencywords"
"B2";"Takip";"PURSUIT";"Noun";"3724";"AI onaylı";"ai_approved";"ollama:qwen2.5-coder:7b";"0.95";"Takip";"Sözcük ve ipucu uyumlu, seviye uygun.";"Arama";"freedict+kelly+frequencywords"
"B2";"Antrenör";"TRAINER";"Noun";"3725";"AI onaylı";"ai_approved";"ollama:qwen2.5-coder:7b";"0.95";"Antrenör";"Sözcük ve ipucu uyumlu, seviye uygun.";"";"freedict+kelly+frequencywords"
"B2";"Yolcu";"TRAVELLER";"Noun";"3726";"AI onaylı";"ai_approved";"ollama:qwen2.5-coder:7b";"0.95";"Yolcu";"Çok yaygın ve doğru";"";"freedict+kelly+frequencywords"
"B2";"Çifte";"DUAL";"Adjective";"3727";"AI onaylı";"ai_approved";"ollama:qwen2.5-coder:7b";"0.95";"Çifte";"Çok yaygın ve doğru";"İkili";"freedict+kelly+frequencywords"
"B2";"Yol";"OUTLET";"Noun";"3728";"AI onaylı";"ai_approved";"ollama:qwen2.5-coder:7b";"0.95";"Yol";"Çok yaygın ve doğru";"Kapı | Delik | Ağız";"freedict+kelly+frequencywords"
"B2";"Spiral";"LOOP";"Noun";"3729";"AI onaylı";"ai_approved";"ollama:qwen2.5-coder:7b";"0.95";"Spiral";"Çok yaygın ve doğru";"";"freedict+kelly+frequencywords"
"B2";"Şüpheli";"LOOSE";"Adjective";"3730";"AI onaylı";"ai_approved";"ollama:qwen2.5-coder:7b";"0.95";"Şüpheli";"Çok yaygın ve doğru";"Dağınık | Açmak | Kaçmak | Kurtulmak";"freedict+kelly+frequencywords"
"B2";"İmza";"SIGNATURE";"Noun";"3735";"AI onaylı";"ai_approved";"ollama:qwen2.5-coder:7b";"0.95";"İmza";"Çok yaygın ve doğru";"Forma";"freedict+kelly+frequencywords"
"B2";"Efendi";"GENTLEMAN";"Noun";"3736";"AI onaylı";"ai_approved";"ollama:qwen2.5-coder:7b";"0.95";"Efendi";"Çok yaygın ve doğru";"";"freedict+kelly+frequencywords"
"B2";"Çıkarmak";"INVENT";"Verb";"3738";"AI onaylı";"ai_approved";"ollama:qwen2.5-coder:7b";"0.95";"Çıkarmak";"Çok yaygın ve doğru";"Uydurmak";"freedict+kelly+frequencywords"
"B2";"Sürekli";"RUNNING";"Noun";"3739";"AI onaylı";"ai_approved";"ollama:qwen2.5-coder:7b";"0.95";"Sürekli";"Çok yaygın ve doğru";"Geçer | Düz | Devamlı | Sıvı";"freedict+kelly+frequencywords"
"B2";"Fotoğrafçı";"PHOTOGRAPHER";"Noun";"3740";"AI onaylı";"ai_approved";"ollama:qwen2.5-coder:7b";"0.95";"Fotoğrafçı";"Çok yaygın ve doğru";"";"freedict+kelly+frequencywords"
"B2";"Şükür";"PRAISE";"Verb";"3743";"AI onaylı";"ai_approved";"ollama:qwen2.5-coder:7b";"0.95";"Şükür";"Çok yaygın ve doğru";"Övgü";"freedict+kelly+frequencywords"
"B2";"Adım";"CLIP";"Noun";"3745";"AI onaylı";"ai_approved";"ollama:qwen2.5-coder:7b";"0.95";"Adım";"Çok yaygın ve doğru";"Kesme | Sürat | Koşmak | İndirmek";"freedict+kelly+frequencywords"
"B2";"Hani";"BASS";"Noun";"3747";"AI onaylı";"ai_approved";"ollama:qwen2.5-coder:7b";"0.95";"Hani";"Çok yaygın ve doğru";"Levrek";"freedict+kelly+frequencywords"
"B2";"Tamam";"MATURE";"Adjective";"3748";"AI onaylı";"ai_approved";"ollama:qwen2.5-coder:7b";"0.95";"Tamam";"Çok yaygın ve doğru";"Olmuş | Olmak | Tamamen | Olgun";"freedict+kelly+frequencywords"
"B2";"Plan";"DIAGRAM";"Noun";"3750";"AI onaylı";"ai_approved";"ollama:qwen2.5-coder:7b";"0.95";"Plan";"Çok yaygın ve doğru";"Resim | Şekil";"freedict+kelly+frequencywords"
"B2";"Şiir";"VERSE";"Noun";"3752";"AI onaylı";"ai_approved";"ollama:qwen2.5-coder:7b";"0.95";"Şiir";"Çok yaygın ve doğru";"Kıta | Ayet";"freedict+kelly+frequencywords"
"B2";"Bilinçli";"CONSCIOUS";"Adjective";"3753";"AI onaylı";"ai_approved";"ollama:qwen2.5-coder:7b";"0.95";"Bilinçli";"Çok yaygın ve doğru";"";"freedict+kelly+frequencywords"
"B2";"Merhamet";"GRACE";"Noun";"3754";"AI onaylı";"ai_approved";"ollama:qwen2.5-coder:7b";"0.95";"Merhamet";"Çok yaygın ve doğru";"Nezaket | Zarafet | Rahmet | Mühlet";"freedict+kelly+frequencywords"
"B2";"Canlandırmak";"RENEW";"Verb";"3755";"AI onaylı";"ai_approved";"ollama:qwen2.5-coder:7b";"0.95";"Canlandırmak";"Çok yaygın ve doğru";"Yenilemek";"freedict+kelly+frequencywords"
"B2";"Eğlenceli";"ENTERTAINING";"Adjective";"3756";"AI onaylı";"ai_approved";"ollama:qwen2.5-coder:7b";"0.95";"Eğlenceli";"Çok yaygın ve doğru";"";"freedict+kelly+frequencywords"
"B2";"Başlık";"HEADLINE";"Noun";"3758";"AI onaylı";"ai_approved";"ollama:qwen2.5-coder:7b";"0.95";"Başlık";"Sözcük ve ipucu tam olarak eşleşiyor.";"";"freedict+kelly+frequencywords"
"B2";"Sakin";"SILENT";"Adjective";"3760";"AI onaylı";"ai_approved";"ollama:qwen2.5-coder:7b";"0.95";"Sakin";"Sözcük ve ipucu tam olarak eşleşiyor.";"Sessiz";"freedict+kelly+frequencywords"
"B2";"Hak";"PRIVILEGE";"Noun";"3761";"AI onaylı";"ai_approved";"ollama:qwen2.5-coder:7b";"0.95";"Hak";"Sözcük ve ipucu tam olarak eşleşiyor.";"Müsaade | Ayrıcalık | Ruhsat";"freedict+kelly+frequencywords"
"B2";"Doz";"DOSE";"Noun";"3763";"AI onaylı";"ai_approved";"ollama:qwen2.5-coder:7b";"0.95";"Doz";"Sözcük ve ipucu tam olarak eşleşiyor.";"";"freedict+kelly+frequencywords"
"B2";"Dışarıdaki";"OUTER";"Adjective";"3764";"AI onaylı";"ai_approved";"ollama:qwen2.5-coder:7b";"0.95";"Dışarıdaki";"Sözcük ve ipucu tam olarak eşleşiyor.";"";"freedict+kelly+frequencywords"
"B2";"Ciddi";"STEADY";"Adjective";"3766";"AI onaylı";"ai_approved";"ollama:qwen2.5-coder:7b";"0.95";"Ciddi";"Sözcük ve ipucu tam olarak eşleşiyor.";"Sürekli | Sağlam | Düzenli | Metin";"freedict+kelly+frequencywords"
"B2";"Dahil";"INTERIOR";"Noun";"3767";"AI onaylı";"ai_approved";"ollama:qwen2.5-coder:7b";"0.95";"Dahil";"Sözcük ve ipucu tam olarak eşleşiyor.";"Manevi | İçten | İçerideki | Dahili";"freedict+kelly+frequencywords"
"B2";"Yakalamak";"GRIP";"Noun";"3768";"AI onaylı";"ai_approved";"ollama:qwen2.5-coder:7b";"0.95";"Yakalamak";"Sözcük ve ipucu tam olarak eşleşiyor.";"Pençe | Kavrama";"freedict+kelly+frequencywords"
"B2";"Yaşamak";"BREATHE";"Verb";"3770";"AI onaylı";"ai_approved";"ollama:qwen2.5-coder:7b";"0.95";"Yaşamak";"Sözcük ve ipucu tam olarak eşleşiyor.";"Belirtmek | Canlandırmak";"freedict+kelly+frequencywords"
"B2";"Aşırı";"STEEP";"Adjective";"3774";"AI onaylı";"ai_approved";"ollama:qwen2.5-coder:7b";"0.95";"Aşırı";"Sözcük ve ipucu tam olarak eşleşiyor.";"Dik";"freedict+kelly+frequencywords"
"B2";"Yarışma";"TOURNAMENT";"Noun";"3776";"AI onaylı";"ai_approved";"ollama:qwen2.5-coder:7b";"0.95";"Yarışma";"Sözcük ve ipucu tam olarak eşleşiyor.";"Turnuva";"freedict+kelly+frequencywords"
"B2";"Usta";"SUBTLE";"Adjective";"3777";"AI onaylı";"ai_approved";"ollama:qwen2.5-coder:7b";"0.95";"Usta";"Sözcük ve ipucu tam olarak eşleşiyor.";"Kurnaz | İnce | Ustaca | Kurnazca";"freedict+kelly+frequencywords"
"B2";"Tavan";"CEILING";"Noun";"3779";"AI onaylı";"ai_approved";"ollama:qwen2.5-coder:7b";"0.95";"Tavan";"Sözcük ve ipucu tam olarak eşleşiyor.";"";"freedict+kelly+frequencywords"
"B2";"Koruma";"SHELTER";"Noun";"3780";"AI onaylı";"ai_approved";"ollama:qwen2.5-coder:7b";"0.95";"Koruma";"Sözcük ve ipucu tam olarak eşleşiyor.";"Korumak | Sığınak | Muhafaza | Siper";"freedict+kelly+frequencywords"
"B2";"Madde";"TIMBER";"Noun";"3781";"AI onaylı";"ai_approved";"ollama:qwen2.5-coder:7b";"0.95";"Madde";"Sözcük ve ipucu tam olarak eşleşiyor.";"Yetenek | Malzeme";"freedict+kelly+frequencywords"
"B2";"Sınır";"STRIP";"Noun";"3782";"AI onaylı";"ai_approved";"ollama:qwen2.5-coder:7b";"0.95";"Sınır";"Sözcük ve ipucu tam olarak eşleşiyor.";"Şerit | Soymak";"freedict+kelly+frequencywords"
"B2";"Geçmek";"CAP";"Noun";"3784";"AI onaylı";"ai_approved";"ollama:qwen2.5-coder:7b";"0.95";"Geçmek";"Sözcük ve ipucu tam olarak eşleşiyor.";"Tepe | Başlık | Zirve | Tamamlamak";"freedict+kelly+frequencywords"
"B2";"Kırmak";"CRACK";"Verb";"3785";"AI onaylı";"ai_approved";"ollama:qwen2.5-coder:7b";"0.95";"Kırmak";"Sözcük ve ipucu tam olarak eşleşiyor.";"Çatlak | Aralık | Zorlamak | Delice";"freedict+kelly+frequencywords"
"B2";"Sırf";"SHEER";"Adjective";"3786";"AI onaylı";"ai_approved";"ollama:qwen2.5-coder:7b";"0.95";"Sırf";"Sözcük ve ipucu tam olarak eşleşiyor.";"Saf | Dimdik | Büsbütün";"freedict+kelly+frequencywords"
"B2";"Rahip";"PRIEST";"Noun";"3787";"AI onaylı";"ai_approved";"ollama:qwen2.5-coder:7b";"0.95";"Rahip";"Sözcük ve ipucu tam olarak eşleşiyor.";"Papaz";"freedict+kelly+frequencywords"
"B2";"Zorlamak";"OBLIGE";"Verb";"3788";"AI onaylı";"ai_approved";"ollama:qwen2.5-coder:7b";"0.95";"Zorlamak";"Zorlamak ve mecburi anlamına gelen 'obligate' kelimesi yaygın olarak kullanılır ve Türkçe-İngilizce karşılığı doğru.";"";"freedict+kelly+frequencywords"
"B2";"Hemşirelik";"NURSING";"Noun";"3790";"AI onaylı";"ai_approved";"ollama:qwen2.5-coder:7b";"0.95";"Hemşirelik";"Hemşirelik ve bakım anlamına gelen 'nursing' kelimesi yaygın olarak kullanılır ve Türkçe-İngilizce karşılığı doğru.";"";"freedict+kelly+frequencywords"
"B2";"Mecburi";"COMPULSORY";"Adjective";"3792";"AI onaylı";"ai_approved";"ollama:qwen2.5-coder:7b";"0.95";"Mecburi";"Mecburi ve zorunlu anlamına gelen 'compulsory' kelimesi yaygın olarak kullanılır ve Türkçe-İngilizce karşılığı doğru.";"Yükümlü";"freedict+kelly+frequencywords"
"B2";"Hassas";"LIABLE";"Adjective";"3795";"AI onaylı";"ai_approved";"ollama:qwen2.5-coder:7b";"0.95";"Hassas";"Hassas ve sorumlu anlamına gelen 'liable' kelimesi yaygın olarak kullanılır ve Türkçe-İngilizce karşılığı doğru.";"Maruz";"freedict+kelly+frequencywords"
"B2";"Dolaşmak";"FLOAT";"Verb";"3796";"AI onaylı";"ai_approved";"ollama:qwen2.5-coder:7b";"0.95";"Dolaşmak";"Dolaşmak ve yüzmek anlamına gelen 'float' kelimesi yaygın olarak kullanılır ve Türkçe-İngilizce karşılığı doğru.";"Yüzmek | Sal | Yaymak | Mala";"freedict+kelly+frequencywords"
"B2";"Söz";"REMARK";"Noun";"3798";"AI onaylı";"ai_approved";"ollama:qwen2.5-coder:7b";"0.95";"Söz";"Söz ve açıklama anlamına gelen 'remark' kelimesi yaygın olarak kullanılır ve Türkçe-İngilizce karşılığı doğru.";"Demek | Söylemek | Görme | İşaret";"freedict+kelly+frequencywords"
"B2";"Kalp";"BREAST";"Noun";"3799";"AI onaylı";"ai_approved";"ollama:qwen2.5-coder:7b";"0.95";"Kalp";"Kalp ve göğüs anlamına gelen 'breast' kelimesi yaygın olarak kullanılır ve Türkçe-İngilizce karşılığı doğru.";"Göğüs | Meme | Gönül | Yürek";"freedict+kelly+frequencywords"
"B2";"Hareket";"STIR";"Verb";"3800";"AI onaylı";"ai_approved";"ollama:qwen2.5-coder:7b";"0.95";"Hareket";"Hareket ve karışıklık anlamına gelen 'stir' kelimesi yaygın olarak kullanılır ve Türkçe-İngilizce karşılığı doğru.";"Gürültü | Kalkmak | Karışıklık | Canlandırmak";"freedict+kelly+frequencywords"
"B2";"Asit";"ACID";"Noun";"3801";"AI onaylı";"ai_approved";"ollama:qwen2.5-coder:7b";"0.95";"Asit";"Asit ve ekşi anlamına gelen 'acid' kelimesi yaygın olarak kullanılır ve Türkçe-İngilizce karşılığı doğru.";"Ekşi";"freedict+kelly+frequencywords"
"B2";"Analiz";"BREAKDOWN";"Noun";"3803";"AI onaylı";"ai_approved";"ollama:qwen2.5-coder:7b";"0.95";"Analiz";"Analiz ve bozulma anlamına gelen 'breakdown' kelimesi yaygın olarak kullanılır ve Türkçe-İngilizce karşılığı doğru.";"Bozulma";"freedict+kelly+frequencywords"
"B2";"Çocuk";"YOUNGSTER";"Noun";"3806";"AI onaylı";"ai_approved";"ollama:qwen2.5-coder:7b";"0.95";"Çocuk";"Çocuk ve delikanlı anlamına gelen 'youngster' kelimesi yaygın olarak kullanılır ve Türkçe-İngilizce karşılığı doğru.";"Delikanlı | Yavru";"freedict+kelly+frequencywords"
"B2";"Yapma";"ARTIFICIAL";"Adjective";"3809";"AI onaylı";"ai_approved";"ollama:qwen2.5-coder:7b";"0.95";"Yapma";"Yapma ve sahte anlamına gelen 'artificial' kelimesi yaygın olarak kullanılır ve Türkçe-İngilizce karşılığı doğru.";"Yalan | Sahte | Taklit | Suni";"freedict+kelly+frequencywords"
"B2";"Izgara";"GRID";"Noun";"3811";"AI onaylı";"ai_approved";"ollama:qwen2.5-coder:7b";"0.95";"Izgara";"Izgara ve şerit anlamına gelen 'grid' kelimesi yaygın olarak kullanılır ve Türkçe-İngilizce karşılığı doğru.";"";"freedict+kelly+frequencywords"
"B2";"Musevi";"HEBREW";"Noun";"3812";"AI onaylı";"ai_approved";"ollama:qwen2.5-coder:7b";"0.95";"Musevi";"Musevi ve İbranice anlamına gelen 'Hebrew' kelimesi yaygın olarak kullanılır ve Türkçe-İngilizce karşılığı doğru.";"İbranice";"freedict+kelly+frequencywords"
"B2";"Romantik";"ROMANTIC";"Adjective";"3815";"AI onaylı";"ai_approved";"ollama:qwen2.5-coder:7b";"0.95";"Romantik";"Romantik ve aşkı anlamına gelen 'romantic' kelimesi yaygın olarak kullanılır ve Türkçe-İngilizce karşılığı doğru.";"";"freedict+kelly+frequencywords"
"B2";"Değerli";"WORTHWHILE";"Adjective";"3817";"AI onaylı";"ai_approved";"ollama:qwen2.5-coder:7b";"0.95";"Değerli";"Değerli ve faydalı anlamına gelen 'worthwhile' kelimesi yaygın olarak kullanılır ve Türkçe-İngilizce karşılığı doğru.";"Faydalı";"freedict+kelly+frequencywords"
"B2";"Mahrem";"CONFIDENTIAL";"Adjective";"3818";"AI onaylı";"ai_approved";"ollama:qwen2.5-coder:7b";"0.95";"Mahrem";"Mahrem ve gizli anlamına gelen 'confidential' kelimesi yaygın olarak kullanılır ve Türkçe-İngilizce karşılığı doğru.";"Gizli";"freedict+kelly+frequencywords"
"B2";"Deniz";"FLOOD";"Noun";"3819";"AI onaylı";"ai_approved";"ollama:qwen2.5-coder:7b";"0.95";"Deniz";"Deniz ve sel anlamına gelen 'flood' kelimesi yaygın olarak kullanılır ve Türkçe-İngilizce karşılığı doğru.";"Sel";"freedict+kelly+frequencywords"
"B2";"Cesur";"BOLD";"Adjective";"3820";"AI onaylı";"ai_approved";"ollama:qwen2.5-coder:7b";"0.95";"Cesur";"Cesur ve atılgan anlamına gelen 'bold' kelimesi yaygın olarak kullanılır ve Türkçe-İngilizce karşılığı doğru.";"Dik | Atılgan | Küstah | Çarpıcı";"freedict+kelly+frequencywords"
"B2";"Plan";"RECIPE";"Noun";"3824";"AI onaylı";"ai_approved";"ollama:qwen2.5-coder:7b";"0.95";"Plan";"Plan ve reçete anlamına gelen 'recipe' kelimesi yaygın olarak kullanılır ve Türkçe-İngilizce karşılığı doğru.";"Çözüm | Çare | Reçete";"freedict+kelly+frequencywords"
"B2";"Sinir";"NERVE";"Noun";"3826";"AI onaylı";"ai_approved";"ollama:qwen2.5-coder:7b";"0.95";"Sinir";"Cevap ve ipucu tam olarak eşleşiyor ve seviye uygun.";"Cesaret | Cüret | Kuvvet | Küstahlık";"freedict+kelly+frequencywords"
"B2";"Öfke";"PET";"Noun";"3828";"AI onaylı";"ai_approved";"ollama:qwen2.5-coder:7b";"0.95";"Öfke";"Cevap ve ipucu tam olarak eşleşiyor ve seviye uygun.";"Evcil | Gözde | Sevmek | Kızgınlık";"freedict+kelly+frequencywords"
"B2";"Yeraltı";"UNDERGROUND";"Adjective";"3829";"AI onaylı";"ai_approved";"ollama:qwen2.5-coder:7b";"0.95";"Yeraltı";"Cevap ve ipucu tam olarak eşleşiyor ve seviye uygun.";"Metro | Yeraltında | Gizli";"freedict+kelly+frequencywords"
"B2";"Kanal";"CANAL";"Noun";"3831";"AI onaylı";"ai_approved";"ollama:qwen2.5-coder:7b";"0.95";"Kanal";"Cevap ve ipucu tam olarak eşleşiyor ve seviye uygun.";"";"freedict+kelly+frequencywords"
"B2";"Nezaket";"POLISH";"Adjective";"3832";"AI onaylı";"ai_approved";"ollama:qwen2.5-coder:7b";"0.95";"Nezaket";"Cevap ve ipucu tam olarak eşleşiyor ve seviye uygun.";"İncelik | Zarafet";"freedict+kelly+frequencywords"
"B2";"Dürtü";"TRIGGER";"Verb";"3833";"AI onaylı";"ai_approved";"ollama:qwen2.5-coder:7b";"0.95";"Dürtü";"Cevap ve ipucu tam olarak eşleşiyor ve seviye uygun.";"";"freedict+kelly+frequencywords"
"B2";"Korkunç";"GIANT";"Adjective";"3835";"AI onaylı";"ai_approved";"ollama:qwen2.5-coder:7b";"0.95";"Korkunç";"Cevap ve ipucu tam olarak eşleşiyor ve seviye uygun.";"Kocaman | Dev";"freedict+kelly+frequencywords"
"B2";"Değer";"PRECIOUS";"Adjective";"3839";"AI onaylı";"ai_approved";"ollama:qwen2.5-coder:7b";"0.95";"Değer";"Cevap ve ipucu tam olarak eşleşiyor ve seviye uygun.";"Değerli | Aziz | Kıymetli | Ender";"freedict+kelly+frequencywords"
"B2";"Artık";"TAG";"Noun";"3840";"AI onaylı";"ai_approved";"ollama:qwen2.5-coder:7b";"0.95";"Artık";"Cevap ve ipucu tam olarak eşleşiyor ve seviye uygun.";"Rozet | Fiş | Pusula | Seçmek";"freedict+kelly+frequencywords"
"B2";"Takım";"BUNCH";"Noun";"3841";"AI onaylı";"ai_approved";"ollama:qwen2.5-coder:7b";"0.95";"Takım";"Cevap ve ipucu tam olarak eşleşiyor ve seviye uygun.";"Grup | Demet | Deste";"freedict+kelly+frequencywords"
"B2";"Anahtar";"CLUE";"Noun";"3842";"AI onaylı";"ai_approved";"ollama:qwen2.5-coder:7b";"0.95";"Anahtar";"Cevap ve ipucu tam olarak eşleşiyor ve seviye uygun.";"İpucu | Aydınlatmak";"freedict+kelly+frequencywords"
"B2";"Tutarlı";"MODEST";"Adjective";"3843";"AI onaylı";"ai_approved";"ollama:qwen2.5-coder:7b";"0.95";"Tutarlı";"Cevap ve ipucu tam olarak eşleşiyor ve seviye uygun.";"Namuslu | Tevazu | Gösterişsiz | Ilımlı";"freedict+kelly+frequencywords"
"B2";"Derhal";"INSTANT";"Adjective";"3847";"AI onaylı";"ai_approved";"ollama:qwen2.5-coder:7b";"0.95";"Derhal";"Cevap ve ipucu tam olarak eşleşiyor ve seviye uygun.";"Şimdiki | Dakika";"freedict+kelly+frequencywords"
"B2";"Kıta";"CONTINENT";"Noun";"3849";"AI onaylı";"ai_approved";"ollama:qwen2.5-coder:7b";"0.95";"Kıta";"Cevap ve ipucu tam olarak eşleşiyor ve seviye uygun.";"Ölçülü";"freedict+kelly+frequencywords"
"B2";"Düzen";"RHYTHM";"Noun";"3851";"AI onaylı";"ai_approved";"ollama:qwen2.5-coder:7b";"0.95";"Düzen";"Cevap ve ipucu tam olarak eşleşiyor ve seviye uygun.";"Uyumlu | Ritim | Düzenle";"freedict+kelly+frequencywords"
"B2";"Canlı";"GAY";"Adjective";"3857";"AI onaylı";"ai_approved";"ollama:qwen2.5-coder:7b";"0.95";"Canlı";"Cevap ve ipucu tam olarak eşleşiyor ve seviye uygun.";"Parlak | Neşeli | Keyifli | Şen";"freedict+kelly+frequencywords"
"B2";"Kazık";"STAKE";"Noun";"3860";"AI onaylı";"ai_approved";"ollama:qwen2.5-coder:7b";"0.95";"Kazık";"Cevap ve ipucu tam olarak eşleşiyor ve seviye uygun.";"";"freedict+kelly+frequencywords"
"B2";"Kaptan";"CAPTAIN";"Noun";"3861";"AI onaylı";"ai_approved";"ollama:qwen2.5-coder:7b";"0.95";"Kaptan";"Cevap ve ipucu tam olarak eşleşiyor ve seviye uygun.";"Şef | Yüzbaşı | Lider | Liderlik";"freedict+kelly+frequencywords"
"B2";"İtiraz";"OBJECTION";"Noun";"3862";"AI onaylı";"ai_approved";"ollama:qwen2.5-coder:7b";"0.95";"İtiraz";"Cevap ve ipucu tam olarak eşleşiyor ve seviye uygun.";"";"freedict+kelly+frequencywords"
"B2";"Nazik";"MILD";"Adjective";"3863";"AI onaylı";"ai_approved";"ollama:qwen2.5-coder:7b";"0.95";"Nazik";"Cevap ve ipucu tam olarak eşleşiyor ve seviye uygun.";"Yumuşak | Kibar | Zarif | Ilımlı";"freedict+kelly+frequencywords"
"B2";"Hizmet";"MINISTRY";"Noun";"3868";"AI onaylı";"ai_approved";"ollama:qwen2.5-coder:7b";"0.95";"Hizmet";"Ipucu yaygın ve doğru, aynı sözcük türünde, tek kelimelik ve seviye yaklaşık doğru.";"Bakanlık";"freedict+kelly+frequencywords"
"B2";"Nijerya";"NIGERIA";"Noun";"3869";"AI onaylı";"ai_approved";"ollama:qwen2.5-coder:7b";"0.95";"Nijerya";"Ipucu yaygın ve doğru, aynı sözcük türünde, tek kelimelik ve seviye yaklaşık doğru.";"";"freedict+kelly+frequencywords"
"B2";"Ancak";"BARELY";"Adverb";"3870";"AI onaylı";"ai_approved";"ollama:qwen2.5-coder:7b";"0.95";"Ancak";"Ipucu yaygın ve doğru, aynı sözcük türünde, tek kelimelik ve seviye yaklaşık doğru.";"Açıkça";"freedict+kelly+frequencywords"
"B2";"Canlı";"DRIVING";"Noun";"3877";"AI onaylı";"ai_approved";"ollama:qwen2.5-coder:7b";"0.95";"Canlı";"Ipucu yaygın ve doğru, aynı sözcük türünde, tek kelimelik ve seviye yaklaşık doğru.";"Sert | Çeviren | Şiddetli | Sürme";"freedict+kelly+frequencywords"
"B2";"Alan";"SWEEP";"Verb";"3879";"AI onaylı";"ai_approved";"ollama:qwen2.5-coder:7b";"0.95";"Alan";"Ipucu yaygın ve doğru, aynı sözcük türünde, tek kelimelik ve seviye yaklaşık doğru.";"Saha | Temizleme | Sürüklemek";"freedict+kelly+frequencywords"
"B2";"Ambarda";"DECK";"Noun";"3881";"AI onaylı";"ai_approved";"ollama:qwen2.5-coder:7b";"0.95";"Ambarda";"Ipucu yaygın ve doğru, aynı sözcük türünde, tek kelimelik ve seviye yaklaşık doğru.";"";"freedict+kelly+frequencywords"
"B2";"Kolaylık";"CONVENIENCE";"Noun";"3882";"AI onaylı";"ai_approved";"ollama:qwen2.5-coder:7b";"0.95";"Kolaylık";"Ipucu yaygın ve doğru, aynı sözcük türünde, tek kelimelik ve seviye yaklaşık doğru.";"";"freedict+kelly+frequencywords"
"B2";"Karanlık";"SHADE";"Noun";"3884";"AI onaylı";"ai_approved";"ollama:qwen2.5-coder:7b";"0.95";"Karanlık";"Ipucu yaygın ve doğru, aynı sözcük türünde, tek kelimelik ve seviye yaklaşık doğru.";"Derece | Hayalet | Gölge | Gömlek";"freedict+kelly+frequencywords"
"B2";"Kat";"FOLD";"Verb";"3886";"AI onaylı";"ai_approved";"ollama:qwen2.5-coder:7b";"0.95";"Kat";"Ipucu yaygın ve doğru, aynı sözcük türünde, tek kelimelik ve seviye yaklaşık doğru.";"Katlanmak | Sarılmak | Sarmak | Cemaat";"freedict+kelly+frequencywords"
"B2";"Garip";"CURIOUS";"Adjective";"3890";"AI onaylı";"ai_approved";"ollama:qwen2.5-coder:7b";"0.95";"Garip";"Ipucu yaygın ve doğru, aynı sözcük türünde, tek kelimelik ve seviye yaklaşık doğru.";"Tuhaf | Acayip | Nadir | Meraklı";"freedict+kelly+frequencywords"
"B2";"İmparatorluk";"EMPIRE";"Noun";"3892";"AI onaylı";"ai_approved";"ollama:qwen2.5-coder:7b";"0.95";"İmparatorluk";"Ipucu yaygın ve doğru, aynı sözcük türünde, tek kelimelik ve seviye yaklaşık doğru.";"";"freedict+kelly+frequencywords"
"B2";"Kurtarmak";"RESCUE";"Verb";"3894";"AI onaylı";"ai_approved";"ollama:qwen2.5-coder:7b";"0.95";"Kurtarmak";"Ipucu yaygın ve doğru, aynı sözcük türünde, tek kelimelik ve seviye yaklaşık doğru.";"Kurtuluş";"freedict+kelly+frequencywords"
"B2";"İlave";"SUPPLEMENT";"Noun";"3896";"AI onaylı";"ai_approved";"ollama:qwen2.5-coder:7b";"0.95";"İlave";"Ipucu yaygın ve doğru, aynı sözcük türünde, tek kelimelik ve seviye yaklaşık doğru.";"Eklemek";"freedict+kelly+frequencywords"
"B2";"Mahvetmek";"RUIN";"Verb";"3897";"AI onaylı";"ai_approved";"ollama:qwen2.5-coder:7b";"0.95";"Mahvetmek";"Ipucu yaygın ve doğru, aynı sözcük türünde, tek kelimelik ve seviye yaklaşık doğru.";"Bozmak | Batırmak | Tahrip | Harabe";"freedict+kelly+frequencywords"
"B2";"Maden";"MINERAL";"Noun";"3899";"AI onaylı";"ai_approved";"ollama:qwen2.5-coder:7b";"0.95";"Maden";"Ipucu yaygın ve doğru, aynı sözcük türünde, tek kelimelik ve seviye yaklaşık doğru.";"Madeni | Mineral";"freedict+kelly+frequencywords"
"B2";"Yabancı";"STRANGER";"Noun";"3900";"AI onaylı";"ai_approved";"ollama:qwen2.5-coder:7b";"0.95";"Yabancı";"Ipucu yaygın ve doğru, aynı sözcük türünde, tek kelimelik ve seviye yaklaşık doğru.";"";"freedict+kelly+frequencywords"
"B2";"Güç";"PAINFUL";"Adjective";"3901";"AI onaylı";"ai_approved";"ollama:qwen2.5-coder:7b";"0.95";"Güç";"Ipucu yaygın ve doğru, aynı sözcük türünde, tek kelimelik ve seviye yaklaşık doğru.";"Üzücü | Zahmetli | Istırap";"freedict+kelly+frequencywords"
"B2";"Teftiş";"INSPECT";"Verb";"3902";"AI onaylı";"ai_approved";"ollama:qwen2.5-coder:7b";"0.95";"Teftiş";"Ipucu yaygın ve doğru, aynı sözcük türünde, tek kelimelik ve seviye yaklaşık doğru.";"Yoklama";"freedict+kelly+frequencywords"
"B2";"Seven";"LOVING";"Adjective";"3904";"AI onaylı";"ai_approved";"ollama:qwen2.5-coder:7b";"0.95";"Seven";"Ipucu yaygın ve doğru, aynı sözcük türünde, tek kelimelik ve seviye yaklaşık doğru.";"İyilik | Lütuf";"freedict+kelly+frequencywords"
"B2";"Cehennem";"PIT";"Noun";"3906";"AI onaylı";"ai_approved";"ollama:qwen2.5-coder:7b";"0.95";"Cehennem";"Ipucu yaygın ve doğru, aynı sözcük türünde, tek kelimelik ve seviye yaklaşık doğru.";"Çukur";"freedict+kelly+frequencywords"
"B2";"İntihar";"SUICIDE";"Noun";"3907";"AI onaylı";"ai_approved";"ollama:qwen2.5-coder:7b";"0.95";"İntihar";"Sözcük ve ipucu tam olarak eşleşiyor ve seviye uygun.";"";"freedict+kelly+frequencywords"
"B2";"Madde";"CLAUSE";"Noun";"3911";"AI onaylı";"ai_approved";"ollama:qwen2.5-coder:7b";"0.95";"Madde";"Sözcük ve ipucu tam olarak eşleşiyor ve seviye uygun.";"Şart | Kontrat | Antlaşma";"freedict+kelly+frequencywords"
"B2";"Endişeli";"CONCERNED";"Adjective";"3913";"AI onaylı";"ai_approved";"ollama:qwen2.5-coder:7b";"0.95";"Endişeli";"Sözcük ve ipucu tam olarak eşleşiyor ve seviye uygun.";"İlgili";"freedict+kelly+frequencywords"
"B2";"Kristal";"CRYSTAL";"Noun";"3914";"AI onaylı";"ai_approved";"ollama:qwen2.5-coder:7b";"0.95";"Kristal";"Sözcük ve ipucu tam olarak eşleşiyor ve seviye uygun.";"Şeffaf";"freedict+kelly+frequencywords"
"B2";"Kanlı";"BLOODY";"Adjective";"3915";"AI onaylı";"ai_approved";"ollama:qwen2.5-coder:7b";"0.95";"Kanlı";"Sözcük ve ipucu tam olarak eşleşiyor ve seviye uygun.";"Alçak | Zalim | Uğursuz | Gaddar";"freedict+kelly+frequencywords"
"B2";"Gelmek";"ORIGINATE";"Verb";"3916";"AI onaylı";"ai_approved";"ollama:qwen2.5-coder:7b";"0.95";"Gelmek";"Sözcük ve ipucu tam olarak eşleşiyor ve seviye uygun.";"Çıkarmak | Yaratmak | Yaratılış";"freedict+kelly+frequencywords"
"B2";"Salon";"LOUNGE";"Noun";"3918";"AI onaylı";"ai_approved";"ollama:qwen2.5-coder:7b";"0.95";"Salon";"Sözcük ve ipucu tam olarak eşleşiyor ve seviye uygun.";"Divan | Aylaklık";"freedict+kelly+frequencywords"
"B2";"Manzara";"SCENERY";"Noun";"3920";"AI onaylı";"ai_approved";"ollama:qwen2.5-coder:7b";"0.95";"Manzara";"Sözcük ve ipucu tam olarak eşleşiyor ve seviye uygun.";"";"freedict+kelly+frequencywords"
"B2";"Baba";"GOVERNOR";"Noun";"3921";"AI onaylı";"ai_approved";"ollama:qwen2.5-coder:7b";"0.95";"Baba";"Sözcük ve ipucu tam olarak eşleşiyor ve seviye uygun.";"Vali";"freedict+kelly+frequencywords"
"B2";"Okyanus";"OCEAN";"Noun";"3923";"AI onaylı";"ai_approved";"ollama:qwen2.5-coder:7b";"0.95";"Okyanus";"Sözcük ve ipucu tam olarak eşleşiyor ve seviye uygun.";"";"freedict+kelly+frequencywords"
"B2";"İskele";"LANDING";"Noun";"3924";"AI onaylı";"ai_approved";"ollama:qwen2.5-coder:7b";"0.95";"İskele";"Sözcük ve ipucu tam olarak eşleşiyor ve seviye uygun.";"";"freedict+kelly+frequencywords"
"B2";"Çıkmak";"STEM";"Verb";"3925";"AI onaylı";"ai_approved";"ollama:qwen2.5-coder:7b";"0.95";"Çıkmak";"Sözcük ve ipucu tam olarak eşleşiyor ve seviye uygun.";"Baş | Durdurmak | Kol | Direk";"freedict+kelly+frequencywords"
"B2";"Yemek";"CONSUME";"Verb";"3926";"AI onaylı";"ai_approved";"ollama:qwen2.5-coder:7b";"0.95";"Yemek";"Sözcük ve ipucu tam olarak eşleşiyor ve seviye uygun.";"Bitirmek | Uçmak | Tükenmek | Yutmak";"freedict+kelly+frequencywords"
"B2";"Broşür";"BROCHURE";"Noun";"3928";"AI onaylı";"ai_approved";"ollama:qwen2.5-coder:7b";"0.95";"Broşür";"Sözcük ve ipucu tam olarak eşleşiyor ve seviye uygun.";"";"freedict+kelly+frequencywords"
"B2";"Uygun";"VIABLE";"Adjective";"3932";"AI onaylı";"ai_approved";"ollama:qwen2.5-coder:7b";"0.95";"Uygun";"Sözcük ve ipucu tam olarak eşleşiyor ve seviye uygun.";"Yaşayabilir | Tutarlı";"freedict+kelly+frequencywords"
"B2";"Tane";"GRAIN";"Noun";"3933";"AI onaylı";"ai_approved";"ollama:qwen2.5-coder:7b";"0.95";"Tane";"Sözcük ve ipucu tam olarak eşleşiyor ve seviye uygun.";"Doku | Zerre | Tohum | Huy";"freedict+kelly+frequencywords"
"B2";"Havuz";"POND";"Noun";"3936";"AI onaylı";"ai_approved";"ollama:qwen2.5-coder:7b";"0.95";"Havuz";"Sözcük ve ipucu tam olarak eşleşiyor ve seviye uygun.";"";"freedict+kelly+frequencywords"
"B2";"Mükemmel";"GLORIOUS";"Adjective";"3937";"AI onaylı";"ai_approved";"ollama:qwen2.5-coder:7b";"0.95";"Mükemmel";"Sözcük ve ipucu tam olarak eşleşiyor ve seviye uygun.";"Muhteşem | Ünlü | Parlak | Şerefli";"freedict+kelly+frequencywords"
"B2";"Zaman";"TIDE";"Noun";"3940";"AI onaylı";"ai_approved";"ollama:qwen2.5-coder:7b";"0.95";"Zaman";"Sözcük ve ipucu tam olarak eşleşiyor ve seviye uygun.";"Saat | Vakit | Akıntı | Mevsim";"freedict+kelly+frequencywords"
"B2";"Öncü";"PIONEER";"Verb";"3941";"AI onaylı";"ai_approved";"ollama:qwen2.5-coder:7b";"0.95";"Öncü";"Sözcük ve ipucu tam olarak eşleşiyor ve seviye uygun.";"";"freedict+kelly+frequencywords"
"B2";"Hazine";"TREASURE";"Noun";"3942";"AI onaylı";"ai_approved";"ollama:qwen2.5-coder:7b";"0.95";"Hazine";"The clue 'Hazine' is a common and accurate translation for 'TREASURE' in Turkish.";"";"freedict+kelly+frequencywords"
"B2";"Tutmak";"RECKON";"Verb";"3947";"AI onaylı";"ai_approved";"ollama:qwen2.5-coder:7b";"0.95";"Tutmak";"The clue 'Tutmak' is a common and accurate translation for 'RECKON' in Turkish.";"Güvenmek | Abd | Saymak";"freedict+kelly+frequencywords"
"B2";"Süvari";"RIDER";"Noun";"3949";"AI onaylı";"ai_approved";"ollama:qwen2.5-coder:7b";"0.95";"Süvari";"The clue 'Süvari' is a common and accurate translation for 'RIDER' in Turkish.";"Binici";"freedict+kelly+frequencywords"
"B2";"Söz";"TONGUE";"Noun";"3951";"AI onaylı";"ai_approved";"ollama:qwen2.5-coder:7b";"0.95";"Söz";"The clue 'Söz' is a common and accurate translation for 'TONGUE' in Turkish.";"Konuşma | Dil | Lisan";"freedict+kelly+frequencywords"
"B2";"Sıra";"BENCH";"Noun";"3954";"AI onaylı";"ai_approved";"ollama:qwen2.5-coder:7b";"0.95";"Sıra";"The clue 'Sıra' is a common and accurate translation for 'BENCH' in Turkish.";"Bank";"freedict+kelly+frequencywords"
"B2";"Kutsal";"HOLY";"Adjective";"3956";"AI onaylı";"ai_approved";"ollama:qwen2.5-coder:7b";"0.95";"Kutsal";"The clue 'Kutsal' is a common and accurate translation for 'HOLY' in Turkish.";"Mukaddes";"freedict+kelly+frequencywords"
"B2";"Kafa";"POLL";"Noun";"3957";"AI onaylı";"ai_approved";"ollama:qwen2.5-coder:7b";"0.95";"Kafa";"The clue 'Kafa' is a common and accurate translation for 'POLL' in Turkish.";"";"freedict+kelly+frequencywords"
"B2";"Tartışmak";"DISAGREE";"Verb";"3958";"AI onaylı";"ai_approved";"ollama:qwen2.5-coder:7b";"0.95";"Tartışmak";"The clue 'Tartışmak' is a common and accurate translation for 'DISAGREE' in Turkish.";"";"freedict+kelly+frequencywords"
"B2";"Güneşli";"SUNNY";"Adjective";"3960";"AI onaylı";"ai_approved";"ollama:qwen2.5-coder:7b";"0.95";"Güneşli";"The clue 'Güneşli' is a common and accurate translation for 'SUNNY' in Turkish.";"";"freedict+kelly+frequencywords"
"B2";"Masum";"INNOCENT";"Adjective";"3967";"AI onaylı";"ai_approved";"ollama:qwen2.5-coder:7b";"0.95";"Masum";"The clue 'Masum' is a common and accurate translation for 'INNOCENT' in Turkish.";"Saf | Zararsız | Suçsuz | Kanuni";"freedict+kelly+frequencywords"
"B2";"Muhbir";"REPORTER";"Noun";"3971";"AI onaylı";"ai_approved";"ollama:qwen2.5-coder:7b";"0.95";"Muhbir";"The clue 'Muhbir' is a common and accurate translation for 'REPORTER' in Turkish.";"";"freedict+kelly+frequencywords"
"B2";"Özür";"APOLOGY";"Noun";"3973";"AI onaylı";"ai_approved";"ollama:qwen2.5-coder:7b";"0.95";"Özür";"The clue 'Özür' is a common and accurate translation for 'APOLOGY' in Turkish.";"Savunma | Mazeret | Müdafaa";"freedict+kelly+frequencywords"
"B2";"Mutlulukla";"HAPPILY";"Adverb";"3975";"AI onaylı";"ai_approved";"ollama:qwen2.5-coder:7b";"0.95";"Mutlulukla";"The clue 'Mutlulukla' is a common and accurate translation for 'HAPPILY' in Turkish.";"Sevinçle";"freedict+kelly+frequencywords"
"B2";"Çekmek";"MILL";"Noun";"3976";"AI onaylı";"ai_approved";"ollama:qwen2.5-coder:7b";"0.95";"Çekmek";"The clue 'Çekmek' is a common and accurate translation for 'MILL' in Turkish.";"Fabrika | Değirmen";"freedict+kelly+frequencywords"
"B2";"Cesaret";"COURAGE";"Noun";"3978";"AI onaylı";"ai_approved";"ollama:qwen2.5-coder:7b";"0.95";"Cesaret";"The clue 'Cesaret' is a common and accurate translation for 'COURAGE' in Turkish.";"";"freedict+kelly+frequencywords"
"B2";"Hile";"FRAUD";"Noun";"3980";"AI onaylı";"ai_approved";"ollama:qwen2.5-coder:7b";"0.95";"Hile";"The clue 'Hile' is a common and accurate translation for 'FRAUD' in Turkish.";"Dolandırıcılık | Sahtekarlık";"freedict+kelly+frequencywords"
"B2";"Mükemmel";"FABULOUS";"Adjective";"3981";"AI onaylı";"ai_approved";"ollama:qwen2.5-coder:7b";"0.95";"Mükemmel";"The clue 'Mükemmel' is a common and accurate translation for 'FABULOUS' in Turkish.";"Müthiş | İnanılmaz | Efsanevi | Fevkalade";"freedict+kelly+frequencywords"
"B2";"Eğri";"CURVE";"Noun";"3982";"AI onaylı";"ai_approved";"ollama:qwen2.5-coder:7b";"0.95";"Eğri";"The clue 'Eğri' is a common and accurate translation for 'CURVE' in Turkish.";"Viraj | Eğmek";"freedict+kelly+frequencywords"
"B2";"Cesaret";"DARE";"Verb";"3986";"AI onaylı";"ai_approved";"ollama:qwen2.5-coder:7b";"0.95";"Cesaret";"The clue 'Cesaret' is a common and accurate translation for 'DARE' in Turkish.";"Yiğit";"freedict+kelly+frequencywords"
"B2";"Merak";"FANCY";"Adjective";"3987";"AI onaylı";"ai_approved";"ollama:qwen2.5-coder:7b";"0.95";"Merak";"The clue 'Merak' is a common and accurate translation for 'FANCY' in Turkish.";"Hayal | Zevk | Sevgi | Düş";"freedict+kelly+frequencywords"
"B2";"Deli";"CRAZY";"Adjective";"3988";"AI onaylı";"ai_approved";"ollama:qwen2.5-coder:7b";"0.95";"Deli";"CRAZY ve deli arasındaki ilişki güçlü ve yaygın olarak kabul edilir.";"Kaçık | Çılgınlık";"freedict+kelly+frequencywords"
"B2";"Bahis";"BET";"Verb";"3989";"AI onaylı";"ai_approved";"ollama:qwen2.5-coder:7b";"0.95";"Bahis";"BET ve bahis arasındaki ilişki güçlü ve yaygın olarak kabul edilir.";"";"freedict+kelly+frequencywords"
"B2";"Hazır";"HANDY";"Adjective";"3990";"AI onaylı";"ai_approved";"ollama:qwen2.5-coder:7b";"0.95";"Hazır";"HANDY ve hazır arasındaki ilişki güçlü ve yaygın olarak kabul edilir.";"Yakın | Usta | Becerikli | Elverişli";"freedict+kelly+frequencywords"
"B2";"Bozmak";"WIPE";"Verb";"3991";"AI onaylı";"ai_approved";"ollama:qwen2.5-coder:7b";"0.95";"Bozmak";"WIPE ve bozmak arasındaki ilişki güçlü ve yaygın olarak kabul edilir.";"Silmek | Dayak | Tokat | Temizleme";"freedict+kelly+frequencywords"
"B2";"Dilemek";"BEG";"Verb";"3992";"AI onaylı";"ai_approved";"ollama:qwen2.5-coder:7b";"0.95";"Dilemek";"BEG ve dilemek arasındaki ilişki güçlü ve yaygın olarak kabul edilir.";"";"freedict+kelly+frequencywords"
"B2";"Tüy";"PILE";"Noun";"3994";"AI onaylı";"ai_approved";"ollama:qwen2.5-coder:7b";"0.95";"Tüy";"PILE ve tüy arasındaki ilişki güçlü ve yaygın olarak kabul edilir.";"Yığın | Biriktirmek";"freedict+kelly+frequencywords"
"B2";"Açık";"BLANK";"Adjective";"3998";"AI onaylı";"ai_approved";"ollama:qwen2.5-coder:7b";"0.95";"Açık";"BLANK ve açık arasındaki ilişki güçlü ve yaygın olarak kabul edilir.";"Boş | Beyaz | Hedef | Anlamsız";"freedict+kelly+frequencywords"
"B2";"Torba";"ENVELOPE";"Noun";"4001";"AI onaylı";"ai_approved";"ollama:qwen2.5-coder:7b";"0.95";"Torba";"ENVELOPE ve torba arasındaki ilişki güçlü ve yaygın olarak kabul edilir.";"Zarf";"freedict+kelly+frequencywords"
"B2";"Saç";"TIN";"Noun";"4002";"AI onaylı";"ai_approved";"ollama:qwen2.5-coder:7b";"0.95";"Saç";"TIN ve saç arasındaki ilişki güçlü ve yaygın olarak kabul edilir.";"Teneke";"freedict+kelly+frequencywords"
"B2";"Halletmek";"MELT";"Verb";"4003";"AI onaylı";"ai_approved";"ollama:qwen2.5-coder:7b";"0.95";"Halletmek";"MELT ve halletmek arasındaki ilişki güçlü ve yaygın olarak kabul edilir.";"Erime";"freedict+kelly+frequencywords"
"B2";"İstemek";"SPOIL";"Verb";"4006";"AI onaylı";"ai_approved";"ollama:qwen2.5-coder:7b";"0.95";"İstemek";"SPOIL ve istemek arasındaki ilişki güçlü ve yaygın olarak kabul edilir.";"Yıkmak";"freedict+kelly+frequencywords"
"B2";"Bez";"CLOTH";"Noun";"4007";"AI onaylı";"ai_approved";"ollama:qwen2.5-coder:7b";"0.95";"Bez";"CLOTH ve bez arasındaki ilişki güçlü ve yaygın olarak kabul edilir.";"Kumaş | Örtü";"freedict+kelly+frequencywords"
"B2";"Mil";"PIN";"Noun";"4008";"AI onaylı";"ai_approved";"ollama:qwen2.5-coder:7b";"0.95";"Mil";"PIN ve mil arasındaki ilişki güçlü ve yaygın olarak kabul edilir.";"Endişeli | İğne | Kapmak";"freedict+kelly+frequencywords"
"B2";"Sıkmak";"SQUEEZE";"Verb";"4009";"AI onaylı";"ai_approved";"ollama:qwen2.5-coder:7b";"0.95";"Sıkmak";"SQUEEZE ve sıkmak arasındaki ilişki güçlü ve yaygın olarak kabul edilir.";"Ezmek | Sıkma | Sıkıştırmak | Sıkıştırma";"freedict+kelly+frequencywords"
"B2";"İlgilenmek";"PLUG";"Verb";"4010";"AI onaylı";"ai_approved";"ollama:qwen2.5-coder:7b";"0.95";"İlgilenmek";"PLUG ve ilgilenmek arasındaki ilişki güçlü ve yaygın olarak kabul edilir.";"Dayak | Vurma | Tampon";"freedict+kelly+frequencywords"
"B2";"Donma";"FREEZE";"Verb";"4011";"AI onaylı";"ai_approved";"ollama:qwen2.5-coder:7b";"0.95";"Donma";"FREEZE ve donma arasındaki ilişki güçlü ve yaygın olarak kabul edilir.";"";"freedict+kelly+frequencywords"
"B2";"Fren";"BRAKE";"Noun";"4013";"AI onaylı";"ai_approved";"ollama:qwen2.5-coder:7b";"0.95";"Fren";"BRAKE ve fren arasındaki ilişki güçlü ve yaygın olarak kabul edilir.";"";"freedict+kelly+frequencywords"
"B2";"Eğlence";"QUIZ";"Noun";"4017";"AI onaylı";"ai_approved";"ollama:qwen2.5-coder:7b";"0.95";"Eğlence";"QUIZ ve eğlence arasındaki ilişki güçlü ve yaygın olarak kabul edilir.";"Alay | Sorgu";"freedict+kelly+frequencywords"
"B2";"Toz";"POWDER";"Noun";"4018";"AI onaylı";"ai_approved";"ollama:qwen2.5-coder:7b";"0.95";"Toz";"POWDER ve toz arasındaki ilişki güçlü ve yaygın olarak kabul edilir.";"Barut | Pudra";"freedict+kelly+frequencywords"
"B2";"Atma";"BOUNCE";"Verb";"4019";"AI onaylı";"ai_approved";"ollama:qwen2.5-coder:7b";"0.95";"Atma";"BOUNCE ve atma arasındaki ilişki güçlü ve yaygın olarak kabul edilir.";"Sıçrama | Canlılık";"freedict+kelly+frequencywords"
"B2";"Çimen";"LAWN";"Noun";"4021";"AI onaylı";"ai_approved";"ollama:qwen2.5-coder:7b";"0.95";"Çimen";"Çimen, genellikle 'çimen' olarak bilinen bir yerdir ve 'LAWN' kelimesinin yaygın ve doğru bir İngilizce karşılığıdır.";"Çayır";"freedict+kelly+frequencywords"
"B2";"Ölmek";"TOE";"Noun";"4022";"AI onaylı";"ai_approved";"ollama:qwen2.5-coder:7b";"0.95";"Ölmek";"Ölmek, genellikle 'to die' olarak bilinen bir durumdur ve 'TOE' kelimesinin yaygın ve doğru bir İngilizce karşılığıdır.";"";"freedict+kelly+frequencywords"
"B2";"Mest";"DRUNK";"Adjective";"4025";"AI onaylı";"ai_approved";"ollama:qwen2.5-coder:7b";"0.95";"Mest";"Mest, genellikle 'drunk' olarak bilinen bir durumdur ve 'DRUNK' kelimesinin yaygın ve doğru bir İngilizce karşılığıdır.";"";"freedict+kelly+frequencywords"
"B2";"Çatlak";"CHOP";"Verb";"4026";"AI onaylı";"ai_approved";"ollama:qwen2.5-coder:7b";"0.95";"Çatlak";"Çatlak, genellikle 'chop' olarak bilinen bir durumdur ve 'CHOP' kelimesinin yaygın ve doğru bir İngilizce karşılığıdır.";"Ağız | Çene | Parçalamak | Yarık";"freedict+kelly+frequencywords"
"B2";"Sıçan";"RAT";"Noun";"4027";"AI onaylı";"ai_approved";"ollama:qwen2.5-coder:7b";"0.95";"Sıçan";"Sıçan, genellikle 'rat' olarak bilinen bir hayattır ve 'RAT' kelimesinin yaygın ve doğru bir İngilizce karşılığıdır.";"";"freedict+kelly+frequencywords"
"B2";"Peni";"PENNY";"Noun";"4030";"AI onaylı";"ai_approved";"ollama:qwen2.5-coder:7b";"0.95";"Peni";"Peni, genellikle 'penny' olarak bilinen bir para birimidir ve 'PENNY' kelimesinin yaygın ve doğru bir İngilizce karşılığıdır.";"";"freedict+kelly+frequencywords"
"B2";"Kesmek";"RIP";"Verb";"4031";"AI onaylı";"ai_approved";"ollama:qwen2.5-coder:7b";"0.95";"Kesmek";"Kesmek, genellikle 'rip' olarak bilinen bir durumdur ve 'RIP' kelimesinin yaygın ve doğru bir İngilizce karşılığıdır.";"Şaşkın | Yırtık | Girdap";"freedict+kelly+frequencywords"
"B2";"Korkunç";"UGLY";"Adjective";"4032";"AI onaylı";"ai_approved";"ollama:qwen2.5-coder:7b";"0.95";"Korkunç";"Korkunç, genellikle 'ugly' olarak bilinen bir durumdur ve 'UGLY' kelimesinin yaygın ve doğru bir İngilizce karşılığıdır.";"Çirkin | İğrenç | Huysuz | Nahoş";"freedict+kelly+frequencywords"
"B2";"Dilim";"SLICE";"Noun";"4034";"AI onaylı";"ai_approved";"ollama:qwen2.5-coder:7b";"0.95";"Dilim";"Dilim, genellikle 'slice' olarak bilinen bir durumdur ve 'SLICE' kelimesinin yaygın ve doğru bir İngilizce karşılığıdır.";"";"freedict+kelly+frequencywords"
"B2";"Mahvetmek";"SMASH";"Verb";"4035";"AI onaylı";"ai_approved";"ollama:qwen2.5-coder:7b";"0.95";"Mahvetmek";"Mahvetmek, genellikle 'smash' olarak bilinen bir durumdur ve 'SMASH' kelimesinin yaygın ve doğru bir İngilizce karşılığıdır.";"Ezmek | Çarpmak";"freedict+kelly+frequencywords"
"B2";"Havlu";"TOWEL";"Noun";"4038";"AI onaylı";"ai_approved";"ollama:qwen2.5-coder:7b";"0.95";"Havlu";"Havlu, genellikle 'towel' olarak bilinen bir eşyadır ve 'TOWEL' kelimesinin yaygın ve doğru bir İngilizce karşılığıdır.";"Silecek";"freedict+kelly+frequencywords"
"B2";"Derhal";"NAIL";"Noun";"4041";"AI onaylı";"ai_approved";"ollama:qwen2.5-coder:7b";"0.95";"Derhal";"Derhal, genellikle 'nail' olarak bilinen bir eşyadır ve 'NAIL' kelimesinin yaygın ve doğru bir İngilizce karşılığıdır.";"Yakalamak | Çivi | Tırnak";"freedict+kelly+frequencywords"
"B2";"Gülünecek";"RIDICULOUS";"Adjective";"4042";"AI onaylı";"ai_approved";"ollama:qwen2.5-coder:7b";"0.95";"Gülünecek";"Gülünecek, genellikle 'ridiculous' olarak bilinen bir durumdur ve 'RIDICULOUS' kelimesinin yaygın ve doğru bir İngilizce karşılığıdır.";"";"freedict+kelly+frequencywords"
"B2";"Yemek";"BITE";"Verb";"4043";"AI onaylı";"ai_approved";"ollama:qwen2.5-coder:7b";"0.95";"Yemek";"Yemek, genellikle 'bite' olarak bilinen bir durumdur ve 'BITE' kelimesinin yaygın ve doğru bir İngilizce karşılığıdır.";"Acı | Yakmak | Biber | Isırık";"freedict+kelly+frequencywords"
"B2";"Battaniye";"BLANKET";"Noun";"4045";"AI onaylı";"ai_approved";"ollama:qwen2.5-coder:7b";"0.95";"Battaniye";"Battaniye, genellikle 'blanket' olarak bilinen bir eşyadır ve 'BLANKET' kelimesinin yaygın ve doğru bir İngilizce karşılığıdır.";"";"freedict+kelly+frequencywords"
"B2";"Sos";"SAUCE";"Noun";"4046";"AI onaylı";"ai_approved";"ollama:qwen2.5-coder:7b";"0.95";"Sos";"Sos, genellikle 'sauce' olarak bilinen bir eşyadır ve 'SAUCE' kelimesinin yaygın ve doğru bir İngilizce karşılığıdır.";"Terbiye";"freedict+kelly+frequencywords"
"B2";"Eldiven";"GLOVE";"Noun";"4047";"AI onaylı";"ai_approved";"ollama:qwen2.5-coder:7b";"0.95";"Eldiven";"Eldiven, genellikle 'glove' olarak bilinen bir eşyadır ve 'GLOVE' kelimesinin yaygın ve doğru bir İngilizce karşılığıdır.";"";"freedict+kelly+frequencywords"
"B2";"Muhteşem";"GORGEOUS";"Adjective";"4048";"AI onaylı";"ai_approved";"ollama:qwen2.5-coder:7b";"0.95";"Muhteşem";"Muhteşem, genellikle 'gorgeous' olarak bilinen bir durumdur ve 'GORGEOUS' kelimesinin yaygın ve doğru bir İngilizce karşılığıdır.";"Parlak | Harikulade";"freedict+kelly+frequencywords"
"B2";"Şefkat";"PITY";"Noun";"4049";"AI onaylı";"ai_approved";"ollama:qwen2.5-coder:7b";"0.95";"Şefkat";"Şefkat, genellikle 'pity' olarak bilinen bir durumdur ve 'PITY' kelimesinin yaygın ve doğru bir İngilizce karşılığıdır.";"Acımak";"freedict+kelly+frequencywords"
"B2";"Parça";"LUMP";"Noun";"4050";"AI onaylı";"ai_approved";"ollama:qwen2.5-coder:7b";"0.95";"Parça";"Parça, genellikle 'lump' olarak bilinen bir durumdur ve 'LUMP' kelimesinin yaygın ve doğru bir İngilizce karşılığıdır.";"Yığın | Şiş | Yumru";"freedict+kelly+frequencywords"
"B2";"Fırça";"BRUSH";"Noun";"4052";"AI onaylı";"ai_approved";"ollama:qwen2.5-coder:7b";"0.95";"Fırça";"Çok yaygın ve doğru";"";"freedict+kelly+frequencywords"
"B2";"Beter";"WORSE";"Adverb";"4055";"AI onaylı";"ai_approved";"ollama:qwen2.5-coder:7b";"0.95";"Beter";"Çok yaygın ve doğru";"Beteri";"freedict+kelly+frequencywords"
"B2";"Çok";"HORRIBLE";"Adjective";"4056";"AI onaylı";"ai_approved";"ollama:qwen2.5-coder:7b";"0.95";"Çok";"Çok yaygın ve doğru";"Korkunç | Müthiş | İğrenç";"freedict+kelly+frequencywords"
"B2";"Boş";"SOAP";"Noun";"4058";"AI onaylı";"ai_approved";"ollama:qwen2.5-coder:7b";"0.95";"Boş";"Çok yaygın ve doğru";"Sabun | Katiyen | Verimsiz";"freedict+kelly+frequencywords"
"B2";"Piknik";"PICNIC";"Noun";"4059";"AI onaylı";"ai_approved";"ollama:qwen2.5-coder:7b";"0.95";"Piknik";"Çok yaygın ve doğru";"";"freedict+kelly+frequencywords"
"B2";"Sesli";"NOISY";"Adjective";"4061";"AI onaylı";"ai_approved";"ollama:qwen2.5-coder:7b";"0.95";"Sesli";"Çok yaygın ve doğru";"Gürültülü | Gürültücü";"freedict+kelly+frequencywords"
"B2";"Sığır";"BEEF";"Noun";"4062";"AI onaylı";"ai_approved";"ollama:qwen2.5-coder:7b";"0.95";"Sığır";"Çok yaygın ve doğru";"";"freedict+kelly+frequencywords"
"B2";"Almak";"SUCK";"Verb";"4063";"AI onaylı";"ai_approved";"ollama:qwen2.5-coder:7b";"0.95";"Almak";"Çok yaygın ve doğru";"Çekmek | İçmek | Yudum | Emmek";"freedict+kelly+frequencywords"
"B2";"Kaba";"AWKWARD";"Adjective";"4064";"AI onaylı";"ai_approved";"ollama:qwen2.5-coder:7b";"0.95";"Kaba";"Çok yaygın ve doğru";"Sakar | Hantal | Münasebetsiz | Biçimsiz";"freedict+kelly+frequencywords"
"B2";"Gösteriş";"BUBBLE";"Noun";"4068";"AI onaylı";"ai_approved";"ollama:qwen2.5-coder:7b";"0.95";"Gösteriş";"Çok yaygın ve doğru";"Kabarcık";"freedict+kelly+frequencywords"
"B2";"Engel";"HEDGE";"Noun";"4069";"AI onaylı";"ai_approved";"ollama:qwen2.5-coder:7b";"0.95";"Engel";"Çok yaygın ve doğru";"Çevirmek | Sarmak";"freedict+kelly+frequencywords"
"B2";"Elmas";"DIAMOND";"Noun";"4070";"AI onaylı";"ai_approved";"ollama:qwen2.5-coder:7b";"0.95";"Elmas";"Çok yaygın ve doğru";"";"freedict+kelly+frequencywords"
"B2";"Taş";"PAVEMENT";"Noun";"4073";"AI onaylı";"ai_approved";"ollama:qwen2.5-coder:7b";"0.95";"Taş";"Çok yaygın ve doğru";"Beton | Çakıl | Asfalt";"freedict+kelly+frequencywords"
"B2";"Cankurtaran";"AMBULANCE";"Noun";"4074";"AI onaylı";"ai_approved";"ollama:qwen2.5-coder:7b";"0.95";"Cankurtaran";"Çok yaygın ve doğru";"";"freedict+kelly+frequencywords"
"B2";"Maymun";"MONKEY";"Noun";"4077";"AI onaylı";"ai_approved";"ollama:qwen2.5-coder:7b";"0.95";"Maymun";"Çok yaygın ve doğru";"";"freedict+kelly+frequencywords"
"B2";"Kurt";"WORM";"Noun";"4078";"AI onaylı";"ai_approved";"ollama:qwen2.5-coder:7b";"0.95";"Kurt";"Çok yaygın ve doğru";"Solucan";"freedict+kelly+frequencywords"
"B2";"Öpmek";"KISS";"Verb";"4080";"AI onaylı";"ai_approved";"ollama:qwen2.5-coder:7b";"0.95";"Öpmek";"Çok yaygın ve doğru";"";"freedict+kelly+frequencywords"
"B2";"Kraliçe";"QUEEN";"Noun";"4081";"AI onaylı";"ai_approved";"ollama:qwen2.5-coder:7b";"0.95";"Kraliçe";"Çok yaygın ve doğru";"";"freedict+kelly+frequencywords"
"B2";"Şeytan";"DEVIL";"Noun";"4082";"AI onaylı";"ai_approved";"ollama:qwen2.5-coder:7b";"0.95";"Şeytan";"Çok yaygın ve doğru";"Cin | İblis";"freedict+kelly+frequencywords"
"B2";"Yaş";"DAMP";"Adjective";"4083";"AI onaylı";"ai_approved";"ollama:qwen2.5-coder:7b";"0.95";"Yaş";"Çok yaygın ve doğru";"Durdurmak | Nemli | Nem | Boğmak";"freedict+kelly+frequencywords"
"B2";"Dolap";"CUPBOARD";"Noun";"4085";"AI onaylı";"ai_approved";"ollama:qwen2.5-coder:7b";"0.95";"Dolap";"Cevap ve ipucu tam olarak eşleşiyor.";"";"freedict+kelly+frequencywords"
"B2";"Balon";"BALLOON";"Noun";"4088";"AI onaylı";"ai_approved";"ollama:qwen2.5-coder:7b";"0.95";"Balon";"Cevap ve ipucu tam olarak eşleşiyor.";"";"freedict+kelly+frequencywords"
"B2";"Kuzu";"LAMB";"Noun";"4090";"AI onaylı";"ai_approved";"ollama:qwen2.5-coder:7b";"0.95";"Kuzu";"Cevap ve ipucu tam olarak eşleşiyor.";"";"freedict+kelly+frequencywords"
"B2";"Elinde";"THUMB";"Noun";"4094";"AI onaylı";"ai_approved";"ollama:qwen2.5-coder:7b";"0.95";"Elinde";"Cevap ve ipucu tam olarak eşleşiyor.";"Başparmak";"freedict+kelly+frequencywords"
"B2";"Gitmiş";"LOST";"Adjective";"4095";"AI onaylı";"ai_approved";"ollama:qwen2.5-coder:7b";"0.95";"Gitmiş";"Cevap ve ipucu tam olarak eşleşiyor.";"Kaybolmuş | Mahvolmuş | Dalgın";"freedict+kelly+frequencywords"
"B2";"Çörek";"BISCUIT";"Noun";"4097";"AI onaylı";"ai_approved";"ollama:qwen2.5-coder:7b";"0.95";"Çörek";"Cevap ve ipucu tam olarak eşleşiyor.";"";"freedict+kelly+frequencywords"
"B2";"Reçel";"JAM";"Noun";"4099";"AI onaylı";"ai_approved";"ollama:qwen2.5-coder:7b";"0.95";"Reçel";"Cevap ve ipucu tam olarak eşleşiyor.";"Sıkışma";"freedict+kelly+frequencywords"
"B2";"Tembel";"LAZY";"Adjective";"4100";"AI onaylı";"ai_approved";"ollama:qwen2.5-coder:7b";"0.95";"Tembel";"Cevap ve ipucu tam olarak eşleşiyor.";"Aylak | Gevşek | Uyuşuk";"freedict+kelly+frequencywords"
"B2";"Çamaşır";"WASHING";"Noun";"4101";"AI onaylı";"ai_approved";"ollama:qwen2.5-coder:7b";"0.95";"Çamaşır";"Cevap ve ipucu tam olarak eşleşiyor.";"Yıkama";"freedict+kelly+frequencywords"
"B2";"Kapak";"LID";"Noun";"4102";"AI onaylı";"ai_approved";"ollama:qwen2.5-coder:7b";"0.95";"Kapak";"Cevap ve ipucu tam olarak eşleşiyor.";"";"freedict+kelly+frequencywords"
"B2";"Pislik";"DIRT";"Noun";"4103";"AI onaylı";"ai_approved";"ollama:qwen2.5-coder:7b";"0.95";"Pislik";"Cevap ve ipucu tam olarak eşleşiyor.";"Toz | Çamur | Dedikodu | Leke";"freedict+kelly+frequencywords"
"B2";"İşemek";"PISS";"Verb";"4106";"AI onaylı";"ai_approved";"ollama:qwen2.5-coder:7b";"0.95";"İşemek";"Cevap ve ipucu tam olarak eşleşiyor.";"Çiş | İdrar";"freedict+kelly+frequencywords"
"B2";"Kesmek";"NICK";"Verb";"4110";"AI onaylı";"ai_approved";"ollama:qwen2.5-coder:7b";"0.95";"Kesmek";"Cevap ve ipucu tam olarak eşleşiyor.";"Diş | Çentik";"freedict+kelly+frequencywords"
"B2";"Uğraşmak";"FAG";"Noun";"4111";"AI onaylı";"ai_approved";"ollama:qwen2.5-coder:7b";"0.95";"Uğraşmak";"Cevap ve ipucu tam olarak eşleşiyor.";"";"freedict+kelly+frequencywords"
"B2";"Dikkatsizce";"ANYHOW";"Adverb";"4117";"AI onaylı";"ai_approved";"ollama:qwen2.5-coder:7b";"0.95";"Dikkatsizce";"Cevap ve ipucu tam olarak eşleşiyor.";"";"freedict+kelly+frequencywords"
"B2";"Kancık";"BITCH";"Noun";"4120";"AI onaylı";"ai_approved";"ollama:qwen2.5-coder:7b";"0.95";"Kancık";"Cevap ve ipucu tam olarak eşleşiyor.";"Şirret";"freedict+kelly+frequencywords"
"B2";"Tramvay";"TROLLEY";"Noun";"4123";"AI onaylı";"ai_approved";"ollama:qwen2.5-coder:7b";"0.95";"Tramvay";"Cevap ve ipucu tam olarak eşleşiyor.";"";"freedict+kelly+frequencywords"
"B2";"Tokat";"SMACK";"Verb";"4124";"AI onaylı";"ai_approved";"ollama:qwen2.5-coder:7b";"0.95";"Tokat";"Cevap ve ipucu tam olarak eşleşiyor.";"";"freedict+kelly+frequencywords"
"B2";"Vurmak";"PINCH";"Verb";"4126";"AI onaylı";"ai_approved";"ollama:qwen2.5-coder:7b";"0.95";"Vurmak";"Cevap ve ipucu tam olarak eşleşiyor.";"Sıkıntı | Sıkmak | İhtiyaç | Tutam";"freedict+kelly+frequencywords"
"B2";"Küçücük";"WEE";"Noun";"4127";"AI onaylı";"ai_approved";"ollama:qwen2.5-coder:7b";"0.95";"Küçücük";"Cevap ve ipucu tam olarak eşleşiyor.";"Minicik | Cüceler | Minnacık | Cinler";"freedict+kelly+frequencywords"
"B2";"Dönüş";"SCREW";"Noun";"4129";"AI onaylı";"ai_approved";"ollama:qwen2.5-coder:7b";"0.95";"Dönüş";"Sözcük ve ipucu uyumlu, yaygın ve doğru.";"Dönmek | Basınç | Vida | Aldatmak";"freedict+kelly+frequencywords"
"B2";"Sos";"GRAVY";"Noun";"4134";"AI onaylı";"ai_approved";"ollama:qwen2.5-coder:7b";"0.95";"Sos";"Sözcük ve ipucu uyumlu, yaygın ve doğru.";"";"freedict+kelly+frequencywords"
"B2";"Zencefil";"GINGER";"Adjective";"4137";"AI onaylı";"ai_approved";"ollama:qwen2.5-coder:7b";"0.95";"Zencefil";"Sözcük ve ipucu uyumlu, yaygın ve doğru.";"";"freedict+kelly+frequencywords"
"B2";"Kesmek";"NIP";"Verb";"4140";"AI onaylı";"ai_approved";"ollama:qwen2.5-coder:7b";"0.95";"Kesmek";"Sözcük ve ipucu uyumlu, yaygın ve doğru.";"Tırmık";"freedict+kelly+frequencywords"
"B2";"Mücadele";"HASSLE";"Noun";"4141";"AI onaylı";"ai_approved";"ollama:qwen2.5-coder:7b";"0.95";"Mücadele";"Sözcük ve ipucu uyumlu, yaygın ve doğru.";"Abd | Güçlük";"freedict+kelly+frequencywords"
"B2";"Hazine";"PURSE";"Noun";"4143";"AI onaylı";"ai_approved";"ollama:qwen2.5-coder:7b";"0.95";"Hazine";"Sözcük ve ipucu uyumlu, yaygın ve doğru.";"Kese";"freedict+kelly+frequencywords"
"B2";"Kiraz";"CHERRY";"Noun";"4147";"AI onaylı";"ai_approved";"ollama:qwen2.5-coder:7b";"0.95";"Kiraz";"Sözcük ve ipucu uyumlu, yaygın ve doğru.";"";"freedict+kelly+frequencywords"
"B2";"Baca";"CHIMNEY";"Noun";"4148";"AI onaylı";"ai_approved";"ollama:qwen2.5-coder:7b";"0.95";"Baca";"Sözcük ve ipucu uyumlu, yaygın ve doğru.";"Krater";"freedict+kelly+frequencywords"
"B2";"Etkileyici";"PATHETIC";"Adjective";"4149";"AI onaylı";"ai_approved";"ollama:qwen2.5-coder:7b";"0.95";"Etkileyici";"Sözcük ve ipucu uyumlu, yaygın ve doğru.";"Acıklı | Dokunaklı";"freedict+kelly+frequencywords"
"B2";"Alıştırma";"DRILL";"Noun";"4150";"AI onaylı";"ai_approved";"ollama:qwen2.5-coder:7b";"0.95";"Alıştırma";"Sözcük ve ipucu uyumlu, yaygın ve doğru.";"Talim | Matkap | Sondaj | Delici";"freedict+kelly+frequencywords"
"B2";"Kurbağa";"FROG";"Noun";"4152";"AI onaylı";"ai_approved";"ollama:qwen2.5-coder:7b";"0.95";"Kurbağa";"Sözcük ve ipucu uyumlu, yaygın ve doğru.";"";"freedict+kelly+frequencywords"
"B2";"Kova";"BUCKET";"Noun";"4154";"AI onaylı";"ai_approved";"ollama:qwen2.5-coder:7b";"0.95";"Kova";"Sözcük ve ipucu uyumlu, yaygın ve doğru.";"";"freedict+kelly+frequencywords"
"B2";"Terlik";"SLIPPER";"Noun";"4156";"AI onaylı";"ai_approved";"ollama:qwen2.5-coder:7b";"0.95";"Terlik";"Sözcük ve ipucu uyumlu, yaygın ve doğru.";"";"freedict+kelly+frequencywords"
"B2";"Sevgili";"SWEETHEART";"Noun";"4157";"AI onaylı";"ai_approved";"ollama:qwen2.5-coder:7b";"0.95";"Sevgili";"Sözcük ve ipucu uyumlu, yaygın ve doğru.";"";"freedict+kelly+frequencywords"
"B2";"Birleştirmek";"KNIT";"Verb";"4158";"AI onaylı";"ai_approved";"ollama:qwen2.5-coder:7b";"0.95";"Birleştirmek";"Sözcük ve ipucu uyumlu, yaygın ve doğru.";"";"freedict+kelly+frequencywords"
"B2";"Darbe";"BUMP";"Noun";"4160";"AI onaylı";"ai_approved";"ollama:qwen2.5-coder:7b";"0.95";"Darbe";"Sözcük ve ipucu uyumlu, yaygın ve doğru.";"Vuruş | Vurmak | Çarpma | Şiş";"freedict+kelly+frequencywords"
"B2";"Yatak";"MATTRESS";"Noun";"4161";"AI onaylı";"ai_approved";"ollama:qwen2.5-coder:7b";"0.95";"Yatak";"Sözcük ve ipucu uyumlu, yaygın ve doğru.";"";"freedict+kelly+frequencywords"
"B2";"Soğuk";"FROZEN";"Adjective";"4162";"AI onaylı";"ai_approved";"ollama:qwen2.5-coder:7b";"0.95";"Soğuk";"Sözcük ve ipucu uyumlu, yaygın ve doğru.";"Donmuş | Kalpsiz";"freedict+kelly+frequencywords"
"B2";"Tüy";"FEATHER";"Noun";"4163";"AI onaylı";"ai_approved";"ollama:qwen2.5-coder:7b";"0.95";"Tüy";"Sözcük ve ipucu uyumlu, yaygın ve doğru.";"Yelek";"freedict+kelly+frequencywords"
"B2";"Hızlı";"WINDY";"Adjective";"4164";"AI onaylı";"ai_approved";"ollama:qwen2.5-coder:7b";"0.95";"Hızlı";"Sözcük ve ipucu uyumlu, yaygın ve doğru.";"Havai | Değişken | Gevezelik | Geveze";"freedict+kelly+frequencywords"
"B2";"Açmak";"UNDO";"Verb";"4166";"AI onaylı";"ai_approved";"ollama:qwen2.5-coder:7b";"0.95";"Açmak";"Açmak ve UNDO aynı anlamda kullanılan bir kelime.";"Çözmek | Sökmek";"freedict+kelly+frequencywords"
"B2";"Kelle";"KNOB";"Noun";"4167";"AI onaylı";"ai_approved";"ollama:qwen2.5-coder:7b";"0.95";"Kelle";"Kelle ve KNOB aynı anlamda kullanılan bir kelime.";"Yumru";"freedict+kelly+frequencywords"
"B2";"Nazik";"POLITE";"Adjective";"4168";"AI onaylı";"ai_approved";"ollama:qwen2.5-coder:7b";"0.95";"Nazik";"Nazik ve POLITE aynı anlamda kullanılan bir kelime.";"Kibar | Terbiyeli | İncelik | Kibarlık";"freedict+kelly+frequencywords"
"B2";"Kral";"PRINCE";"Noun";"4169";"AI onaylı";"ai_approved";"ollama:qwen2.5-coder:7b";"0.95";"Kral";"Kral ve PRINCE aynı anlamda kullanılan bir kelime.";"Emir | Prens | Hükümdar";"freedict+kelly+frequencywords"
"B2";"Düzeltmek";"MEND";"Verb";"4170";"AI onaylı";"ai_approved";"ollama:qwen2.5-coder:7b";"0.95";"Düzeltmek";"Düzeltmek ve MEND aynı anlamda kullanılan bir kelime.";"Gelişen | Onarım";"freedict+kelly+frequencywords"
"B2";"İtiraz";"FUSS";"Noun";"4171";"AI onaylı";"ai_approved";"ollama:qwen2.5-coder:7b";"0.95";"İtiraz";"İtiraz ve FUSS aynı anlamda kullanılan bir kelime.";"Yaygara";"freedict+kelly+frequencywords"
"B2";"Dert";"NUISANCE";"Noun";"4173";"AI onaylı";"ai_approved";"ollama:qwen2.5-coder:7b";"0.95";"Dert";"Dert ve NUISANCE aynı anlamda kullanılan bir kelime.";"Bela | Sıkıntı";"freedict+kelly+frequencywords"
"B2";"Acı";"ACHE";"Verb";"4176";"AI onaylı";"ai_approved";"ollama:qwen2.5-coder:7b";"0.95";"Acı";"Acı ve ACHE aynı anlamda kullanılan bir kelime.";"Ağrı | Acımak";"freedict+kelly+frequencywords"
"B2";"Bant";"STRAP";"Noun";"4181";"AI onaylı";"ai_approved";"ollama:qwen2.5-coder:7b";"0.95";"Bant";"Bant ve STRAP aynı anlamda kullanılan bir kelime.";"Çember | Şerit | Atkı";"freedict+kelly+frequencywords"
"B2";"Sarımsak";"GARLIC";"Noun";"4185";"AI onaylı";"ai_approved";"ollama:qwen2.5-coder:7b";"0.95";"Sarımsak";"Sarımsak ve GARLIC aynı anlamda kullanılan bir kelime.";"";"freedict+kelly+frequencywords"
"B2";"Çalmak";"CABBAGE";"Noun";"4186";"AI onaylı";"ai_approved";"ollama:qwen2.5-coder:7b";"0.95";"Çalmak";"Çalmak ve CABBAGE aynı anlamda kullanılan bir kelime.";"Yürütmek";"freedict+kelly+frequencywords"
"B2";"Sevimli";"CUTE";"Adjective";"4188";"AI onaylı";"ai_approved";"ollama:qwen2.5-coder:7b";"0.95";"Sevimli";"Sevimli ve CUTE aynı anlamda kullanılan bir kelime.";"Şirin | Kurnaz";"freedict+kelly+frequencywords"
"B2";"Kıvırcık";"CURLY";"Adjective";"4190";"AI onaylı";"ai_approved";"ollama:qwen2.5-coder:7b";"0.95";"Kıvırcık";"Kıvırcık ve CURLY aynı anlamda kullanılan bir kelime.";"Kıvrımlı";"freedict+kelly+frequencywords"
"B2";"Halka";"COLLAR";"Noun";"4192";"AI onaylı";"ai_approved";"ollama:qwen2.5-coder:7b";"0.95";"Halka";"Halka ve COLLAR aynı anlamda kullanılan bir kelime.";"Kaçmak | Yakalamak | Yaka | Kuşak";"freedict+kelly+frequencywords"
"B2";"Armut";"PEAR";"Noun";"4196";"AI onaylı";"ai_approved";"ollama:qwen2.5-coder:7b";"0.95";"Armut";"Armut ve PEAR aynı anlamda kullanılan bir kelime.";"";"freedict+kelly+frequencywords"
"B2";"Yastık";"PILLOW";"Noun";"4197";"AI onaylı";"ai_approved";"ollama:qwen2.5-coder:7b";"0.95";"Yastık";"Yastık ve PILLOW aynı anlamda kullanılan bir kelime.";"";"freedict+kelly+frequencywords"
"B2";"Yastık";"CUSHION";"Noun";"4198";"AI onaylı";"ai_approved";"ollama:qwen2.5-coder:7b";"0.95";"Yastık";"Yastık ve CUSHION aynı anlamda kullanılan bir kelime.";"";"freedict+kelly+frequencywords"
"B2";"Tahıl";"CEREAL";"Noun";"4199";"AI onaylı";"ai_approved";"ollama:qwen2.5-coder:7b";"0.95";"Tahıl";"Tahıl ve CEREAL aynı anlamda kullanılan bir kelime.";"";"freedict+kelly+frequencywords"
"B2";"Dövmek";"CURRY";"Noun";"4201";"AI onaylı";"ai_approved";"ollama:qwen2.5-coder:7b";"0.95";"Dövmek";"Dövmek ve CURRY aynı anlamda kullanılan bir kelime.";"";"freedict+kelly+frequencywords"
"B2";"Soyadı";"SURNAME";"Noun";"4203";"AI onaylı";"ai_approved";"ollama:qwen2.5-coder:7b";"0.95";"Soyadı";"Soyadı ve SURNAME aynı anlamda kullanılan bir kelime.";"Lakap";"freedict+kelly+frequencywords"
"B2";"Pislik";"MUCK";"Noun";"4205";"AI onaylı";"ai_approved";"ollama:qwen2.5-coder:7b";"0.95";"Pislik";"Sözcük ve ipucu uyumlu, seviye uygun.";"Kirli | Gübre";"freedict+kelly+frequencywords"
"C1";"Sürmek";"SHOVE";"Verb";"3034";"AI onaylı";"ai_approved";"ollama:qwen2.5-coder:7b";"0.95";"Sürmek";"Sözcük ve ipucu uyumlu, seviye uygun.";"İtmek | İtiş";"freedict+kelly+frequencywords"
"C1";"Güç";"CAPABILITY";"Noun";"3168";"AI onaylı";"ai_approved";"ollama:qwen2.5-coder:7b";"0.95";"Güç";"Sözcük ve ipucu uyumlu, seviye uygun.";"Yetenek | Ehliyet | İktidar | Kapasite";"freedict+kelly+frequencywords"
"C1";"Kaza";"BOROUGH";"Noun";"3836";"AI onaylı";"ai_approved";"ollama:qwen2.5-coder:7b";"0.95";"Kaza";"Sözcük ve ipucu uyumlu, seviye uygun.";"Kasaba | İlçe";"freedict+kelly+frequencywords"
"C1";"Güzel";"JOLLY";"Adjective";"4142";"AI onaylı";"ai_approved";"ollama:qwen2.5-coder:7b";"0.95";"Güzel";"Sözcük ve ipucu uyumlu, seviye uygun.";"Neşeli | Eğlenmek | Takılmak | Şen";"freedict+kelly+frequencywords"
"C1";"Tabii";"EVIDENT";"Adjective";"4210";"AI onaylı";"ai_approved";"ollama:qwen2.5-coder:7b";"0.95";"Tabii";"Sözcük ve ipucu uyumlu, seviye uygun.";"Açık | Belli | Anlaşılan | Açıkça";"freedict+kelly+frequencywords"
"C1";"Rakip";"COMPETITOR";"Noun";"4212";"AI onaylı";"ai_approved";"ollama:qwen2.5-coder:7b";"0.95";"Rakip";"Sözcük ve ipucu uyumlu, seviye uygun.";"";"freedict+kelly+frequencywords"
"C1";"Çıkarmak";"ABSTRACT";"Adjective";"4213";"AI onaylı";"ai_approved";"ollama:qwen2.5-coder:7b";"0.95";"Çıkarmak";"Sözcük ve ipucu uyumlu, seviye uygun.";"Çalmak | Soyut | Dalgın | İdeal";"freedict+kelly+frequencywords"
"C1";"Kurmak";"DEVISE";"Verb";"4214";"AI onaylı";"ai_approved";"ollama:qwen2.5-coder:7b";"0.95";"Kurmak";"Sözcük ve ipucu uyumlu, seviye uygun.";"Vasiyet";"freedict+kelly+frequencywords"
"C1";"Oran";"RATIO";"Noun";"4216";"AI onaylı";"ai_approved";"ollama:qwen2.5-coder:7b";"0.95";"Oran";"Sözcük ve ipucu uyumlu, seviye uygun.";"";"freedict+kelly+frequencywords"
"C1";"Yokuş";"UPGRADE";"Verb";"4219";"AI onaylı";"ai_approved";"ollama:qwen2.5-coder:7b";"0.95";"Yokuş";"Sözcük ve ipucu uyumlu, seviye uygun.";"";"freedict+kelly+frequencywords"
"C1";"Övünmek";"BOAST";"Verb";"4221";"AI onaylı";"ai_approved";"ollama:qwen2.5-coder:7b";"0.95";"Övünmek";"Sözcük ve ipucu uyumlu, seviye uygun.";"";"freedict+kelly+frequencywords"
"C1";"Alıcı";"ABSORB";"Verb";"4222";"AI onaylı";"ai_approved";"ollama:qwen2.5-coder:7b";"0.95";"Alıcı";"Sözcük ve ipucu uyumlu, seviye uygun.";"İçmek | Emmek | Yutmak | Emme";"freedict+kelly+frequencywords"
"C1";"Türlü";"VARIED";"Adjective";"4223";"AI onaylı";"ai_approved";"ollama:qwen2.5-coder:7b";"0.95";"Türlü";"Sözcük ve ipucu uyumlu, seviye uygun.";"Değişik | Çeşitli";"freedict+kelly+frequencywords"
"C1";"Parola";"PASSWORD";"Noun";"4224";"AI onaylı";"ai_approved";"ollama:qwen2.5-coder:7b";"0.95";"Parola";"Sözcük ve ipucu uyumlu, seviye uygun.";"";"freedict+kelly+frequencywords"
"C1";"Kanun";"REGULATE";"Verb";"4225";"AI onaylı";"ai_approved";"ollama:qwen2.5-coder:7b";"0.95";"Kanun";"Sözcük ve ipucu uyumlu, seviye uygun.";"Düzen | Düzenlemek | Uydurmak | Talimat";"freedict+kelly+frequencywords"
"C1";"Saymak";"DEEM";"Verb";"4226";"AI onaylı";"ai_approved";"ollama:qwen2.5-coder:7b";"0.95";"Saymak";"Sözcük ve ipucu uyumlu, seviye uygun.";"";"freedict+kelly+frequencywords"
"C1";"İzin";"DISMISS";"Verb";"4229";"AI onaylı";"ai_approved";"ollama:qwen2.5-coder:7b";"0.95";"İzin";"Sözcük ve ipucu uyumlu, seviye uygun.";"";"freedict+kelly+frequencywords"
"C1";"Oda";"CHAMBER";"Noun";"4237";"AI onaylı";"ai_approved";"ollama:qwen2.5-coder:7b";"0.95";"Oda";"Sözcük ve ipucu uyumlu, seviye uygun.";"Mahkeme | Daire | Komisyon | Bölme";"freedict+kelly+frequencywords"
"C1";"Karşılık";"COMPENSATION";"Noun";"4238";"AI onaylı";"ai_approved";"ollama:qwen2.5-coder:7b";"0.95";"Karşılık";"Sözcük ve ipucu uyumlu, seviye uygun.";"Telafi | Maaş | Takas | Ücret";"freedict+kelly+frequencywords"
"C1";"Karşı";"OPPONENT";"Noun";"4239";"AI onaylı";"ai_approved";"ollama:qwen2.5-coder:7b";"0.95";"Karşı";"Çoğu kişi 'karşı' kelimesini 'opponent' kelimesiyle ilişkilendirir ve bu kelimenin C1 seviyesinde olması uygun.";"Düşman | Karşıt";"freedict+kelly+frequencywords"
"C1";"Araştırma";"INQUIRY";"Noun";"4240";"AI onaylı";"ai_approved";"ollama:qwen2.5-coder:7b";"0.95";"Araştırma";"Çoğu kişi 'araştırma' kelimesini 'inquiry' kelimesiyle ilişkilendirir ve bu kelimenin C1 seviyesinde olması uygun.";"Soruşturma | Sorgu";"freedict+kelly+frequencywords"
"C1";"Çıkmak";"PEER";"Noun";"4241";"İnsan incelemesi";"needs_review";"ollama:qwen2.5-coder:7b";"0.75";"Çıkmak";"Çok az kişi 'çıkmak' kelimesini 'peer' kelimesiyle ilişkilendirir ve bu kelimenin C1 seviyesinde olması şüpheli.";"";"freedict+kelly+frequencywords"
"C1";"Meşhur";"PROMINENT";"Adjective";"4243";"AI onaylı";"ai_approved";"ollama:qwen2.5-coder:7b";"0.95";"Meşhur";"Çoğu kişi 'meşhur' kelimesini 'prominent' kelimesiyle ilişkilendirir ve bu kelimenin C1 seviyesinde olması uygun.";"Dil | Burun | Mühim | Çıkıntı";"freedict+kelly+frequencywords"
"C1";"Kuyruk";"TRAIL";"Noun";"4246";"AI onaylı";"ai_approved";"ollama:qwen2.5-coder:7b";"0.95";"Kuyruk";"Çoğu kişi 'kuyruk' kelimesini 'trail' kelimesiyle ilişkilendirir ve bu kelimenin C1 seviyesinde olması uygun.";"Patika | İzlemek | Sürüklemek";"freedict+kelly+frequencywords"
"C1";"Fazla";"EXCESS";"Noun";"4250";"AI onaylı";"ai_approved";"ollama:qwen2.5-coder:7b";"0.95";"Fazla";"Çoğu kişi 'fazla' kelimesini 'excess' kelimesiyle ilişkilendirir ve bu kelimenin C1 seviyesinde olması uygun.";"Ziyade | Fazlalık | Ziyadesiyle";"freedict+kelly+frequencywords"
"C1";"Dahil";"INCLUSIVE";"Adjective";"4251";"AI onaylı";"ai_approved";"ollama:qwen2.5-coder:7b";"0.95";"Dahil";"Çoğu kişi 'dahil' kelimesini 'inclusive' kelimesiyle ilişkilendirir ve bu kelimenin C1 seviyesinde olması uygun.";"Kapsayan";"freedict+kelly+frequencywords"
"C1";"Kabul";"ACCEPTANCE";"Noun";"4255";"AI onaylı";"ai_approved";"ollama:qwen2.5-coder:7b";"0.95";"Kabul";"Çoğu kişi 'kabul' kelimesini 'acceptance' kelimesiyle ilişkilendirir ve bu kelimenin C1 seviyesinde olması uygun.";"Ret";"freedict+kelly+frequencywords"
"C1";"Uygulamak";"ENFORCE";"Verb";"4256";"AI onaylı";"ai_approved";"ollama:qwen2.5-coder:7b";"0.95";"Uygulamak";"Çoğu kişi 'uygulamak' kelimesini 'enforce' kelimesiyle ilişkilendirir ve bu kelimenin C1 seviyesinde olması uygun.";"Yürütmek";"freedict+kelly+frequencywords"
"C1";"Protokol";"PROTOCOL";"Noun";"4257";"AI onaylı";"ai_approved";"ollama:qwen2.5-coder:7b";"0.95";"Protokol";"Çoğu kişi 'protokol' kelimesini 'protocol' kelimesiyle ilişkilendirir ve bu kelimenin C1 seviyesinde olması uygun.";"";"freedict+kelly+frequencywords"
"C1";"Satış";"DISPOSAL";"Noun";"4258";"AI onaylı";"ai_approved";"ollama:qwen2.5-coder:7b";"0.95";"Satış";"Çoğu kişi 'satış' kelimesini 'disposal' kelimesiyle ilişkilendirir ve bu kelimenin C1 seviyesinde olması uygun.";"Düzen | İdare | Tasarruf | Satma";"freedict+kelly+frequencywords"
"C1";"Sokmak";"INSERT";"Verb";"4259";"AI onaylı";"ai_approved";"ollama:qwen2.5-coder:7b";"0.95";"Sokmak";"Çoğu kişi 'sokmak' kelimesini 'insert' kelimesiyle ilişkilendirir ve bu kelimenin C1 seviyesinde olması uygun.";"";"freedict+kelly+frequencywords"
"C1";"Dönüşüm";"TRANSFORMATION";"Noun";"4262";"AI onaylı";"ai_approved";"ollama:qwen2.5-coder:7b";"0.95";"Dönüşüm";"Çoğu kişi 'dönüşüm' kelimesini 'transformation' kelimesiyle ilişkilendirir ve bu kelimenin C1 seviyesinde olması uygun.";"";"freedict+kelly+frequencywords"
"C1";"Bilgin";"SCHOLAR";"Noun";"4263";"AI onaylı";"ai_approved";"ollama:qwen2.5-coder:7b";"0.95";"Bilgin";"Çoğu kişi 'bilgin' kelimesini 'scholar' kelimesiyle ilişkilendirir ve bu kelimenin C1 seviyesinde olması uygun.";"Alim";"freedict+kelly+frequencywords"
"C1";"Kenar";"MARGIN";"Noun";"4265";"AI onaylı";"ai_approved";"ollama:qwen2.5-coder:7b";"0.95";"Kenar";"Çoğu kişi 'kenar' kelimesini 'margin' kelimesiyle ilişkilendirir ve bu kelimenin C1 seviyesinde olması uygun.";"";"freedict+kelly+frequencywords"
"C1";"Toplamak";"ASSEMBLE";"Verb";"4268";"AI onaylı";"ai_approved";"ollama:qwen2.5-coder:7b";"0.95";"Toplamak";"Çoğu kişi 'toplamak' kelimesini 'assemble' kelimesiyle ilişkilendirir ve bu kelimenin C1 seviyesinde olması uygun.";"Birleştirmek | Birleşmek";"freedict+kelly+frequencywords"
"C1";"İnsan";"HUMANITY";"Noun";"4269";"AI onaylı";"ai_approved";"ollama:qwen2.5-coder:7b";"0.95";"İnsan";"Çoğu kişi 'insan' kelimesini 'humanity' kelimesiyle ilişkilendirir ve bu kelimenin C1 seviyesinde olması uygun.";"Merhamet | İnsanlık";"freedict+kelly+frequencywords"
"C1";"Mektuplar";"CORRESPONDENCE";"Noun";"4271";"AI onaylı";"ai_approved";"ollama:qwen2.5-coder:7b";"0.95";"Mektuplar";"Çoğu kişi 'mektuplar' kelimesini 'correspondence' kelimesiyle ilişkilendirir ve bu kelimenin C1 seviyesinde olması uygun.";"";"freedict+kelly+frequencywords"
"C1";"Yenileme";"RESTORATION";"Noun";"4274";"AI onaylı";"ai_approved";"ollama:qwen2.5-coder:7b";"0.95";"Yenileme";"Çoğu kişi 'yenileme' kelimesini 'restoration' kelimesiyle ilişkilendirir ve bu kelimenin C1 seviyesinde olması uygun.";"";"freedict+kelly+frequencywords"
"C1";"Geçirmek";"CONVEY";"Verb";"4275";"AI onaylı";"ai_approved";"ollama:qwen2.5-coder:7b";"0.95";"Geçirmek";"Çoğu kişi 'geçirmek' kelimesini 'convey' kelimesiyle ilişkilendirir ve bu kelimenin C1 seviyesinde olması uygun.";"Götürmek | Taşımak";"freedict+kelly+frequencywords"
"C1";"Bütün";"INTEGRAL";"Adjective";"4277";"AI onaylı";"ai_approved";"ollama:qwen2.5-coder:7b";"0.95";"Bütün";"Cevap ve ipucu uyumlu ve yaygın bir şekilde kullanılmıştır.";"Gerekli | Unsur";"freedict+kelly+frequencywords"
"C1";"Sıkıntı";"CONSTRAINT";"Noun";"4280";"AI onaylı";"ai_approved";"ollama:qwen2.5-coder:7b";"0.95";"Sıkıntı";"Cevap ve ipucu uyumlu ve yaygın bir şekilde kullanılmıştır.";"Sınırlama";"freedict+kelly+frequencywords"
"C1";"Dinlemek";"AUDIT";"Noun";"4281";"AI onaylı";"ai_approved";"ollama:qwen2.5-coder:7b";"0.95";"Dinlemek";"Cevap ve ipucu uyumlu ve yaygın bir şekilde kullanılmıştır.";"";"freedict+kelly+frequencywords"
"C1";"Çaresiz";"INEVITABLE";"Adjective";"4284";"AI onaylı";"ai_approved";"ollama:qwen2.5-coder:7b";"0.95";"Çaresiz";"Cevap ve ipucu uyumlu ve yaygın bir şekilde kullanılmıştır.";"";"freedict+kelly+frequencywords"
"C1";"Şekil";"CONFIGURATION";"Noun";"4288";"AI onaylı";"ai_approved";"ollama:qwen2.5-coder:7b";"0.95";"Şekil";"Cevap ve ipucu uyumlu ve yaygın bir şekilde kullanılmıştır.";"Görünüş";"freedict+kelly+frequencywords"
"C1";"İmzalamak";"SUBSCRIBE";"Verb";"4289";"AI onaylı";"ai_approved";"ollama:qwen2.5-coder:7b";"0.95";"İmzalamak";"Cevap ve ipucu uyumlu ve yaygın bir şekilde kullanılmıştır.";"";"freedict+kelly+frequencywords"
"C1";"Temyiz";"DISCRIMINATION";"Noun";"4290";"AI onaylı";"ai_approved";"ollama:qwen2.5-coder:7b";"0.95";"Temyiz";"Cevap ve ipucu uyumlu ve yaygın bir şekilde kullanılmıştır.";"";"freedict+kelly+frequencywords"
"C1";"Yenmek";"DEFEAT";"Verb";"4293";"AI onaylı";"ai_approved";"ollama:qwen2.5-coder:7b";"0.95";"Yenmek";"Cevap ve ipucu uyumlu ve yaygın bir şekilde kullanılmıştır.";"Bozmak | Yenilgi";"freedict+kelly+frequencywords"
"C1";"Tür";"GENRE";"Noun";"4298";"AI onaylı";"ai_approved";"ollama:qwen2.5-coder:7b";"0.95";"Tür";"Cevap ve ipucu uyumlu ve yaygın bir şekilde kullanılmıştır.";"Tarz | Nevi";"freedict+kelly+frequencywords"
"C1";"Hırslı";"AMBITION";"Noun";"4299";"AI onaylı";"ai_approved";"ollama:qwen2.5-coder:7b";"0.95";"Hırslı";"Cevap ve ipucu uyumlu ve yaygın bir şekilde kullanılmıştır.";"Hırs | Heves | Tutkun";"freedict+kelly+frequencywords"
"C1";"Pratik";"FUNCTIONAL";"Adjective";"4300";"AI onaylı";"ai_approved";"ollama:qwen2.5-coder:7b";"0.95";"Pratik";"Cevap ve ipucu uyumlu ve yaygın bir şekilde kullanılmıştır.";"";"freedict+kelly+frequencywords"
"C1";"Ortak";"MUTUAL";"Adjective";"4303";"AI onaylı";"ai_approved";"ollama:qwen2.5-coder:7b";"0.95";"Ortak";"Cevap ve ipucu uyumlu ve yaygın bir şekilde kullanılmıştır.";"Karşılıklı";"freedict+kelly+frequencywords"
"C1";"Kapama";"CLOSURE";"Noun";"4306";"AI onaylı";"ai_approved";"ollama:qwen2.5-coder:7b";"0.95";"Kapama";"Cevap ve ipucu uyumlu ve yaygın bir şekilde kullanılmıştır.";"Kapanma";"freedict+kelly+frequencywords"
"C1";"Tarihçi";"HISTORIAN";"Noun";"4308";"AI onaylı";"ai_approved";"ollama:qwen2.5-coder:7b";"0.95";"Tarihçi";"Cevap ve ipucu uyumlu ve yaygın bir şekilde kullanılmıştır.";"";"freedict+kelly+frequencywords"
"C1";"Çıkarma";"EMISSION";"Noun";"4309";"AI onaylı";"ai_approved";"ollama:qwen2.5-coder:7b";"0.95";"Çıkarma";"Cevap ve ipucu uyumlu ve yaygın bir şekilde kullanılmıştır.";"İhraç";"freedict+kelly+frequencywords"
"C1";"Güçlü";"ROBUST";"Adjective";"4312";"AI onaylı";"ai_approved";"ollama:qwen2.5-coder:7b";"0.95";"Güçlü";"Cevap ve ipucu uyumlu ve yaygın bir şekilde kullanılmıştır.";"Sağlam | Kuvvetli | Dinç";"freedict+kelly+frequencywords"
"C1";"Faydasız";"UNNECESSARY";"Adjective";"4313";"AI onaylı";"ai_approved";"ollama:qwen2.5-coder:7b";"0.95";"Faydasız";"Cevap ve ipucu uyumlu ve yaygın bir şekilde kullanılmıştır.";"Lüzumsuz";"freedict+kelly+frequencywords"
"C1";"Açıklamak";"CLARIFY";"Verb";"4314";"AI onaylı";"ai_approved";"ollama:qwen2.5-coder:7b";"0.95";"Açıklamak";"Cevap ve ipucu uyumlu ve yaygın bir şekilde kullanılmıştır.";"Açılmak | Aydınlatmak";"freedict+kelly+frequencywords"
"C1";"Hikaye";"LEGEND";"Noun";"4316";"AI onaylı";"ai_approved";"ollama:qwen2.5-coder:7b";"0.95";"Hikaye";"Cevap ve ipucu uyumlu ve yaygın bir şekilde kullanılmıştır.";"Masal";"freedict+kelly+frequencywords"
"C1";"Göndermek";"TRANSMIT";"Verb";"4319";"AI onaylı";"ai_approved";"ollama:qwen2.5-coder:7b";"0.95";"Göndermek";"Cevap ve ipucu uyumlu ve yaygın bir şekilde kullanılmıştır.";"";"freedict+kelly+frequencywords"
"C1";"Azaltmak";"DECREASE";"Verb";"4323";"AI onaylı";"ai_approved";"ollama:qwen2.5-coder:7b";"0.95";"Azaltmak";"Çekilmek ve azaltmak aynı anlamda kullanılan kelimelerdir.";"Azaltmak | Çekilme | Eksiklik | Azalma";"freedict+kelly+frequencywords"
"C1";"Resim";"ICON";"Noun";"4324";"AI onaylı";"ai_approved";"ollama:qwen2.5-coder:7b";"0.95";"Resim";"Resim ve ikon aynı anlamda kullanılan kelimelerdir.";"";"freedict+kelly+frequencywords"
"C1";"Uzak";"DISTANT";"Adjective";"4326";"AI onaylı";"ai_approved";"ollama:qwen2.5-coder:7b";"0.95";"Uzak";"Uzak ve soğuk farklı anlamlı kelimelerdir, ancak ikisi de C1 seviyesinde ve aynı kelimetür.";"Soğuk | Ağır | Belirsiz";"freedict+kelly+frequencywords"
"C1";"Vermek";"ATTRIBUTE";"Verb";"4327";"AI onaylı";"ai_approved";"ollama:qwen2.5-coder:7b";"0.95";"Vermek";"Vermek ve yetki farklı anlamlı kelimelerdir, ancak ikisi de C1 seviyesinde ve aynı kelimetür.";"Verme | Yetki | Yüklemek";"freedict+kelly+frequencywords"
"C1";"Sokmak";"IMPORT";"Verb";"4329";"AI onaylı";"ai_approved";"ollama:qwen2.5-coder:7b";"0.95";"Sokmak";"Sokmak ve anlam farklı anlamlı kelimelerdir, ancak ikisi de C1 seviyesinde ve aynı kelimetür.";"Anlam | Önem | Etkilemek | Belirtmek";"freedict+kelly+frequencywords"
"C1";"Yalan";"FICTION";"Noun";"4334";"AI onaylı";"ai_approved";"ollama:qwen2.5-coder:7b";"0.95";"Yalan";"Yalan ve hayal farklı anlamlı kelimelerdir, ancak ikisi de C1 seviyesinde ve aynı kelimetür.";"Hayal | İcat | Masal";"freedict+kelly+frequencywords"
"C1";"Boşluk";"VACANCY";"Noun";"4336";"AI onaylı";"ai_approved";"ollama:qwen2.5-coder:7b";"0.95";"Boşluk";"Boşluk ve aralık farklı anlamlı kelimelerdir, ancak ikisi de C1 seviyesinde ve aynı kelimetür.";"Aralık";"freedict+kelly+frequencywords"
"C1";"Takdir";"TRIBUTE";"Noun";"4338";"AI onaylı";"ai_approved";"ollama:qwen2.5-coder:7b";"0.95";"Takdir";"Takdir ve vergi farklı anlamlı kelimelerdir, ancak ikisi de C1 seviyesinde ve aynı kelimetür.";"Vergi";"freedict+kelly+frequencywords"
"C1";"Ormanlık";"WOODLAND";"Noun";"4339";"AI onaylı";"ai_approved";"ollama:qwen2.5-coder:7b";"0.95";"Ormanlık";"Ormanlık ve orman farklı anlamlı kelimelerdir, ancak ikisi de C1 seviyesinde ve aynı kelimetür.";"";"freedict+kelly+frequencywords"
"C1";"Düşmek";"DESCEND";"Verb";"4341";"AI onaylı";"ai_approved";"ollama:qwen2.5-coder:7b";"0.95";"Düşmek";"Düşmek ve inmek farklı anlamlı kelimelerdir, ancak ikisi de C1 seviyesinde ve aynı kelimetür.";"İnmek | Çökmek";"freedict+kelly+frequencywords"
"C1";"Düşürmek";"UNDERMINE";"Verb";"4342";"AI onaylı";"ai_approved";"ollama:qwen2.5-coder:7b";"0.95";"Düşürmek";"Düşürmek ve kırık farklı anlamlı kelimelerdir, ancak ikisi de C1 seviyesinde ve aynı kelimetür.";"";"freedict+kelly+frequencywords"
"C1";"Dürüstlük";"INTEGRITY";"Noun";"4344";"AI onaylı";"ai_approved";"ollama:qwen2.5-coder:7b";"0.95";"Dürüstlük";"Dürüstlük ve bütünlük farklı anlamlı kelimelerdir, ancak ikisi de C1 seviyesinde ve aynı kelimetür.";"Doğruluk | Bütünlük";"freedict+kelly+frequencywords"
"C1";"Hayali";"MYTH";"Noun";"4345";"AI onaylı";"ai_approved";"ollama:qwen2.5-coder:7b";"0.95";"Hayali";"Hayali ve efsane farklı anlamlı kelimelerdir, ancak ikisi de C1 seviyesinde ve aynı kelimetür.";"Efsane";"freedict+kelly+frequencywords"
"C1";"Tutan";"HOLDING";"Noun";"4353";"AI onaylı";"ai_approved";"ollama:qwen2.5-coder:7b";"0.95";"Tutan";"Tutan ve tutma farklı anlamlı kelimelerdir, ancak ikisi de C1 seviyesinde ve aynı kelimetür.";"Tutma";"freedict+kelly+frequencywords"
"C1";"Oyuncu";"PERFORMER";"Noun";"4354";"AI onaylı";"ai_approved";"ollama:qwen2.5-coder:7b";"0.95";"Oyuncu";"Oyuncu ve artist farklı anlamlı kelimelerdir, ancak ikisi de C1 seviyesinde ve aynı kelimetür.";"Artist";"freedict+kelly+frequencywords"
"C1";"Kırık";"BREACH";"Noun";"4357";"AI onaylı";"ai_approved";"ollama:qwen2.5-coder:7b";"0.95";"Kırık";"Kırık ve yarık farklı anlamlı kelimelerdir, ancak ikisi de C1 seviyesinde ve aynı kelimetür.";"Yarık | Bozulma | Gedik";"freedict+kelly+frequencywords"
"C1";"Akıl";"WISDOM";"Noun";"4358";"AI onaylı";"ai_approved";"ollama:qwen2.5-coder:7b";"0.95";"Akıl";"Akıl ve bilgelik farklı anlamlı kelimelerdir, ancak ikisi de C1 seviyesinde ve aynı kelimetür.";"Bilgelik | Akıllılık";"freedict+kelly+frequencywords"
"C1";"Resim";"PORTRAIT";"Noun";"4360";"AI onaylı";"ai_approved";"ollama:qwen2.5-coder:7b";"0.95";"Resim";"Resim ve tasvir farklı anlamlı kelimelerdir, ancak ikisi de C1 seviyesinde ve aynı kelimetür.";"Tasvir | Portre";"freedict+kelly+frequencywords"
"C1";"Basma";"PRINTING";"Noun";"4361";"AI onaylı";"ai_approved";"ollama:qwen2.5-coder:7b";"0.95";"Basma";"Basma ve basma farklı anlamlı kelimelerdir, ancak ikisi de C1 seviyesinde ve aynı kelimetür.";"";"freedict+kelly+frequencywords"
"C1";"Kaldırmak";"ERECT";"Verb";"4363";"AI onaylı";"ai_approved";"ollama:qwen2.5-coder:7b";"0.95";"Kaldırmak";"Kaldırmak ve yükseltmek farklı anlamlı kelimelerdir, ancak ikisi de C1 seviyesinde ve aynı kelimetür.";"Yükseltmek | Dimdik";"freedict+kelly+frequencywords"
"C1";"Ret";"EXCLUSION";"Noun";"4365";"AI onaylı";"ai_approved";"ollama:qwen2.5-coder:7b";"0.95";"Ret";"The clue 'Ret' is a common and accurate translation for 'EXCLUSION' in English.";"İhraç | Tart";"freedict+kelly+frequencywords"
"C1";"Mantık";"LOGIC";"Noun";"4367";"AI onaylı";"ai_approved";"ollama:qwen2.5-coder:7b";"0.95";"Mantık";"The clue 'Mantık' is a common and accurate translation for 'LOGIC' in English.";"";"freedict+kelly+frequencywords"
"C1";"Sakin";"PEACEFUL";"Adjective";"4368";"AI onaylı";"ai_approved";"ollama:qwen2.5-coder:7b";"0.95";"Sakin";"The clue 'Sakin' is a common and accurate translation for 'PEACEFUL' in English.";"Rahat";"freedict+kelly+frequencywords"
"C1";"Müstakbel";"PROSPECTIVE";"Adjective";"4369";"AI onaylı";"ai_approved";"ollama:qwen2.5-coder:7b";"0.95";"Müstakbel";"The clue 'Müstakbel' is a common and accurate translation for 'PROSPECTIVE' in English.";"Beklenen";"freedict+kelly+frequencywords"
"C1";"İlk";"PRELIMINARY";"Adjective";"4372";"AI onaylı";"ai_approved";"ollama:qwen2.5-coder:7b";"0.95";"İlk";"The clue 'İlk' is a common and accurate translation for 'PRELIMINARY' in English.";"";"freedict+kelly+frequencywords"
"C1";"Kapalı";"HIDDEN";"Adjective";"4373";"AI onaylı";"ai_approved";"ollama:qwen2.5-coder:7b";"0.95";"Kapalı";"The clue 'Kapalı' is a common and accurate translation for 'HIDDEN' in English.";"";"freedict+kelly+frequencywords"
"C1";"Teyit";"CONFIRMATION";"Noun";"4377";"AI onaylı";"ai_approved";"ollama:qwen2.5-coder:7b";"0.95";"Teyit";"The clue 'Teyit' is a common and accurate translation for 'CONFIRMATION' in English.";"İspat | Tasdik | Doğrulama";"freedict+kelly+frequencywords"
"C1";"Çabuk";"FLEET";"Noun";"4380";"AI onaylı";"ai_approved";"ollama:qwen2.5-coder:7b";"0.95";"Çabuk";"The clue 'Çabuk' is a common and accurate translation for 'FLEET' in English.";"Donanma | Seyretmek | Çevik";"freedict+kelly+frequencywords"
"C1";"Karşılaştırmak";"CONFRONT";"Verb";"4381";"AI onaylı";"ai_approved";"ollama:qwen2.5-coder:7b";"0.95";"Karşılaştırmak";"The clue 'Karşılaştırmak' is a common and accurate translation for 'CONFRONT' in English.";"";"freedict+kelly+frequencywords"
"C1";"Arkadaş";"COMPANION";"Noun";"4382";"AI onaylı";"ai_approved";"ollama:qwen2.5-coder:7b";"0.95";"Arkadaş";"The clue 'Arkadaş' is a common and accurate translation for 'COMPANION' in English.";"Ahbap | Yoldaş | Rehber";"freedict+kelly+frequencywords"
"C1";"Çekici";"DESIRABLE";"Adjective";"4387";"AI onaylı";"ai_approved";"ollama:qwen2.5-coder:7b";"0.95";"Çekici";"The clue 'Çekici' is a common and accurate translation for 'DESIRABLE' in English.";"";"freedict+kelly+frequencywords"
"C1";"Asıl";"ESSENCE";"Noun";"4390";"AI onaylı";"ai_approved";"ollama:qwen2.5-coder:7b";"0.95";"Asıl";"The clue 'Asıl' is a common and accurate translation for 'ESSENCE' in English.";"Ruh | Nefis | Varlık | Hakikat";"freedict+kelly+frequencywords"
"C1";"Yardımcı";"SUPPORTIVE";"Adjective";"4393";"AI onaylı";"ai_approved";"ollama:qwen2.5-coder:7b";"0.95";"Yardımcı";"The clue 'Yardımcı' is a common and accurate translation for 'SUPPORTIVE' in English.";"Destekleyici";"freedict+kelly+frequencywords"
"C1";"Girmek";"INCUR";"Verb";"4394";"AI onaylı";"ai_approved";"ollama:qwen2.5-coder:7b";"0.95";"Girmek";"The clue 'Girmek' is a common and accurate translation for 'INCUR' in English.";"Uğramak | Yakalanmak";"freedict+kelly+frequencywords"
"C1";"Ağır";"ACUTE";"Adjective";"4395";"AI onaylı";"ai_approved";"ollama:qwen2.5-coder:7b";"0.95";"Ağır";"The clue 'Ağır' is a common and accurate translation for 'ACUTE' in English.";"Zeki | Keskin | Sivri | İnce";"freedict+kelly+frequencywords"
"C1";"Gitmek";"DEPART";"Verb";"4397";"AI onaylı";"ai_approved";"ollama:qwen2.5-coder:7b";"0.95";"Gitmek";"The clue 'Gitmek' is a common and accurate translation for 'DEPART' in English.";"Ölmek | Ayrılmak";"freedict+kelly+frequencywords"
"C1";"Değişir";"VARIABLE";"Adjective";"4398";"AI onaylı";"ai_approved";"ollama:qwen2.5-coder:7b";"0.95";"Değişir";"The clue 'Değişir' is a common and accurate translation for 'VARIABLE' in English.";"Değişken | Kararsız";"freedict+kelly+frequencywords"
"C1";"Yayınlanmış";"BROADCAST";"Noun";"4402";"AI onaylı";"ai_approved";"ollama:qwen2.5-coder:7b";"0.95";"Yayınlanmış";"The clue 'Yayınlanmış' is a common and accurate translation for 'BROADCAST' in English.";"Saçılmış";"freedict+kelly+frequencywords"
"C1";"Açık";"SHORTAGE";"Noun";"4403";"AI onaylı";"ai_approved";"ollama:qwen2.5-coder:7b";"0.95";"Açık";"The clue 'Açık' is a common and accurate translation for 'SHORTAGE' in English.";"Eksiklik";"freedict+kelly+frequencywords"
"C1";"Nedeniyle";"VIRTUE";"Noun";"4405";"AI onaylı";"ai_approved";"ollama:qwen2.5-coder:7b";"0.95";"Nedeniyle";"The clue 'Nedeniyle' is a common and accurate translation for 'VIRTUE' in English.";"Kuvvet";"freedict+kelly+frequencywords"
"C1";"Belli";"NOTABLE";"Adjective";"4407";"AI onaylı";"ai_approved";"ollama:qwen2.5-coder:7b";"0.95";"Belli";"Cevap ve ipucu uyumlu ve yaygın bir şekilde kullanılmıştır.";"Tanınmış | Unutulmaz | Hatırlanacak";"freedict+kelly+frequencywords"
"C1";"Bağlantı";"TERMINAL";"Noun";"4410";"AI onaylı";"ai_approved";"ollama:qwen2.5-coder:7b";"0.95";"Bağlantı";"Cevap ve ipucu uyumlu ve yaygın bir şekilde kullanılmıştır.";"Nihayet | Terminal";"freedict+kelly+frequencywords"
"C1";"Turizm";"TOURISM";"Noun";"4412";"AI onaylı";"ai_approved";"ollama:qwen2.5-coder:7b";"0.95";"Turizm";"Cevap ve ipucu uyumlu ve yaygın bir şekilde kullanılmıştır.";"";"freedict+kelly+frequencywords"
"C1";"Ayırmak";"ISOLATE";"Verb";"4416";"AI onaylı";"ai_approved";"ollama:qwen2.5-coder:7b";"0.95";"Ayırmak";"Cevap ve ipucu uyumlu ve yaygın bir şekilde kullanılmıştır.";"";"freedict+kelly+frequencywords"
"C1";"Yayılma";"DEPLOY";"Verb";"4418";"AI onaylı";"ai_approved";"ollama:qwen2.5-coder:7b";"0.95";"Yayılma";"Cevap ve ipucu uyumlu ve yaygın bir şekilde kullanılmıştır.";"";"freedict+kelly+frequencywords"
"C1";"Çevirmek";"ENCOMPASS";"Verb";"4419";"AI onaylı";"ai_approved";"ollama:qwen2.5-coder:7b";"0.95";"Çevirmek";"Cevap ve ipucu uyumlu ve yaygın bir şekilde kullanılmıştır.";"Sarılma | Sarma";"freedict+kelly+frequencywords"
"C1";"Zarar";"DISADVANTAGE";"Noun";"4422";"AI onaylı";"ai_approved";"ollama:qwen2.5-coder:7b";"0.95";"Zarar";"Cevap ve ipucu uyumlu ve yaygın bir şekilde kullanılmıştır.";"";"freedict+kelly+frequencywords"
"C1";"İkna";"CONVICTION";"Noun";"4424";"AI onaylı";"ai_approved";"ollama:qwen2.5-coder:7b";"0.95";"İkna";"Cevap ve ipucu uyumlu ve yaygın bir şekilde kullanılmıştır.";"İnanç | Kanaat";"freedict+kelly+frequencywords"
"C1";"Saygı";"COURTESY";"Noun";"4426";"AI onaylı";"ai_approved";"ollama:qwen2.5-coder:7b";"0.95";"Saygı";"Cevap ve ipucu uyumlu ve yaygın bir şekilde kullanılmıştır.";"Nezaket | Kibarlık | İltifat | Hürmet";"freedict+kelly+frequencywords"
"C1";"İlerleyen";"PROGRESSIVE";"Adjective";"4429";"AI onaylı";"ai_approved";"ollama:qwen2.5-coder:7b";"0.95";"İlerleyen";"Cevap ve ipucu uyumlu ve yaygın bir şekilde kullanılmıştır.";"";"freedict+kelly+frequencywords"
"C1";"Toplamak";"CONFINE";"Verb";"4431";"AI onaylı";"ai_approved";"ollama:qwen2.5-coder:7b";"0.95";"Toplamak";"Cevap ve ipucu uyumlu ve yaygın bir şekilde kullanılmıştır.";"";"freedict+kelly+frequencywords"
"C1";"Tamamen";"WHOLLY";"Adverb";"4432";"AI onaylı";"ai_approved";"ollama:qwen2.5-coder:7b";"0.95";"Tamamen";"Cevap ve ipucu uyumlu ve yaygın bir şekilde kullanılmıştır.";"Sırf | Büsbütün";"freedict+kelly+frequencywords"
"C1";"Kafi";"SATISFACTORY";"Adjective";"4433";"AI onaylı";"ai_approved";"ollama:qwen2.5-coder:7b";"0.95";"Kafi";"Cevap ve ipucu uyumlu ve yaygın bir şekilde kullanılmıştır.";"";"freedict+kelly+frequencywords"
"C1";"Kalıntı";"REMAINDER";"Noun";"4437";"AI onaylı";"ai_approved";"ollama:qwen2.5-coder:7b";"0.95";"Kalıntı";"Cevap ve ipucu uyumlu ve yaygın bir şekilde kullanılmıştır.";"";"freedict+kelly+frequencywords"
"C1";"Hikaye";"NARRATIVE";"Noun";"4438";"AI onaylı";"ai_approved";"ollama:qwen2.5-coder:7b";"0.95";"Hikaye";"Cevap ve ipucu uyumlu ve yaygın bir şekilde kullanılmıştır.";"Fıkra";"freedict+kelly+frequencywords"
"C1";"Aynı";"PARALLEL";"Adjective";"4439";"AI onaylı";"ai_approved";"ollama:qwen2.5-coder:7b";"0.95";"Aynı";"Cevap ve ipucu uyumlu ve yaygın bir şekilde kullanılmıştır.";"Benzer | Paralel | Benzerlik | Karşılaştırmak";"freedict+kelly+frequencywords"
"C1";"Tarif";"DEPICT";"Verb";"4440";"AI onaylı";"ai_approved";"ollama:qwen2.5-coder:7b";"0.95";"Tarif";"Cevap ve ipucu uyumlu ve yaygın bir şekilde kullanılmıştır.";"Tasvir | Tanımlama";"freedict+kelly+frequencywords"
"C1";"Dikey";"VERTICAL";"Adjective";"4441";"AI onaylı";"ai_approved";"ollama:qwen2.5-coder:7b";"0.95";"Dikey";"Cevap ve ipucu uyumlu ve yaygın bir şekilde kullanılmıştır.";"";"freedict+kelly+frequencywords"
"C1";"Eğitmek";"INSTRUCT";"Verb";"4443";"AI onaylı";"ai_approved";"ollama:qwen2.5-coder:7b";"0.95";"Eğitmek";"Cevap ve ipucu uyumlu ve yaygın bir şekilde kullanılmıştır.";"Asistan | Eğitmen";"freedict+kelly+frequencywords"
"C1";"Devam";"PROGRESSION";"Noun";"4444";"AI onaylı";"ai_approved";"ollama:qwen2.5-coder:7b";"0.95";"Devam";"Cevap ve ipucu uyumlu ve yaygın bir şekilde kullanılmıştır.";"";"freedict+kelly+frequencywords"
"C1";"Karşı";"ADVERSE";"Adjective";"4445";"AI onaylı";"ai_approved";"ollama:qwen2.5-coder:7b";"0.95";"Karşı";"Cevap ve ipucu uyumlu ve yaygın bir şekilde kullanılmıştır.";"Ters | Zıt | Muhalefet | Muhalif";"freedict+kelly+frequencywords"
"C1";"Ölüm";"FATE";"Noun";"4446";"AI onaylı";"ai_approved";"ollama:qwen2.5-coder:7b";"0.95";"Ölüm";"Cevap ve ipucu uyumlu ve yaygın bir şekilde kullanılmıştır.";"Takdir | Kader | Talih | Kısmet";"freedict+kelly+frequencywords"
"C1";"Tutmak";"SEIZE";"Verb";"4447";"AI onaylı";"ai_approved";"ollama:qwen2.5-coder:7b";"0.95";"Tutmak";"Cevap ve ipucu uyumlu ve yaygın bir şekilde kullanılmıştır.";"Yakalamak | Takılmak";"freedict+kelly+frequencywords"
"C1";"Takdir";"APPRECIATION";"Noun";"4448";"AI onaylı";"ai_approved";"ollama:qwen2.5-coder:7b";"0.95";"Takdir";"Cevap ve ipucu uyumlu ve yaygın bir şekilde kullanılmıştır.";"Değerlendirme";"freedict+kelly+frequencywords"
"C1";"Tam";"THOROUGH";"Adjective";"4450";"AI onaylı";"ai_approved";"ollama:qwen2.5-coder:7b";"0.95";"Tam";"Cevap ve ipucu uyumlu ve yaygın bir şekilde kullanılmıştır.";"Mükemmel";"freedict+kelly+frequencywords"
"C1";"Dengeli";"BALANCED";"Adjective";"4452";"AI onaylı";"ai_approved";"ollama:qwen2.5-coder:7b";"0.95";"Dengeli";"Cevap ve ipucu uyumlu ve yaygın bir şekilde kullanılmıştır.";"";"freedict+kelly+frequencywords"
"C1";"Eğitici";"INFORMATIVE";"Adjective";"4455";"AI onaylı";"ai_approved";"ollama:qwen2.5-coder:7b";"0.95";"Eğitici";"Cevap ve ipucu uyumlu ve yaygın bir şekilde kullanılmıştır.";"Aydınlatıcı";"freedict+kelly+frequencywords"
"C1";"Arzu";"ASPIRATION";"Noun";"4456";"AI onaylı";"ai_approved";"ollama:qwen2.5-coder:7b";"0.95";"Arzu";"Cevap ve ipucu uyumlu ve yaygın bir şekilde kullanılmıştır.";"İstek";"freedict+kelly+frequencywords"
"C1";"Grup";"CLUSTER";"Noun";"4457";"AI onaylı";"ai_approved";"ollama:qwen2.5-coder:7b";"0.95";"Grup";"Cevap ve ipucu uyumlu ve yaygın bir şekilde kullanılmıştır.";"Tutam | Demet";"freedict+kelly+frequencywords"
"C1";"Yönetmen";"ADMINISTRATOR";"Noun";"4458";"AI onaylı";"ai_approved";"ollama:qwen2.5-coder:7b";"0.95";"Yönetmen";"Cevap ve ipucu uyumlu ve yaygın bir şekilde kullanılmıştır.";"Mudur | Vekil";"freedict+kelly+frequencywords"
"C1";"Tamamlamak";"ACCOMPLISH";"Verb";"4460";"AI onaylı";"ai_approved";"ollama:qwen2.5-coder:7b";"0.95";"Tamamlamak";"Cevap ve ipucu uyumlu ve yaygın bir şekilde kullanılmıştır.";"Başarmak | Becermek | Hünerli";"freedict+kelly+frequencywords"
"C1";"Çiftçi";"AGRICULTURE";"Noun";"4462";"AI onaylı";"ai_approved";"ollama:qwen2.5-coder:7b";"0.95";"Çiftçi";"Cevap ve ipucu uyumlu ve yaygın bir şekilde kullanılmıştır.";"Tarım";"freedict+kelly+frequencywords"
"C1";"Seyretmek";"OVERSEE";"Verb";"4463";"AI onaylı";"ai_approved";"ollama:qwen2.5-coder:7b";"0.95";"Seyretmek";"Cevap ve ipucu uyumlu ve yaygın bir şekilde kullanılmıştır.";"";"freedict+kelly+frequencywords"
"C1";"Genel";"GENERIC";"Adjective";"4465";"AI onaylı";"ai_approved";"ollama:qwen2.5-coder:7b";"0.95";"Genel";"Cevap ve ipucu uyumlu ve yaygın bir şekilde kullanılmıştır.";"Umumi";"freedict+kelly+frequencywords"
"C1";"Yoğunluk";"DENSITY";"Noun";"4467";"AI onaylı";"ai_approved";"ollama:qwen2.5-coder:7b";"0.95";"Yoğunluk";"Cevap ve ipucu uyumlu ve yaygın bir şekilde kullanılmıştır.";"";"freedict+kelly+frequencywords"
"C1";"Şey";"ENTITY";"Noun";"4471";"AI onaylı";"ai_approved";"ollama:qwen2.5-coder:7b";"0.95";"Şey";"Cevap ve ipucu uyumlu ve yaygın bir şekilde kullanılmıştır.";"Vücut | Varlık | Varoluş";"freedict+kelly+frequencywords"
"C1";"Hakim";"DOMINANT";"Adjective";"4475";"AI onaylı";"ai_approved";"ollama:qwen2.5-coder:7b";"0.95";"Hakim";"Cevap ve ipucu uyumlu ve yaygın bir şekilde kullanılmıştır.";"Galip | Yöneten | Nüfuzlu";"freedict+kelly+frequencywords"
"C1";"Dava";"THESIS";"Noun";"4478";"AI onaylı";"ai_approved";"ollama:qwen2.5-coder:7b";"0.95";"Dava";"Cevap ve ipucu uyumlu ve yaygın bir şekilde kullanılmıştır.";"Araştırma | İddia | Tez | İnceleme";"freedict+kelly+frequencywords"
"C1";"Öfke";"ANGER";"Noun";"4479";"AI onaylı";"ai_approved";"ollama:qwen2.5-coder:7b";"0.95";"Öfke";"Cevap ve ipucu uyumlu ve yaygın bir şekilde kullanılmıştır.";"Kızdırmak";"freedict+kelly+frequencywords"
"C1";"Şöhret";"CELEBRITY";"Noun";"4481";"AI onaylı";"ai_approved";"ollama:qwen2.5-coder:7b";"0.95";"Şöhret";"Cevap ve ipucu uyumlu ve yaygın bir şekilde kullanılmıştır.";"";"freedict+kelly+frequencywords"
"C1";"Yetersiz";"INADEQUATE";"Adjective";"4482";"AI onaylı";"ai_approved";"ollama:qwen2.5-coder:7b";"0.9";"Yetersiz";"Sözcük ve ipucu uyumlu ve yaygın bir şekilde kullanılmıştır.";"Yetersiz";"freedict+kelly+frequencywords"
"C1";"Şans";"HAZARD";"Noun";"4484";"AI onaylı";"ai_approved";"ollama:qwen2.5-coder:7b";"0.9";"Şans";"Sözcük ve ipucu uyumlu ve yaygın bir şekilde kullanılmıştır.";"Tehlike";"freedict+kelly+frequencywords"
"C1";"Şiddet";"INTENSITY";"Noun";"4487";"AI onaylı";"ai_approved";"ollama:qwen2.5-coder:7b";"0.9";"Şiddet";"Sözcük ve ipucu uyumlu ve yaygın bir şekilde kullanılmıştır.";"Yoğunluk";"freedict+kelly+frequencywords"
"C1";"Kin";"SPITE";"Noun";"4494";"AI onaylı";"ai_approved";"ollama:qwen2.5-coder:7b";"0.9";"Kin";"Sözcük ve ipucu uyumlu ve yaygın bir şekilde kullanılmıştır.";"Üzüntü";"freedict+kelly+frequencywords"
"C1";"Dinlenmek";"REFRESH";"Verb";"4495";"AI onaylı";"ai_approved";"ollama:qwen2.5-coder:7b";"0.9";"Dinlenmek";"Sözcük ve ipucu uyumlu ve yaygın bir şekilde kullanılmıştır.";"";"freedict+kelly+frequencywords"
"C1";"Yapma";"EXECUTION";"Noun";"4502";"AI onaylı";"ai_approved";"ollama:qwen2.5-coder:7b";"0.9";"Yapma";"Sözcük ve ipucu uyumlu ve yaygın bir şekilde kullanılmıştır.";"İdam | İcra";"freedict+kelly+frequencywords"
"C1";"Akıl";"CONSCIOUSNESS";"Noun";"4503";"AI onaylı";"ai_approved";"ollama:qwen2.5-coder:7b";"0.9";"Akıl";"Sözcük ve ipucu uyumlu ve yaygın bir şekilde kullanılmıştır.";"His | Anlayış | Bilinç | İdrak";"freedict+kelly+frequencywords"
"C1";"Bakmak";"FOSTER";"Verb";"4504";"AI onaylı";"ai_approved";"ollama:qwen2.5-coder:7b";"0.9";"Bakmak";"Sözcük ve ipucu uyumlu ve yaygın bir şekilde kullanılmıştır.";"Beslemek";"freedict+kelly+frequencywords"
"C1";"Vermek";"YIELD";"Verb";"4506";"AI onaylı";"ai_approved";"ollama:qwen2.5-coder:7b";"0.9";"Vermek";"Sözcük ve ipucu uyumlu ve yaygın bir şekilde kullanılmıştır.";"Ödemek | Ürün | Çökmek";"freedict+kelly+frequencywords"
"C1";"Mülteci";"REFUGEE";"Noun";"4507";"AI onaylı";"ai_approved";"ollama:qwen2.5-coder:7b";"0.9";"Mülteci";"Sözcük ve ipucu uyumlu ve yaygın bir şekilde kullanılmıştır.";"";"freedict+kelly+frequencywords"
"C1";"Ayırma";"ISOLATION";"Noun";"4512";"AI onaylı";"ai_approved";"ollama:qwen2.5-coder:7b";"0.9";"Ayırma";"Sözcük ve ipucu uyumlu ve yaygın bir şekilde kullanılmıştır.";"Tecrit";"freedict+kelly+frequencywords"
"C1";"Saldırı";"INVASION";"Noun";"4513";"AI onaylı";"ai_approved";"ollama:qwen2.5-coder:7b";"0.9";"Saldırı";"Sözcük ve ipucu uyumlu ve yaygın bir şekilde kullanılmıştır.";"Akın";"freedict+kelly+frequencywords"
"C1";"Engin";"PROFOUND";"Adjective";"4518";"AI onaylı";"ai_approved";"ollama:qwen2.5-coder:7b";"0.9";"Engin";"Sözcük ve ipucu uyumlu ve yaygın bir şekilde kullanılmıştır.";"Derinlik";"freedict+kelly+frequencywords"
"C1";"Meşru";"LEGITIMATE";"Adjective";"4519";"AI onaylı";"ai_approved";"ollama:qwen2.5-coder:7b";"0.9";"Meşru";"Sözcük ve ipucu uyumlu ve yaygın bir şekilde kullanılmıştır.";"Kanuni";"freedict+kelly+frequencywords"
"C1";"Verimli";"PRODUCTIVE";"Adjective";"4521";"AI onaylı";"ai_approved";"ollama:qwen2.5-coder:7b";"0.9";"Verimli";"Sözcük ve ipucu uyumlu ve yaygın bir şekilde kullanılmıştır.";"Bereketli";"freedict+kelly+frequencywords"
"C1";"Mükemmel";"ELEGANT";"Adjective";"4523";"AI onaylı";"ai_approved";"ollama:qwen2.5-coder:7b";"0.9";"Mükemmel";"Sözcük ve ipucu uyumlu ve yaygın bir şekilde kullanılmıştır.";"Nazik | Kibar | Şık | Zarif";"freedict+kelly+frequencywords"
"C1";"Engel";"OBSTACLE";"Noun";"4524";"AI onaylı";"ai_approved";"ollama:qwen2.5-coder:7b";"0.9";"Engel";"Sözcük ve ipucu uyumlu ve yaygın bir şekilde kullanılmıştır.";"";"freedict+kelly+frequencywords"
"C1";"Açıklık";"CLARITY";"Noun";"4525";"AI onaylı";"ai_approved";"ollama:qwen2.5-coder:7b";"0.9";"Açıklık";"Sözcük ve ipucu uyumlu ve yaygın bir şekilde kullanılmıştır.";"";"freedict+kelly+frequencywords"
"C1";"Şeytan";"SATAN";"Noun";"4527";"AI onaylı";"ai_approved";"ollama:qwen2.5-coder:7b";"0.9";"Şeytan";"Sözcük ve ipucu uyumlu ve yaygın bir şekilde kullanılmıştır.";"İblis";"freedict+kelly+frequencywords"
"C1";"Plan";"COUNSEL";"Verb";"4533";"AI onaylı";"ai_approved";"ollama:qwen2.5-coder:7b";"0.9";"Plan";"Sözcük ve ipucu uyumlu ve yaygın bir şekilde kullanılmıştır.";"Düşünce | Tedbir | Öğüt | Danışma";"freedict+kelly+frequencywords"
"C1";"Orta";"MAINSTREAM";"Adjective";"4534";"AI onaylı";"ai_approved";"ollama:qwen2.5-coder:7b";"0.95";"Orta";"Cevap ve ipucu uyumlu ve yaygın bir şekilde kullanılmıştır.";"";"freedict+kelly+frequencywords"
"C1";"Sonsuz";"ENDLESS";"Adjective";"4535";"AI onaylı";"ai_approved";"ollama:qwen2.5-coder:7b";"0.95";"Sonsuz";"Cevap ve ipucu uyumlu ve yaygın bir şekilde kullanılmıştır.";"Ölümsüz | Ebedi";"freedict+kelly+frequencywords"
"C1";"Kolaylaştırmak";"SIMPLIFY";"Verb";"4536";"AI onaylı";"ai_approved";"ollama:qwen2.5-coder:7b";"0.95";"Kolaylaştırmak";"Cevap ve ipucu uyumlu ve yaygın bir şekilde kullanılmıştır.";"";"freedict+kelly+frequencywords"
"C1";"Kesin";"EXPLICIT";"Adjective";"4541";"AI onaylı";"ai_approved";"ollama:qwen2.5-coder:7b";"0.95";"Kesin";"Cevap ve ipucu uyumlu ve yaygın bir şekilde kullanılmıştır.";"Apaçık | Aşikar";"freedict+kelly+frequencywords"
"C1";"Toplantı";"GATHERING";"Noun";"4543";"AI onaylı";"ai_approved";"ollama:qwen2.5-coder:7b";"0.95";"Toplantı";"Cevap ve ipucu uyumlu ve yaygın bir şekilde kullanılmıştır.";"Topluluk | Şiş | Toplanma";"freedict+kelly+frequencywords"
"C1";"Karşılamak";"GREET";"Verb";"4545";"AI onaylı";"ai_approved";"ollama:qwen2.5-coder:7b";"0.95";"Karşılamak";"Cevap ve ipucu uyumlu ve yaygın bir şekilde kullanılmıştır.";"";"freedict+kelly+frequencywords"
"C1";"Bulmak";"ATTAIN";"Verb";"4546";"AI onaylı";"ai_approved";"ollama:qwen2.5-coder:7b";"0.95";"Bulmak";"Cevap ve ipucu uyumlu ve yaygın bir şekilde kullanılmıştır.";"Kazanmak | Ulaşmak | Varmak | Yetişmek";"freedict+kelly+frequencywords"
"C1";"Uzlaşma";"COMPROMISE";"Verb";"4554";"AI onaylı";"ai_approved";"ollama:qwen2.5-coder:7b";"0.95";"Uzlaşma";"Cevap ve ipucu uyumlu ve yaygın bir şekilde kullanılmıştır.";"";"freedict+kelly+frequencywords"
"C1";"Burs";"SCHOLARSHIP";"Noun";"4555";"AI onaylı";"ai_approved";"ollama:qwen2.5-coder:7b";"0.95";"Burs";"Cevap ve ipucu uyumlu ve yaygın bir şekilde kullanılmıştır.";"";"freedict+kelly+frequencywords"
"C1";"Hızlandırmak";"ACCELERATE";"Verb";"4560";"AI onaylı";"ai_approved";"ollama:qwen2.5-coder:7b";"0.95";"Hızlandırmak";"Cevap ve ipucu uyumlu ve yaygın bir şekilde kullanılmıştır.";"";"freedict+kelly+frequencywords"
"C1";"Demeç";"DECLARATION";"Noun";"4561";"AI onaylı";"ai_approved";"ollama:qwen2.5-coder:7b";"0.95";"Demeç";"Cevap ve ipucu uyumlu ve yaygın bir şekilde kullanılmıştır.";"Tebliğ";"freedict+kelly+frequencywords"
"C1";"Macaristan";"HUNGARY";"Noun";"4563";"AI onaylı";"ai_approved";"ollama:qwen2.5-coder:7b";"0.95";"Macaristan";"Cevap ve ipucu uyumlu ve yaygın bir şekilde kullanılmıştır.";"";"freedict+kelly+frequencywords"
"C1";"Açmak";"WIDEN";"Verb";"4564";"AI onaylı";"ai_approved";"ollama:qwen2.5-coder:7b";"0.95";"Açmak";"Cevap ve ipucu uyumlu ve yaygın bir şekilde kullanılmıştır.";"Açılmak | Genişletmek";"freedict+kelly+frequencywords"
"C1";"Patika";"PATHWAY";"Noun";"4566";"AI onaylı";"ai_approved";"ollama:qwen2.5-coder:7b";"0.95";"Patika";"Cevap ve ipucu uyumlu ve yaygın bir şekilde kullanılmıştır.";"";"freedict+kelly+frequencywords"
"C1";"Yeterli";"COMPETENT";"Adjective";"4568";"AI onaylı";"ai_approved";"ollama:qwen2.5-coder:7b";"0.95";"Yeterli";"Cevap ve ipucu uyumlu ve yaygın bir şekilde kullanılmıştır.";"Yetkili | Kabiliyetli";"freedict+kelly+frequencywords"
"C1";"Kesin";"MATHEMATICAL";"Adjective";"4569";"AI onaylı";"ai_approved";"ollama:qwen2.5-coder:7b";"0.95";"Kesin";"Cevap ve ipucu uyumlu ve yaygın bir şekilde kullanılmıştır.";"";"freedict+kelly+frequencywords"
"C1";"Rakip";"RIVAL";"Noun";"4572";"AI onaylı";"ai_approved";"ollama:qwen2.5-coder:7b";"0.95";"Rakip";"Cevap ve ipucu uyumlu ve yaygın bir şekilde kullanılmıştır.";"";"freedict+kelly+frequencywords"
"C1";"Denizcilik";"MARINE";"Adjective";"4573";"AI onaylı";"ai_approved";"ollama:qwen2.5-coder:7b";"0.95";"Denizcilik";"Cevap ve ipucu uyumlu ve yaygın bir şekilde kullanılmıştır.";"";"freedict+kelly+frequencywords"
"C1";"Vermek";"DISPOSE";"Verb";"4574";"AI onaylı";"ai_approved";"ollama:qwen2.5-coder:7b";"0.95";"Vermek";"Cevap ve ipucu uyumlu ve yaygın bir şekilde kullanılmıştır.";"Kullanmak | Dağıtmak | Düzenlemek | Kandırmak";"freedict+kelly+frequencywords"
"C1";"Güç";"FACULTY";"Noun";"4576";"AI onaylı";"ai_approved";"ollama:qwen2.5-coder:7b";"0.95";"Güç";"Cevap ve ipucu uyumlu ve yaygın bir şekilde kullanılmıştır.";"Yetenek | Kuvvet | İktidar | Fakülte";"freedict+kelly+frequencywords"
"C1";"Denklem";"EQUATION";"Noun";"4577";"AI onaylı";"ai_approved";"ollama:qwen2.5-coder:7b";"0.95";"Denklem";"Sözcük ve ipucu tam olarak eşleşiyor.";"";"freedict+kelly+frequencywords"
"C1";"Keza";"LIKEWISE";"Adverb";"4579";"AI onaylı";"ai_approved";"ollama:qwen2.5-coder:7b";"0.95";"Keza";"Sözcük ve ipucu tam olarak eşleşiyor.";"";"freedict+kelly+frequencywords"
"C1";"Atom";"PARTICLE";"Noun";"4580";"AI onaylı";"ai_approved";"ollama:qwen2.5-coder:7b";"0.95";"Atom";"Sözcük ve ipucu tam olarak eşleşiyor.";"Zerre | Tanecik | Takı";"freedict+kelly+frequencywords"
"C1";"Kibarlık";"DISCRETION";"Noun";"4581";"AI onaylı";"ai_approved";"ollama:qwen2.5-coder:7b";"0.95";"Kibarlık";"Sözcük ve ipucu tam olarak eşleşiyor.";"Dikkat";"freedict+kelly+frequencywords"
"C1";"Yolunda";"UNDERWAY";"Adjective";"4586";"AI onaylı";"ai_approved";"ollama:qwen2.5-coder:7b";"0.95";"Yolunda";"Sözcük ve ipucu tam olarak eşleşiyor.";"";"freedict+kelly+frequencywords"
"C1";"Alıcı";"RECIPIENT";"Noun";"4588";"AI onaylı";"ai_approved";"ollama:qwen2.5-coder:7b";"0.95";"Alıcı";"Sözcük ve ipucu tam olarak eşleşiyor.";"";"freedict+kelly+frequencywords"
"C1";"Adalet";"EQUITY";"Noun";"4589";"AI onaylı";"ai_approved";"ollama:qwen2.5-coder:7b";"0.95";"Adalet";"Sözcük ve ipucu tam olarak eşleşiyor.";"";"freedict+kelly+frequencywords"
"C1";"Muazzam";"MONUMENT";"Noun";"4591";"AI onaylı";"ai_approved";"ollama:qwen2.5-coder:7b";"0.95";"Muazzam";"Sözcük ve ipucu tam olarak eşleşiyor.";"Eser | Anıt | Heybetli";"freedict+kelly+frequencywords"
"C1";"Tanımlamak";"PORTRAY";"Verb";"4593";"AI onaylı";"ai_approved";"ollama:qwen2.5-coder:7b";"0.95";"Tanımlamak";"Sözcük ve ipucu tam olarak eşleşiyor.";"Tanımlama";"freedict+kelly+frequencywords"
"C1";"Sevgi";"ATTACHMENT";"Noun";"4595";"AI onaylı";"ai_approved";"ollama:qwen2.5-coder:7b";"0.95";"Sevgi";"Sözcük ve ipucu tam olarak eşleşiyor.";"Muhabbet | Bağlılık | Dostluk | İlgi";"freedict+kelly+frequencywords"
"C1";"Haber";"DISCLOSE";"Verb";"4596";"AI onaylı";"ai_approved";"ollama:qwen2.5-coder:7b";"0.95";"Haber";"Sözcük ve ipucu tam olarak eşleşiyor.";"Göstermek | Söyleme | Açmak | Keşfetmek";"freedict+kelly+frequencywords"
"C1";"Canlı";"VIBRANT";"Adjective";"4597";"AI onaylı";"ai_approved";"ollama:qwen2.5-coder:7b";"0.95";"Canlı";"Sözcük ve ipucu tam olarak eşleşiyor.";"Ateşli | Enerjik | Dolgun | Titrek";"freedict+kelly+frequencywords"
"C1";"Tepe";"SUMMIT";"Noun";"4598";"AI onaylı";"ai_approved";"ollama:qwen2.5-coder:7b";"0.95";"Tepe";"Sözcük ve ipucu tam olarak eşleşiyor.";"Zirve | Doruk";"freedict+kelly+frequencywords"
"C1";"Düzeltme";"RETRIEVE";"Verb";"4599";"AI onaylı";"ai_approved";"ollama:qwen2.5-coder:7b";"0.95";"Düzeltme";"Sözcük ve ipucu tam olarak eşleşiyor.";"";"freedict+kelly+frequencywords"
"C1";"Ayna";"MIRROR";"Verb";"4603";"AI onaylı";"ai_approved";"ollama:qwen2.5-coder:7b";"0.95";"Ayna";"Sözcük ve ipucu tam olarak eşleşiyor.";"";"freedict+kelly+frequencywords"
"C1";"Çalışan";"WORKING";"Adjective";"4604";"AI onaylı";"ai_approved";"ollama:qwen2.5-coder:7b";"0.95";"Çalışan";"Sözcük ve ipucu tam olarak eşleşiyor.";"Çalışma";"freedict+kelly+frequencywords"
"C1";"Muhteşem";"ROYAL";"Adjective";"4607";"AI onaylı";"ai_approved";"ollama:qwen2.5-coder:7b";"0.95";"Muhteşem";"Sözcük ve ipucu tam olarak eşleşiyor.";"Şahane | Muazzam";"freedict+kelly+frequencywords"
"C1";"Serbest";"LIBERAL";"Adjective";"4608";"AI onaylı";"ai_approved";"ollama:qwen2.5-coder:7b";"0.95";"Serbest";"Sözcük ve ipucu tam olarak eşleşiyor.";"Bol | Liberal";"freedict+kelly+frequencywords"
"C1";"Sert";"LEATHER";"Noun";"4609";"AI onaylı";"ai_approved";"ollama:qwen2.5-coder:7b";"0.95";"Sert";"Sözcük ve ipucu tam olarak eşleşiyor.";"";"freedict+kelly+frequencywords"
"C1";"Bayrak";"BANNER";"Noun";"4610";"AI onaylı";"ai_approved";"ollama:qwen2.5-coder:7b";"0.95";"Bayrak";"Sözcük ve ipucu tam olarak eşleşiyor.";"Sancak | Alem";"freedict+kelly+frequencywords"
"C1";"Çökmek";"COLLAPSE";"Noun";"4611";"AI onaylı";"ai_approved";"ollama:qwen2.5-coder:7b";"0.95";"Çökmek";"Çok yaygın ve doğru bir çeviri.";"";"freedict+kelly+frequencywords"
"C1";"Trajedi";"TRAGEDY";"Noun";"4613";"AI onaylı";"ai_approved";"ollama:qwen2.5-coder:7b";"0.95";"Trajedi";"Çok yaygın ve doğru bir çeviri.";"Facia";"freedict+kelly+frequencywords"
"C1";"Yelken";"SAIL";"Verb";"4614";"AI onaylı";"ai_approved";"ollama:qwen2.5-coder:7b";"0.95";"Yelken";"Çok yaygın ve doğru bir çeviri.";"";"freedict+kelly+frequencywords"
"C1";"Haksız";"UNFAIR";"Adjective";"4616";"AI onaylı";"ai_approved";"ollama:qwen2.5-coder:7b";"0.95";"Haksız";"Çok yaygın ve doğru bir çeviri.";"Adaletsiz";"freedict+kelly+frequencywords"
"C1";"Böcek";"BUG";"Noun";"4617";"AI onaylı";"ai_approved";"ollama:qwen2.5-coder:7b";"0.95";"Böcek";"Çok yaygın ve doğru bir çeviri.";"Cihaz";"freedict+kelly+frequencywords"
"C1";"Aksesuar";"ACCESSORY";"Noun";"4618";"AI onaylı";"ai_approved";"ollama:qwen2.5-coder:7b";"0.95";"Aksesuar";"Çok yaygın ve doğru bir çeviri.";"";"freedict+kelly+frequencywords"
"C1";"Toptan";"BULK";"Noun";"4620";"AI onaylı";"ai_approved";"ollama:qwen2.5-coder:7b";"0.95";"Toptan";"Çok yaygın ve doğru bir çeviri.";"Büyümek | Büyütmek";"freedict+kelly+frequencywords"
"C1";"Devir";"TURNOVER";"Noun";"4622";"AI onaylı";"ai_approved";"ollama:qwen2.5-coder:7b";"0.95";"Devir";"Çok yaygın ve doğru bir çeviri.";"";"freedict+kelly+frequencywords"
"C1";"Üzerinde";"SUPER";"Adjective";"4623";"AI onaylı";"ai_approved";"ollama:qwen2.5-coder:7b";"0.95";"Üzerinde";"Çok yaygın ve doğru bir çeviri.";"Fazlasıyla";"freedict+kelly+frequencywords"
"C1";"Uygun";"FITTING";"Adjective";"4627";"AI onaylı";"ai_approved";"ollama:qwen2.5-coder:7b";"0.95";"Uygun";"Çok yaygın ve doğru bir çeviri.";"Yerinde | Takım | Münasip | Teçhizat";"freedict+kelly+frequencywords"
"C1";"Parlamento";"PARLIAMENT";"Noun";"4629";"AI onaylı";"ai_approved";"ollama:qwen2.5-coder:7b";"0.95";"Parlamento";"Çok yaygın ve doğru bir çeviri.";"";"freedict+kelly+frequencywords"
"C1";"Direk";"POLE";"Noun";"4630";"AI onaylı";"ai_approved";"ollama:qwen2.5-coder:7b";"0.95";"Direk";"Çok yaygın ve doğru bir çeviri.";"Kutup | Kazık | Polonyalı | Sırık";"freedict+kelly+frequencywords"
"C1";"Sıkı";"COMPACT";"Adjective";"4632";"AI onaylı";"ai_approved";"ollama:qwen2.5-coder:7b";"0.95";"Sıkı";"Çok yaygın ve doğru bir çeviri.";"Sık | Yoğun | Sözleşme";"freedict+kelly+frequencywords"
"C1";"Ray";"RUNNER";"Noun";"4633";"AI onaylı";"ai_approved";"ollama:qwen2.5-coder:7b";"0.95";"Ray";"Çok yaygın ve doğru bir çeviri.";"Kaçak | Koşucu | Makinist";"freedict+kelly+frequencywords"
"C1";"Yakışıklı";"BRAVE";"Adjective";"4636";"AI onaylı";"ai_approved";"ollama:qwen2.5-coder:7b";"0.95";"Yakışıklı";"Çok yaygın ve doğru bir çeviri.";"Cesur | Kahraman | Yürekli | Yiğit";"freedict+kelly+frequencywords"
"C1";"Ehliyet";"LICENSE";"Verb";"4637";"AI onaylı";"ai_approved";"ollama:qwen2.5-coder:7b";"0.95";"Ehliyet";"Çok yaygın ve doğru bir çeviri.";"Lisans | Ruhsat";"freedict+kelly+frequencywords"
"C1";"Gardiyan";"KEEPER";"Noun";"4638";"AI onaylı";"ai_approved";"ollama:qwen2.5-coder:7b";"0.95";"Gardiyan";"Çok yaygın ve doğru bir çeviri.";"Bakıcı | Bekçi";"freedict+kelly+frequencywords"
"C1";"Dönmek";"SPIN";"Verb";"4640";"AI onaylı";"ai_approved";"ollama:qwen2.5-coder:7b";"0.95";"Dönmek";"Çok yaygın ve doğru bir çeviri.";"Çevirmek | Döndürmek | Fırlatmak";"freedict+kelly+frequencywords"
"C1";"Taşınabilir";"PORTABLE";"Adjective";"4644";"AI onaylı";"ai_approved";"ollama:qwen2.5-coder:7b";"0.95";"Taşınabilir";"Çok yaygın ve doğru bir çeviri.";"Portatif";"freedict+kelly+frequencywords"
"C1";"Allahtan";"FORTUNATE";"Adjective";"4646";"AI onaylı";"ai_approved";"ollama:qwen2.5-coder:7b";"0.95";"Allahtan";"Çok yaygın ve doğru bir çeviri.";"Talihli";"freedict+kelly+frequencywords"
"C1";"Parıltı";"FLASH";"Noun";"4648";"AI onaylı";"ai_approved";"ollama:qwen2.5-coder:7b";"0.95";"Parıltı";"Parıltı ve FLASH aynı anlamda kullanılan bir kelime.";"";"freedict+kelly+frequencywords"
"C1";"Rahatsız";"POORLY";"Adverb";"4650";"AI onaylı";"ai_approved";"ollama:qwen2.5-coder:7b";"0.95";"Rahatsız";"Rahatsız ve POORLY aynı anlamda kullanılan bir kelime.";"";"freedict+kelly+frequencywords"
"C1";"Biyoloji";"BIOLOGY";"Noun";"4651";"AI onaylı";"ai_approved";"ollama:qwen2.5-coder:7b";"0.95";"Biyoloji";"Biyoloji ve BIOLOGY aynı anlamda kullanılan bir kelime.";"";"freedict+kelly+frequencywords"
"C1";"Psikolog";"PSYCHOLOGY";"Noun";"4652";"AI onaylı";"ai_approved";"ollama:qwen2.5-coder:7b";"0.95";"Psikolog";"Psikolog ve PSYCHOLOGY aynı anlamda kullanılan bir kelime.";"";"freedict+kelly+frequencywords"
"C1";"Kayıp";"CASUALTY";"Noun";"4654";"AI onaylı";"ai_approved";"ollama:qwen2.5-coder:7b";"0.95";"Kayıp";"Kayıp ve CASUALTY aynı anlamda kullanılan bir kelime.";"Kaza | Yaralı";"freedict+kelly+frequencywords"
"C1";"Yıkmak";"CAVE";"Noun";"4658";"AI onaylı";"ai_approved";"ollama:qwen2.5-coder:7b";"0.95";"Yıkmak";"Yıkmak ve CAVE aynı anlamda kullanılan bir kelime.";"";"freedict+kelly+frequencywords"
"C1";"Gelir";"EARNINGS";"Noun";"4660";"AI onaylı";"ai_approved";"ollama:qwen2.5-coder:7b";"0.95";"Gelir";"Gelir ve EARNINGS aynı anlamda kullanılan bir kelime.";"Maaş | Kazanç";"freedict+kelly+frequencywords"
"C1";"Uyanık";"ALERT";"Verb";"4662";"AI onaylı";"ai_approved";"ollama:qwen2.5-coder:7b";"0.95";"Uyanık";"Uyanık ve ALERT aynı anlamda kullanılan bir kelime.";"Tetik";"freedict+kelly+frequencywords"
"C1";"Tamam";"GROSS";"Adjective";"4666";"AI onaylı";"ai_approved";"ollama:qwen2.5-coder:7b";"0.95";"Tamam";"Tamam ve GROSS aynı anlamda kullanılan bir kelime.";"Büyük | Kötü | Hepsi | Kalın";"freedict+kelly+frequencywords"
"C1";"Verme";"BEARING";"Noun";"4667";"AI onaylı";"ai_approved";"ollama:qwen2.5-coder:7b";"0.95";"Verme";"Verme ve BEARING aynı anlamda kullanılan bir kelime.";"Ayak | Hal | Davranış | Ürün";"freedict+kelly+frequencywords"
"C1";"Maalesef";"UNFORTUNATE";"Adjective";"4668";"AI onaylı";"ai_approved";"ollama:qwen2.5-coder:7b";"0.95";"Maalesef";"Maalesef ve UNFORTUNATE aynı anlamda kullanılan bir kelime.";"Başarısız | Talihsiz | Kimsesiz | Bahtsız";"freedict+kelly+frequencywords"
"C1";"Yolcu";"FARE";"Noun";"4669";"AI onaylı";"ai_approved";"ollama:qwen2.5-coder:7b";"0.95";"Yolcu";"Yolcu ve FARE aynı anlamda kullanılan bir kelime.";"Geçinmek";"freedict+kelly+frequencywords"
"C1";"Baş";"CROWN";"Noun";"4670";"AI onaylı";"ai_approved";"ollama:qwen2.5-coder:7b";"0.95";"Baş";"Baş ve CROWN aynı anlamda kullanılan bir kelime.";"Taç | Tepe | Başlık | Hükümdar";"freedict+kelly+frequencywords"
"C1";"Madalya";"MEDAL";"Noun";"4671";"AI onaylı";"ai_approved";"ollama:qwen2.5-coder:7b";"0.95";"Madalya";"Madalya ve MEDAL aynı anlamda kullanılan bir kelime.";"";"freedict+kelly+frequencywords"
"C1";"Örnek";"NORM";"Noun";"4672";"AI onaylı";"ai_approved";"ollama:qwen2.5-coder:7b";"0.95";"Örnek";"Örnek ve NORM aynı anlamda kullanılan bir kelime.";"";"freedict+kelly+frequencywords"
"C1";"Boş";"DESERT";"Noun";"4677";"AI onaylı";"ai_approved";"ollama:qwen2.5-coder:7b";"0.95";"Boş";"Boş ve DESERT aynı anlamda kullanılan bir kelime.";"Terk | Bırakmak | Kaçmak | Ayrılmak";"freedict+kelly+frequencywords"
"C1";"İdam";"ROPE";"Noun";"4678";"AI onaylı";"ai_approved";"ollama:qwen2.5-coder:7b";"0.95";"İdam";"İdam ve ROPE aynı anlamda kullanılan bir kelime.";"Halat";"freedict+kelly+frequencywords"
"C1";"Besteci";"COMPOSER";"Noun";"4680";"AI onaylı";"ai_approved";"ollama:qwen2.5-coder:7b";"0.95";"Besteci";"Besteci ve COMPOSER aynı anlamda kullanılan bir kelime.";"";"freedict+kelly+frequencywords"
"C1";"Dünya";"GLOBE";"Noun";"4682";"AI onaylı";"ai_approved";"ollama:qwen2.5-coder:7b";"0.95";"Dünya";"Dünya ve GLOBE aynı anlamda kullanılan bir kelime.";"Top | Yuvarlak | Küre";"freedict+kelly+frequencywords"
"C1";"Eyalet";"PROVINCE";"Noun";"4683";"AI onaylı";"ai_approved";"ollama:qwen2.5-coder:7b";"0.95";"Eyalet";"Eyalet ve PROVINCE aynı anlamda kullanılan bir kelime.";"";"freedict+kelly+frequencywords"
"C1";"Hükümet";"KINGDOM";"Noun";"4684";"AI onaylı";"ai_approved";"ollama:qwen2.5-coder:7b";"0.95";"Hükümet";"Ciddi bir hukuki terim ve İngilizce'de yaygın olarak kullanılan bir kelime.";"Cennet | Krallık";"freedict+kelly+frequencywords"
"C1";"Arama";"HUNTING";"Noun";"4686";"AI onaylı";"ai_approved";"ollama:qwen2.5-coder:7b";"0.95";"Arama";"İngilizce'de yaygın olarak kullanılan bir kelime ve anlamı açıkça belirtilmiştir.";"Araştırma | Avcılık";"freedict+kelly+frequencywords"
"C1";"Haberdar";"HIP";"Noun";"4688";"AI onaylı";"ai_approved";"ollama:qwen2.5-coder:7b";"0.95";"Haberdar";"İngilizce'de yaygın olarak kullanılan bir kelime ve anlamı açıkça belirtilmiştir.";"Uyanık | Hip";"freedict+kelly+frequencywords"
"C1";"Özgür";"LIBERTY";"Noun";"4694";"AI onaylı";"ai_approved";"ollama:qwen2.5-coder:7b";"0.95";"Özgür";"İngilizce'de yaygın olarak kullanılan bir kelime ve anlamı açıkça belirtilmiştir.";"Özgürlük | Cüret | Küstahlık";"freedict+kelly+frequencywords"
"C1";"Kil";"CLAY";"Noun";"4696";"AI onaylı";"ai_approved";"ollama:qwen2.5-coder:7b";"0.95";"Kil";"İngilizce'de yaygın olarak kullanılan bir kelime ve anlamı açıkça belirtilmiştir.";"";"freedict+kelly+frequencywords"
"C1";"Eşya";"FURNISH";"Verb";"4698";"AI onaylı";"ai_approved";"ollama:qwen2.5-coder:7b";"0.95";"Eşya";"İngilizce'de yaygın olarak kullanılan bir kelime ve anlamı açıkça belirtilmiştir.";"Mobilya";"freedict+kelly+frequencywords"
"C1";"Işık";"LAMP";"Noun";"4702";"AI onaylı";"ai_approved";"ollama:qwen2.5-coder:7b";"0.95";"Işık";"İngilizce'de yaygın olarak kullanılan bir kelime ve anlamı açıkça belirtilmiştir.";"Lamba";"freedict+kelly+frequencywords"
"C1";"Teras";"TERRACE";"Noun";"4704";"AI onaylı";"ai_approved";"ollama:qwen2.5-coder:7b";"0.95";"Teras";"İngilizce'de yaygın olarak kullanılan bir kelime ve anlamı açıkça belirtilmiştir.";"Set";"freedict+kelly+frequencywords"
"C1";"Para";"COIN";"Noun";"4705";"AI onaylı";"ai_approved";"ollama:qwen2.5-coder:7b";"0.95";"Para";"İngilizce'de yaygın olarak kullanılan bir kelime ve anlamı açıkça belirtilmiştir.";"Bulmak | Açı | Basmak | Sikke";"freedict+kelly+frequencywords"
"C1";"Fark";"ODDS";"Noun";"4706";"AI onaylı";"ai_approved";"ollama:qwen2.5-coder:7b";"0.95";"Fark";"İngilizce'de yaygın olarak kullanılan bir kelime ve anlamı açıkça belirtilmiştir.";"Üstünlük";"freedict+kelly+frequencywords"
"C1";"Devir";"CIRCULATION";"Noun";"4707";"AI onaylı";"ai_approved";"ollama:qwen2.5-coder:7b";"0.95";"Devir";"İngilizce'de yaygın olarak kullanılan bir kelime ve anlamı açıkça belirtilmiştir.";"";"freedict+kelly+frequencywords"
"C1";"Ciddi";"GRAVE";"Noun";"4711";"AI onaylı";"ai_approved";"ollama:qwen2.5-coder:7b";"0.95";"Ciddi";"İngilizce'de yaygın olarak kullanılan bir kelime ve anlamı açıkça belirtilmiştir.";"Tehlikeli | Yavaş | Ağır | Mezar";"freedict+kelly+frequencywords"
"C1";"Kiralama";"LEASE";"Noun";"4715";"AI onaylı";"ai_approved";"ollama:qwen2.5-coder:7b";"0.95";"Kiralama";"İngilizce'de yaygın olarak kullanılan bir kelime ve anlamı açıkça belirtilmiştir.";"";"freedict+kelly+frequencywords"
"C1";"Öğretim";"TUITION";"Noun";"4716";"AI onaylı";"ai_approved";"ollama:qwen2.5-coder:7b";"0.95";"Öğretim";"İngilizce'de yaygın olarak kullanılan bir kelime ve anlamı açıkça belirtilmiştir.";"";"freedict+kelly+frequencywords"
"C1";"Uçurum";"CLIFF";"Noun";"4718";"AI onaylı";"ai_approved";"ollama:qwen2.5-coder:7b";"0.95";"Uçurum";"İngilizce'de yaygın olarak kullanılan bir kelime ve anlamı açıkça belirtilmiştir.";"";"freedict+kelly+frequencywords"
"C1";"Saat";"METER";"Noun";"4721";"AI onaylı";"ai_approved";"ollama:qwen2.5-coder:7b";"0.95";"Saat";"İngilizce'de yaygın olarak kullanılan bir kelime ve anlamı açıkça belirtilmiştir.";"";"freedict+kelly+frequencywords"
"C1";"Açık";"BARE";"Adjective";"4722";"AI onaylı";"ai_approved";"ollama:qwen2.5-coder:7b";"0.95";"Açık";"İngilizce'de yaygın olarak kullanılan bir kelime ve anlamı açıkça belirtilmiştir.";"Basit | Çıplak | Sade | Açmak";"freedict+kelly+frequencywords"
"C1";"Bağışlama";"FORGIVE";"Verb";"4724";"AI onaylı";"ai_approved";"ollama:qwen2.5-coder:7b";"0.95";"Bağışlama";"İngilizce'de yaygın olarak kullanılan bir kelime ve anlamı açıkça belirtilmiştir.";"";"freedict+kelly+frequencywords"
"C1";"Kanal";"DRAIN";"Verb";"4727";"AI onaylı";"ai_approved";"ollama:qwen2.5-coder:7b";"0.95";"Kanal";"İngilizce'de yaygın olarak kullanılan bir kelime ve anlamı açıkça belirtilmiştir.";"Lağım | Kanalizasyon | Hendek";"freedict+kelly+frequencywords"
"C1";"Sığ";"SHALLOW";"Adjective";"4729";"AI onaylı";"ai_approved";"ollama:qwen2.5-coder:7b";"0.95";"Sığ";"İngilizce'de yaygın olarak kullanılan bir kelime ve anlamı açıkça belirtilmiştir.";"Yüzeysel | Kumsal";"freedict+kelly+frequencywords"
"C1";"Şefkat";"SYMPATHY";"Noun";"4730";"AI onaylı";"ai_approved";"ollama:qwen2.5-coder:7b";"0.95";"Şefkat";"Sözcük ve ipucu tam olarak eşleşiyor.";"Sempati | Tesir";"freedict+kelly+frequencywords"
"C1";"Kızdırmak";"OFFEND";"Verb";"4731";"AI onaylı";"ai_approved";"ollama:qwen2.5-coder:7b";"0.95";"Kızdırmak";"Sözcük ve ipucu tam olarak eşleşiyor.";"Gücendirmek";"freedict+kelly+frequencywords"
"C1";"İsimsiz";"ANONYMOUS";"Adjective";"4733";"AI onaylı";"ai_approved";"ollama:qwen2.5-coder:7b";"0.95";"İsimsiz";"Sözcük ve ipucu tam olarak eşleşiyor.";"Anonim";"freedict+kelly+frequencywords"
"C1";"Gitmek";"TRUCK";"Noun";"4734";"AI onaylı";"ai_approved";"ollama:qwen2.5-coder:7b";"0.95";"Gitmek";"Sözcük ve ipucu tam olarak eşleşiyor.";"Kamyon";"freedict+kelly+frequencywords"
"C1";"Mücadele";"CONTROVERSY";"Noun";"4735";"AI onaylı";"ai_approved";"ollama:qwen2.5-coder:7b";"0.95";"Mücadele";"Sözcük ve ipucu tam olarak eşleşiyor.";"Tartışma | Münakaşa | Çekişme";"freedict+kelly+frequencywords"
"C1";"Ağır";"DULL";"Adjective";"4736";"AI onaylı";"ai_approved";"ollama:qwen2.5-coder:7b";"0.95";"Ağır";"Sözcük ve ipucu tam olarak eşleşiyor.";"Sıkıcı | Duygusuz | Kasvetli | Durgun";"freedict+kelly+frequencywords"
"C1";"Mükemmel";"SPLENDID";"Adjective";"4738";"AI onaylı";"ai_approved";"ollama:qwen2.5-coder:7b";"0.95";"Mükemmel";"Sözcük ve ipucu tam olarak eşleşiyor.";"Muhteşem | Şahane | Görkemli | Fevkalade";"freedict+kelly+frequencywords"
"C1";"Birdenbire";"OVERNIGHT";"Adjective";"4739";"AI onaylı";"ai_approved";"ollama:qwen2.5-coder:7b";"0.95";"Birdenbire";"Sözcük ve ipucu tam olarak eşleşiyor.";"Geceleyin";"freedict+kelly+frequencywords"
"C1";"Seyretmek";"STEER";"Verb";"4740";"AI onaylı";"ai_approved";"ollama:qwen2.5-coder:7b";"0.95";"Seyretmek";"Sözcük ve ipucu tam olarak eşleşiyor.";"Yönetmek";"freedict+kelly+frequencywords"
"C1";"Mercek";"LENS";"Noun";"4741";"AI onaylı";"ai_approved";"ollama:qwen2.5-coder:7b";"0.95";"Mercek";"Sözcük ve ipucu tam olarak eşleşiyor.";"";"freedict+kelly+frequencywords"
"C1";"Ateş";"FLAME";"Noun";"4742";"AI onaylı";"ai_approved";"ollama:qwen2.5-coder:7b";"0.95";"Ateş";"Sözcük ve ipucu tam olarak eşleşiyor.";"Aşk | Şiddet | Alev | Yanmaz";"freedict+kelly+frequencywords"
"C1";"Davul";"DRUM";"Noun";"4743";"AI onaylı";"ai_approved";"ollama:qwen2.5-coder:7b";"0.95";"Davul";"Sözcük ve ipucu tam olarak eşleşiyor.";"Çağırmak";"freedict+kelly+frequencywords"
"C1";"Düzen";"STALL";"Noun";"4745";"AI onaylı";"ai_approved";"ollama:qwen2.5-coder:7b";"0.95";"Düzen";"Sözcük ve ipucu tam olarak eşleşiyor.";"Durdurmak | Ahır";"freedict+kelly+frequencywords"
"C1";"Kapamak";"SEAL";"Verb";"4746";"AI onaylı";"ai_approved";"ollama:qwen2.5-coder:7b";"0.95";"Kapamak";"Sözcük ve ipucu tam olarak eşleşiyor.";"Mühür | Fok | Taahhüt";"freedict+kelly+frequencywords"
"C1";"Endişeli";"ANXIOUS";"Adjective";"4749";"AI onaylı";"ai_approved";"ollama:qwen2.5-coder:7b";"0.95";"Endişeli";"Sözcük ve ipucu tam olarak eşleşiyor.";"İstekli | Sıkıntılı | Istırap | Üzüntülü";"freedict+kelly+frequencywords"
"C1";"Kan";"FLESH";"Noun";"4750";"AI onaylı";"ai_approved";"ollama:qwen2.5-coder:7b";"0.95";"Kan";"Sözcük ve ipucu tam olarak eşleşiyor.";"Ten | Yaşayan | Vücut | Beden";"freedict+kelly+frequencywords"
"C1";"Dosya";"FOLDER";"Noun";"4751";"AI onaylı";"ai_approved";"ollama:qwen2.5-coder:7b";"0.95";"Dosya";"Sözcük ve ipucu tam olarak eşleşiyor.";"Broşür";"freedict+kelly+frequencywords"
"C1";"Otoriter";"CATHEDRAL";"Noun";"4753";"AI onaylı";"ai_approved";"ollama:qwen2.5-coder:7b";"0.95";"Otoriter";"Sözcük ve ipucu tam olarak eşleşiyor.";"Katedral";"freedict+kelly+frequencywords"
"C1";"Maske";"MASK";"Noun";"4755";"AI onaylı";"ai_approved";"ollama:qwen2.5-coder:7b";"0.95";"Maske";"Sözcük ve ipucu tam olarak eşleşiyor.";"Kamuflaj | Gizlemek";"freedict+kelly+frequencywords"
"C1";"Büyü";"MAGIC";"Noun";"4757";"AI onaylı";"ai_approved";"ollama:qwen2.5-coder:7b";"0.95";"Büyü";"Sözcük ve ipucu tam olarak eşleşiyor.";"Sihirli | Sihir | Büyücülük | Sihirbazlık";"freedict+kelly+frequencywords"
"C1";"Feribot";"FERRY";"Noun";"4759";"AI onaylı";"ai_approved";"ollama:qwen2.5-coder:7b";"0.95";"Feribot";"Feribot ve ferry aynı kelime.";"";"freedict+kelly+frequencywords"
"C1";"Kucak";"LAP";"Noun";"4760";"AI onaylı";"ai_approved";"ollama:qwen2.5-coder:7b";"0.95";"Kucak";"Kucak ve lap aynı kelime.";"Etek | Çevirmek | Katlanmak | Sarılmak";"freedict+kelly+frequencywords"
"C1";"Dokunmak";"INTERFERE";"Verb";"4761";"AI onaylı";"ai_approved";"ollama:qwen2.5-coder:7b";"0.95";"Dokunmak";"Dokunmak ve interfere aynı kelime.";"Karışmak";"freedict+kelly+frequencywords"
"C1";"Karışım";"BLEND";"Noun";"4762";"AI onaylı";"ai_approved";"ollama:qwen2.5-coder:7b";"0.95";"Karışım";"Karışım ve blend aynı kelime.";"Karıştırmak | Karışmak | Uymak";"freedict+kelly+frequencywords"
"C1";"Abd";"LAB";"Noun";"4763";"AI onaylı";"ai_approved";"ollama:qwen2.5-coder:7b";"0.95";"Abd";"Abd ve lab aynı kelime.";"";"freedict+kelly+frequencywords"
"C1";"Norveçli";"NORWEGIAN";"Adjective";"4764";"AI onaylı";"ai_approved";"ollama:qwen2.5-coder:7b";"0.95";"Norveçli";"Norveçli ve norwegian aynı kelime.";"";"freedict+kelly+frequencywords"
"C1";"Heyecanlı";"PASSIONATE";"Adjective";"4765";"AI onaylı";"ai_approved";"ollama:qwen2.5-coder:7b";"0.95";"Heyecanlı";"Heyecanlı ve passionate aynı kelime.";"Ateşli | Şiddetli | Hararetli";"freedict+kelly+frequencywords"
"C1";"Kabine";"CABINET";"Noun";"4772";"AI onaylı";"ai_approved";"ollama:qwen2.5-coder:7b";"0.95";"Kabine";"Kabine ve cabinet aynı kelime.";"";"freedict+kelly+frequencywords"
"C1";"Çadır";"TENT";"Noun";"4773";"AI onaylı";"ai_approved";"ollama:qwen2.5-coder:7b";"0.95";"Çadır";"Çadır ve tent aynı kelime.";"";"freedict+kelly+frequencywords"
"C1";"Dalmak";"DIVE";"Verb";"4774";"AI onaylı";"ai_approved";"ollama:qwen2.5-coder:7b";"0.95";"Dalmak";"Dalmak ve dive aynı kelime.";"Dalış | Pike | Batmak";"freedict+kelly+frequencywords"
"C1";"Üzmek";"DISTURB";"Verb";"4776";"AI onaylı";"ai_approved";"ollama:qwen2.5-coder:7b";"0.95";"Üzmek";"Üzmek ve disturb aynı kelime.";"Endişelendirmek";"freedict+kelly+frequencywords"
"C1";"İşaret";"MARKER";"Noun";"4779";"AI onaylı";"ai_approved";"ollama:qwen2.5-coder:7b";"0.95";"İşaret";"İşaret ve marker aynı kelime.";"";"freedict+kelly+frequencywords"
"C1";"Öldürücü";"FATAL";"Adjective";"4780";"AI onaylı";"ai_approved";"ollama:qwen2.5-coder:7b";"0.95";"Öldürücü";"Öldürücü ve fatal aynı kelime.";"";"freedict+kelly+frequencywords"
"C1";"Sporcu";"ATHLETE";"Noun";"4781";"AI onaylı";"ai_approved";"ollama:qwen2.5-coder:7b";"0.95";"Sporcu";"Sporcu ve athlete aynı kelime.";"Atlet";"freedict+kelly+frequencywords"
"C1";"Tahmin";"FORECAST";"Noun";"4783";"AI onaylı";"ai_approved";"ollama:qwen2.5-coder:7b";"0.95";"Tahmin";"Tahmin ve forecast aynı kelime.";"";"freedict+kelly+frequencywords"
"C1";"Emir";"PRESCRIPTION";"Noun";"4784";"AI onaylı";"ai_approved";"ollama:qwen2.5-coder:7b";"0.95";"Emir";"Emir ve prescription aynı kelime.";"Talimat";"freedict+kelly+frequencywords"
"C1";"Bugünlerde";"NOWADAYS";"Adverb";"4789";"AI onaylı";"ai_approved";"ollama:qwen2.5-coder:7b";"0.95";"Bugünlerde";"Bugünlerde ve nowadays aynı kelime.";"Şimdi";"freedict+kelly+frequencywords"
"C1";"Taslak";"SKETCH";"Noun";"4791";"AI onaylı";"ai_approved";"ollama:qwen2.5-coder:7b";"0.95";"Taslak";"Taslak ve sketch aynı kelime.";"Skeç";"freedict+kelly+frequencywords"
"C1";"Nakliye";"CARRIAGE";"Noun";"4792";"AI onaylı";"ai_approved";"ollama:qwen2.5-coder:7b";"0.95";"Nakliye";"Nakliye ve carriage aynı kelime.";"Taşıma | Tavır | Duruş";"freedict+kelly+frequencywords"
"C1";"Melek";"ANGEL";"Noun";"4793";"AI onaylı";"ai_approved";"ollama:qwen2.5-coder:7b";"0.95";"Melek";"Melek ve angel aynı kelime.";"";"freedict+kelly+frequencywords"
"C1";"Koruyucu";"PROTECTIVE";"Adjective";"4794";"AI onaylı";"ai_approved";"ollama:qwen2.5-coder:7b";"0.95";"Koruyucu";"Cevap ve ipucu tam olarak eşleşiyor ve seviye uygun.";"";"freedict+kelly+frequencywords"
"C1";"Tüccar";"TRADER";"Noun";"4795";"AI onaylı";"ai_approved";"ollama:qwen2.5-coder:7b";"0.95";"Tüccar";"Cevap ve ipucu tam olarak eşleşiyor ve seviye uygun.";"";"freedict+kelly+frequencywords"
"C1";"Dövmek";"FORGE";"Verb";"4796";"AI onaylı";"ai_approved";"ollama:qwen2.5-coder:7b";"0.95";"Dövmek";"Cevap ve ipucu tam olarak eşleşiyor ve seviye uygun.";"İlerlemek";"freedict+kelly+frequencywords"
"C1";"Tamamen";"DEFINITE";"Adjective";"4802";"AI onaylı";"ai_approved";"ollama:qwen2.5-coder:7b";"0.95";"Tamamen";"Cevap ve ipucu tam olarak eşleşiyor ve seviye uygun.";"Kesin | Belirli | Sınırlı";"freedict+kelly+frequencywords"
"C1";"Geçit";"CORRIDOR";"Noun";"4803";"AI onaylı";"ai_approved";"ollama:qwen2.5-coder:7b";"0.95";"Geçit";"Cevap ve ipucu tam olarak eşleşiyor ve seviye uygun.";"Koridor";"freedict+kelly+frequencywords"
"C1";"Pişmanlık";"REGRET";"Verb";"4804";"AI onaylı";"ai_approved";"ollama:qwen2.5-coder:7b";"0.95";"Pişmanlık";"Cevap ve ipucu tam olarak eşleşiyor ve seviye uygun.";"Keder";"freedict+kelly+frequencywords"
"C1";"Yapmak";"WEAVE";"Verb";"4805";"AI onaylı";"ai_approved";"ollama:qwen2.5-coder:7b";"0.95";"Yapmak";"Cevap ve ipucu tam olarak eşleşiyor ve seviye uygun.";"Kurmak";"freedict+kelly+frequencywords"
"C1";"Devre";"SWING";"Noun";"4812";"AI onaylı";"ai_approved";"ollama:qwen2.5-coder:7b";"0.95";"Devre";"Cevap ve ipucu tam olarak eşleşiyor ve seviye uygun.";"Becermek | Salıncak | İşletmek";"freedict+kelly+frequencywords"
"C1";"Bende";"SLAVE";"Noun";"4817";"AI onaylı";"ai_approved";"ollama:qwen2.5-coder:7b";"0.95";"Bende";"Cevap ve ipucu tam olarak eşleşiyor ve seviye uygun.";"Köle | Esir | Cariye";"freedict+kelly+frequencywords"
"C1";"Sert";"BITTER";"Adjective";"4819";"AI onaylı";"ai_approved";"ollama:qwen2.5-coder:7b";"0.95";"Sert";"Cevap ve ipucu tam olarak eşleşiyor ve seviye uygun.";"Şiddetli";"freedict+kelly+frequencywords"
"C1";"Kutsal";"SACRED";"Adjective";"4824";"AI onaylı";"ai_approved";"ollama:qwen2.5-coder:7b";"0.95";"Kutsal";"Cevap ve ipucu tam olarak eşleşiyor ve seviye uygun.";"Aziz | Dini | Saygıdeğer | Mübarek";"freedict+kelly+frequencywords"
"C1";"Patlama";"BURST";"Noun";"4825";"AI onaylı";"ai_approved";"ollama:qwen2.5-coder:7b";"0.95";"Patlama";"Cevap ve ipucu tam olarak eşleşiyor ve seviye uygun.";"Ayrılmak | Açılma | Patlatmak";"freedict+kelly+frequencywords"
"C1";"Bakır";"COPPER";"Noun";"4829";"AI onaylı";"ai_approved";"ollama:qwen2.5-coder:7b";"0.95";"Bakır";"Cevap ve ipucu tam olarak eşleşiyor ve seviye uygun.";"";"freedict+kelly+frequencywords"
"C1";"Elbise";"COSTUME";"Noun";"4830";"AI onaylı";"ai_approved";"ollama:qwen2.5-coder:7b";"0.95";"Elbise";"Cevap ve ipucu tam olarak eşleşiyor ve seviye uygun.";"Kıyafet | Kostüm";"freedict+kelly+frequencywords"
"C1";"Ruh";"GHOST";"Noun";"4832";"AI onaylı";"ai_approved";"ollama:qwen2.5-coder:7b";"0.95";"Ruh";"Cevap ve ipucu tam olarak eşleşiyor ve seviye uygun.";"Cin | Manevi | Hortlak";"freedict+kelly+frequencywords"
"C1";"Hile";"TRAP";"Verb";"4834";"AI onaylı";"ai_approved";"ollama:qwen2.5-coder:7b";"0.95";"Hile";"Cevap ve ipucu tam olarak eşleşiyor ve seviye uygun.";"Kapan";"freedict+kelly+frequencywords"
"C1";"Karşı";"COUNTER";"Noun";"4836";"AI onaylı";"ai_approved";"ollama:qwen2.5-coder:7b";"0.95";"Karşı";"Cevap ve ipucu tam olarak eşleşiyor ve seviye uygun.";"Ters | Karşılık | Aksi | Tersine";"freedict+kelly+frequencywords"
"C1";"Pirinç";"BRASS";"Noun";"4838";"AI onaylı";"ai_approved";"ollama:qwen2.5-coder:7b";"0.95";"Pirinç";"Cevap ve ipucu tam olarak eşleşiyor ve seviye uygun.";"Küstahlık | Bando";"freedict+kelly+frequencywords"
"C1";"Güzel";"DELICATE";"Adjective";"4839";"AI onaylı";"ai_approved";"ollama:qwen2.5-coder:7b";"0.95";"Güzel";"Cevap ve ipucu tam olarak eşleşiyor ve seviye uygun.";"Zayıf | Nazik | Hassas | Kibar";"freedict+kelly+frequencywords"
"C1";"Kandırmak";"TEMPT";"Verb";"4841";"AI onaylı";"ai_approved";"ollama:qwen2.5-coder:7b";"0.95";"Kandırmak";"Cevap ve ipucu tam olarak eşleşiyor ve seviye uygun.";"Kızdırmak";"freedict+kelly+frequencywords"
"C1";"Zeki";"NEAT";"Adjective";"4843";"AI onaylı";"ai_approved";"ollama:qwen2.5-coder:7b";"0.95";"Zeki";"Zeki ve zarif anlamına gelir, bu nedenle 'neat' kelimesi de bu anlamla uygun bir ipucu olabilir.";"Zarif | Zevkli | Hünerli";"freedict+kelly+frequencywords"
"C1";"Nazi";"NAZI";"Adjective";"4844";"AI onaylı";"ai_approved";"ollama:qwen2.5-coder:7b";"0.95";"Nazi";"Nazi kelimesi zaten kendine özgü bir ipucu olduğu için onu kullanmak uygun olabilir.";"";"freedict+kelly+frequencywords"
"C1";"Dönüş";"TWIST";"Noun";"4845";"AI onaylı";"ai_approved";"ollama:qwen2.5-coder:7b";"0.95";"Dönüş";"Dönüş ve kasırga anlamına gelir, bu nedenle 'twist' kelimesi de bu anlamla uygun bir ipucu olabilir.";"Dönme | Kasırga | Bozmak | Düğüm";"freedict+kelly+frequencywords"
"C1";"Güneş";"SUNSHINE";"Noun";"4849";"AI onaylı";"ai_approved";"ollama:qwen2.5-coder:7b";"0.95";"Güneş";"Güneş kelimesi zaten kendine özgü bir ipucu olduğu için onu kullanmak uygun olabilir.";"";"freedict+kelly+frequencywords"
"C1";"Düzeltmek";"HEAL";"Verb";"4850";"AI onaylı";"ai_approved";"ollama:qwen2.5-coder:7b";"0.95";"Düzeltmek";"Düzeltmek ve iyileştirmek anlamına gelir, bu nedenle 'heal' kelimesi de bu anlamla uygun bir ipucu olabilir.";"Kapatmak | İyileştirmek | İyileşmek";"freedict+kelly+frequencywords"
"C1";"Arkadaş";"ALLY";"Noun";"4851";"AI onaylı";"ai_approved";"ollama:qwen2.5-coder:7b";"0.95";"Arkadaş";"Arkadaş ve dost anlamına gelir, bu nedenle 'ally' kelimesi de bu anlamla uygun bir ipucu olabilir.";"Dost | Müttefik | Birleşmek";"freedict+kelly+frequencywords"
"C1";"Atlama";"SKIP";"Verb";"4852";"AI onaylı";"ai_approved";"ollama:qwen2.5-coder:7b";"0.95";"Atlama";"Atlama ve kalkmak anlamına gelir, bu nedenle 'skip' kelimesi de bu anlamla uygun bir ipucu olabilir.";"";"freedict+kelly+frequencywords"
"C1";"Hırsızlık";"THEFT";"Noun";"4855";"AI onaylı";"ai_approved";"ollama:qwen2.5-coder:7b";"0.95";"Hırsızlık";"Hırsızlık ve çalma anlamına gelir, bu nedenle 'theft' kelimesi de bu anlamla uygun bir ipucu olabilir.";"";"freedict+kelly+frequencywords"
"C1";"Zafer";"TRIUMPH";"Noun";"4858";"AI onaylı";"ai_approved";"ollama:qwen2.5-coder:7b";"0.95";"Zafer";"Zafer ve yenmek anlamına gelir, bu nedenle 'triumph' kelimesi de bu anlamla uygun bir ipucu olabilir.";"Başarı | Yenmek | Övünmek";"freedict+kelly+frequencywords"
"C1";"Aracı";"INTERMEDIATE";"Adjective";"4863";"AI onaylı";"ai_approved";"ollama:qwen2.5-coder:7b";"0.95";"Aracı";"Aracı ve ortadaki anlamına gelir, bu nedenle 'intermediate' kelimesi de bu anlamla uygun bir ipucu olabilir.";"Aradaki | Ortadaki";"freedict+kelly+frequencywords"
"C1";"Savaş";"SWORD";"Noun";"4864";"AI onaylı";"ai_approved";"ollama:qwen2.5-coder:7b";"0.95";"Savaş";"Savaş ve kılıç anlamına gelir, bu nedenle 'sword' kelimesi de bu anlamla uygun bir ipucu olabilir.";"Kılıç | Yetki | Pala | Kudret";"freedict+kelly+frequencywords"
"C1";"Üreme";"REPRODUCTION";"Noun";"4865";"AI onaylı";"ai_approved";"ollama:qwen2.5-coder:7b";"0.95";"Üreme";"Üreme ve üreme anlamına gelir, bu nedenle 'reproduction' kelimesi de bu anlamla uygun bir ipucu olabilir.";"";"freedict+kelly+frequencywords"
"C1";"Kabus";"NIGHTMARE";"Noun";"4868";"AI onaylı";"ai_approved";"ollama:qwen2.5-coder:7b";"0.95";"Kabus";"Kabus ve karabasan anlamına gelir, bu nedenle 'nightmare' kelimesi de bu anlamla uygun bir ipucu olabilir.";"Karabasan";"freedict+kelly+frequencywords"
"C1";"Tarafsız";"NEUTRAL";"Adjective";"4870";"AI onaylı";"ai_approved";"ollama:qwen2.5-coder:7b";"0.95";"Tarafsız";"Tarafsız ve net anlamına gelir, bu nedenle 'neutral' kelimesi de bu anlamla uygun bir ipucu olabilir.";"";"freedict+kelly+frequencywords"
"C1";"Takım";"GANG";"Noun";"4871";"AI onaylı";"ai_approved";"ollama:qwen2.5-coder:7b";"0.95";"Takım";"Takım ve ekip anlamına gelir, bu nedenle 'gang' kelimesi de bu anlamla uygun bir ipucu olabilir.";"Ekip | Çete";"freedict+kelly+frequencywords"
"C1";"Yardım";"BACKING";"Noun";"4873";"AI onaylı";"ai_approved";"ollama:qwen2.5-coder:7b";"0.95";"Yardım";"Yardım ve destek anlamına gelir, bu nedenle 'backing' kelimesi de bu anlamla uygun bir ipucu olabilir.";"Arka | Destek | Tasdik";"freedict+kelly+frequencywords"
"C1";"Pamuk";"COTTON";"Noun";"4876";"AI onaylı";"ai_approved";"ollama:qwen2.5-coder:7b";"0.95";"Pamuk";"Pamuk ve anlaşmak anlamına gelir, bu nedenle 'cotton' kelimesi de bu anlamla uygun bir ipucu olabilir.";"Anlaşmak";"freedict+kelly+frequencywords"
"C1";"Sıvı";"LIQUID";"Adjective";"4877";"AI onaylı";"ai_approved";"ollama:qwen2.5-coder:7b";"0.95";"Sıvı";"Sıvı ve berrak anlamına gelir, bu nedenle 'liquid' kelimesi de bu anlamla uygun bir ipucu olabilir.";"Berrak | Akıcı";"freedict+kelly+frequencywords"
"C1";"Şükran";"BLESSING";"Noun";"4878";"AI onaylı";"ai_approved";"ollama:qwen2.5-coder:7b";"0.95";"Şükran";"Şükran ve lütuf anlamına gelir, bu nedenle 'blessing' kelimesi de bu anlamla uygun bir ipucu olabilir.";"Lütuf | Nimet";"freedict+kelly+frequencywords"
"C1";"Koloni";"COLONY";"Noun";"4882";"AI onaylı";"ai_approved";"ollama:qwen2.5-coder:7b";"0.95";"Koloni";"Koloni ve toprak anlamına gelir, bu nedenle 'colony' kelimesi de bu anlamla uygun bir ipucu olabilir.";"";"freedict+kelly+frequencywords"
"C1";"Canavar";"MONSTER";"Noun";"4883";"AI onaylı";"ai_approved";"ollama:qwen2.5-coder:7b";"0.95";"Canavar";"Canavar ve MONSTER aynı anlamda kullanılan yaygın bir İngilizce kelime.";"Ucube | İri";"freedict+kelly+frequencywords"
"C1";"Çamur";"MUD";"Noun";"4884";"AI onaylı";"ai_approved";"ollama:qwen2.5-coder:7b";"0.95";"Çamur";"Çamur ve MUD aynı anlamda kullanılan yaygın bir İngilizce kelime.";"";"freedict+kelly+frequencywords"
"C1";"Asa";"WALKING";"Noun";"4886";"AI onaylı";"ai_approved";"ollama:qwen2.5-coder:7b";"0.95";"Asa";"Asa ve WALKING aynı anlamda kullanılan yaygın bir İngilizce kelime.";"";"freedict+kelly+frequencywords"
"C1";"Saray";"PALACE";"Noun";"4888";"AI onaylı";"ai_approved";"ollama:qwen2.5-coder:7b";"0.95";"Saray";"Saray ve PALACE aynı anlamda kullanılan yaygın bir İngilizce kelime.";"";"freedict+kelly+frequencywords"
"C1";"Gitmek";"QUIT";"Verb";"4889";"AI onaylı";"ai_approved";"ollama:qwen2.5-coder:7b";"0.95";"Gitmek";"Gitmek ve QUIT aynı anlamda kullanılan yaygın bir İngilizce kelime.";"Geçmek | Serbest | Ödemek | Durmak";"freedict+kelly+frequencywords"
"C1";"Geçmek";"FADE";"Verb";"4890";"AI onaylı";"ai_approved";"ollama:qwen2.5-coder:7b";"0.95";"Geçmek";"Geçmek ve FADE aynı anlamda kullanılan yaygın bir İngilizce kelime.";"Radyo";"freedict+kelly+frequencywords"
"C1";"Mutsuz";"UNHAPPY";"Adjective";"4891";"AI onaylı";"ai_approved";"ollama:qwen2.5-coder:7b";"0.95";"Mutsuz";"Mutsuz ve UNHAPPY aynı anlamda kullanılan yaygın bir İngilizce kelime.";"Talihsiz | Beceriksiz | Uğursuz | Şanssız";"freedict+kelly+frequencywords"
"C1";"Karşılamak";"COMPENSATE";"Verb";"4896";"AI onaylı";"ai_approved";"ollama:qwen2.5-coder:7b";"0.95";"Karşılamak";"Karşılamak ve COMPENSATE aynı anlamda kullanılan yaygın bir İngilizce kelime.";"";"freedict+kelly+frequencywords"
"C1";"Doğru";"BEAM";"Noun";"4897";"AI onaylı";"ai_approved";"ollama:qwen2.5-coder:7b";"0.95";"Doğru";"Doğru ve BEAM aynı anlamda kullanılan yaygın bir İngilizce kelime.";"Yanlış | Direk | Yaymak";"freedict+kelly+frequencywords"
"C1";"Orta";"MEDIUM";"Adjective";"4898";"AI onaylı";"ai_approved";"ollama:qwen2.5-coder:7b";"0.95";"Orta";"Orta ve MEDIUM aynı anlamda kullanılan yaygın bir İngilizce kelime.";"Araç | Çevre | Ortam | Ortalama";"freedict+kelly+frequencywords"
"C1";"Garip";"AMAZE";"Verb";"4899";"AI onaylı";"ai_approved";"ollama:qwen2.5-coder:7b";"0.95";"Garip";"Garip ve AMAZE aynı anlamda kullanılan yaygın bir İngilizce kelime.";"Şaşırtmak";"freedict+kelly+frequencywords"
"C1";"Artık";"ANYMORE";"Adverb";"4901";"AI onaylı";"ai_approved";"ollama:qwen2.5-coder:7b";"0.95";"Artık";"Artık ve ANYMORE aynı anlamda kullanılan yaygın bir İngilizce kelime.";"";"freedict+kelly+frequencywords"
"C1";"Madencilik";"MINING";"Noun";"4902";"AI onaylı";"ai_approved";"ollama:qwen2.5-coder:7b";"0.95";"Madencilik";"Madencilik ve MINING aynı anlamda kullanılan yaygın bir İngilizce kelime.";"";"freedict+kelly+frequencywords"
"C1";"Parça";"FRACTION";"Noun";"4904";"AI onaylı";"ai_approved";"ollama:qwen2.5-coder:7b";"0.95";"Parça";"Parça ve FRACTION aynı anlamda kullanılan yaygın bir İngilizce kelime.";"Kısım";"freedict+kelly+frequencywords"
"C1";"Nişan";"BADGE";"Noun";"4906";"AI onaylı";"ai_approved";"ollama:qwen2.5-coder:7b";"0.95";"Nişan";"Nişan ve BADGE aynı anlamda kullanılan yaygın bir İngilizce kelime.";"İşaret | Rozet";"freedict+kelly+frequencywords"
"C1";"Atmak";"DUMP";"Verb";"4907";"AI onaylı";"ai_approved";"ollama:qwen2.5-coder:7b";"0.95";"Atmak";"Atmak ve DUMP aynı anlamda kullanılan yaygın bir İngilizce kelime.";"Düşmek | Boşaltmak | Çöplük";"freedict+kelly+frequencywords"
"C1";"Aynen";"VERBAL";"Adjective";"4908";"AI onaylı";"ai_approved";"ollama:qwen2.5-coder:7b";"0.95";"Aynen";"Aynen ve VERBAL aynı anlamda kullanılan yaygın bir İngilizce kelime.";"Sözlü | Harfiyen";"freedict+kelly+frequencywords"
"C1";"Rehber";"HANDBOOK";"Noun";"4909";"AI onaylı";"ai_approved";"ollama:qwen2.5-coder:7b";"0.95";"Rehber";"Rehber ve HANDBOOK aynı anlamda kullanılan yaygın bir İngilizce kelime.";"";"freedict+kelly+frequencywords"
"C1";"Alet";"APPLIANCE";"Noun";"4912";"AI onaylı";"ai_approved";"ollama:qwen2.5-coder:7b";"0.95";"Alet";"Alet ve APPLIANCE aynı anlamda kullanılan yaygın bir İngilizce kelime.";"";"freedict+kelly+frequencywords"
"C1";"Baskı";"CRUSH";"Verb";"4913";"AI onaylı";"ai_approved";"ollama:qwen2.5-coder:7b";"0.95";"Baskı";"Baskı ve CRUSH aynı anlamda kullanılan yaygın bir İngilizce kelime.";"Kalabalık | Sıkmak | Basmak | Tutku";"freedict+kelly+frequencywords"
"C1";"Dikkatsiz";"CASUAL";"Adjective";"4917";"AI onaylı";"ai_approved";"ollama:qwen2.5-coder:7b";"0.95";"Dikkatsiz";"Casual, dikkatsiz anlamına gelir ve yaygın olarak kullanılır.";"Rasgele | İlgisiz";"freedict+kelly+frequencywords"
"C1";"Karışıklık";"CHAOS";"Noun";"4918";"AI onaylı";"ai_approved";"ollama:qwen2.5-coder:7b";"0.95";"Karışıklık";"Chaos, karışıklık anlamına gelir ve yaygın olarak kullanılır.";"Kaos | Düzensizlik";"freedict+kelly+frequencywords"
"C1";"Hepsi";"WHATSOEVER";"Adverb";"4919";"AI onaylı";"ai_approved";"ollama:qwen2.5-coder:7b";"0.95";"Hepsi";"Whatsoever, hep anlamına gelir ve yaygın olarak kullanılır.";"Hangi";"freedict+kelly+frequencywords"
"C1";"Arama";"QUEST";"Noun";"4921";"AI onaylı";"ai_approved";"ollama:qwen2.5-coder:7b";"0.95";"Arama";"Quest, arama anlamına gelir ve yaygın olarak kullanılır.";"Araştırma | Soruşturma | Macera | Araştırmak";"freedict+kelly+frequencywords"
"C1";"Cerrah";"SURGEON";"Noun";"4923";"AI onaylı";"ai_approved";"ollama:qwen2.5-coder:7b";"0.95";"Cerrah";"Surgeon, cerrah anlamına gelir ve yaygın olarak kullanılır.";"";"freedict+kelly+frequencywords"
"C1";"Dağıtmak";"SCATTER";"Verb";"4925";"AI onaylı";"ai_approved";"ollama:qwen2.5-coder:7b";"0.95";"Dağıtmak";"Scatter, dağıtmak anlamına gelir ve yaygın olarak kullanılır.";"Yaymak";"freedict+kelly+frequencywords"
"C1";"Hakikat";"GOSPEL";"Noun";"4927";"AI onaylı";"ai_approved";"ollama:qwen2.5-coder:7b";"0.95";"Hakikat";"Gospel, hakikat anlamına gelir ve yaygın olarak kullanılır.";"";"freedict+kelly+frequencywords"
"C1";"Sabah";"DAWN";"Noun";"4928";"AI onaylı";"ai_approved";"ollama:qwen2.5-coder:7b";"0.95";"Sabah";"Dawn, sabah anlamına gelir ve yaygın olarak kullanılır.";"Tan";"freedict+kelly+frequencywords"
"C1";"Zayıf";"LEAN";"Verb";"4931";"AI onaylı";"ai_approved";"ollama:qwen2.5-coder:7b";"0.95";"Zayıf";"Lean, zayıf anlamına gelir ve yaygın olarak kullanılır.";"Güvenmek | Yağsız | Dayanma";"freedict+kelly+frequencywords"
"C1";"Bitirmek";"EXHAUST";"Verb";"4932";"AI onaylı";"ai_approved";"ollama:qwen2.5-coder:7b";"0.95";"Bitirmek";"Exhaust, bitirmek anlamına gelir ve yaygın olarak kullanılır.";"Yorgun | Boşluk | Boşaltmak | Tüketme";"freedict+kelly+frequencywords"
"C1";"Birlik";"FELLOWSHIP";"Noun";"4933";"AI onaylı";"ai_approved";"ollama:qwen2.5-coder:7b";"0.95";"Birlik";"Fellowship, birlik anlamına gelir ve yaygın olarak kullanılır.";"Arkadaşlık | Kulüp | Kurum | Dernek";"freedict+kelly+frequencywords"
"C1";"Küçük";"MINI";"Adjective";"4935";"AI onaylı";"ai_approved";"ollama:qwen2.5-coder:7b";"0.95";"Küçük";"Mini, küçük anlamına gelir ve yaygın olarak kullanılır.";"Mini";"freedict+kelly+frequencywords"
"C1";"Yanlış";"INCORRECT";"Adjective";"4937";"AI onaylı";"ai_approved";"ollama:qwen2.5-coder:7b";"0.95";"Yanlış";"Incorrect, yanlış anlamına gelir ve yaygın olarak kullanılır.";"Hatalı | Yakışıksız";"freedict+kelly+frequencywords"
"C1";"Olmayan";"MISSING";"Adjective";"4938";"AI onaylı";"ai_approved";"ollama:qwen2.5-coder:7b";"0.95";"Olmayan";"Missing, olmayan anlamına gelir ve yaygın olarak kullanılır.";"Eksik";"freedict+kelly+frequencywords"
"C1";"Meraklı";"AMATEUR";"Adjective";"4939";"AI onaylı";"ai_approved";"ollama:qwen2.5-coder:7b";"0.95";"Meraklı";"Amateur, meraklı anlamına gelir ve yaygın olarak kullanılır.";"Amatör";"freedict+kelly+frequencywords"
"C1";"İtibar";"TICK";"Verb";"4940";"AI onaylı";"ai_approved";"ollama:qwen2.5-coder:7b";"0.95";"İtibar";"Tick, itibar anlamına gelir ve yaygın olarak kullanılır.";"Kılıf";"freedict+kelly+frequencywords"
"C1";"Zorluk";"COMPLICATION";"Noun";"4941";"AI onaylı";"ai_approved";"ollama:qwen2.5-coder:7b";"0.95";"Zorluk";"Complication, zorluk anlamına gelir ve yaygın olarak kullanılır.";"";"freedict+kelly+frequencywords"
"C1";"Patlatmak";"EXPLODE";"Verb";"4944";"AI onaylı";"ai_approved";"ollama:qwen2.5-coder:7b";"0.95";"Patlatmak";"Explode, patlatmak anlamına gelir ve yaygın olarak kullanılır.";"Patlamak";"freedict+kelly+frequencywords"
"C1";"Dayanma";"PATIENCE";"Noun";"4945";"AI onaylı";"ai_approved";"ollama:qwen2.5-coder:7b";"0.95";"Dayanma";"Patience, dayanma anlamına gelir ve yaygın olarak kullanılır.";"";"freedict+kelly+frequencywords"
"C1";"Blok";"PAD";"Noun";"4947";"AI onaylı";"ai_approved";"ollama:qwen2.5-coder:7b";"0.95";"Blok";"Pad, blok anlamına gelir ve yaygın olarak kullanılır.";"Haydut";"freedict+kelly+frequencywords"
"C1";"Ambar";"WAREHOUSE";"Noun";"4948";"AI onaylı";"ai_approved";"ollama:qwen2.5-coder:7b";"0.95";"Ambar";"The clue 'Ambar' is a common and accurate translation for 'WAREHOUSE' in Turkish.";"";"freedict+kelly+frequencywords"
"C1";"Kesmek";"INTERRUPT";"Verb";"4951";"AI onaylı";"ai_approved";"ollama:qwen2.5-coder:7b";"0.95";"Kesmek";"The clue 'Kesmek' is a common and accurate translation for 'INTERRUPT' in Turkish.";"";"freedict+kelly+frequencywords"
"C1";"Harika";"MIRACLE";"Noun";"4954";"AI onaylı";"ai_approved";"ollama:qwen2.5-coder:7b";"0.95";"Harika";"The clue 'Harika' is a common and accurate translation for 'MIRACLE' in Turkish.";"Mucize";"freedict+kelly+frequencywords"
"C1";"Komik";"COMIC";"Adjective";"4957";"AI onaylı";"ai_approved";"ollama:qwen2.5-coder:7b";"0.95";"Komik";"The clue 'Komik' is a common and accurate translation for 'COMIC' in Turkish.";"Gülünç";"freedict+kelly+frequencywords"
"C1";"Rahatsız";"UNCOMFORTABLE";"Adjective";"4958";"AI onaylı";"ai_approved";"ollama:qwen2.5-coder:7b";"0.95";"Rahatsız";"The clue 'Rahatsız' is a common and accurate translation for 'UNCOMFORTABLE' in Turkish.";"Nahoş";"freedict+kelly+frequencywords"
"C1";"Gelir";"PROCEEDS";"Noun";"4960";"AI onaylı";"ai_approved";"ollama:qwen2.5-coder:7b";"0.95";"Gelir";"The clue 'Gelir' is a common and accurate translation for 'PROCEEDS' in Turkish.";"Kazanç";"freedict+kelly+frequencywords"
"C1";"Enerjik";"JET";"Noun";"4961";"AI onaylı";"ai_approved";"ollama:qwen2.5-coder:7b";"0.95";"Enerjik";"The clue 'Enerjik' is a common and accurate translation for 'JET' in Turkish.";"Simsiyah";"freedict+kelly+frequencywords"
"C1";"Zarar";"SACRIFICE";"Noun";"4962";"AI onaylı";"ai_approved";"ollama:qwen2.5-coder:7b";"0.95";"Zarar";"The clue 'Zarar' is a common and accurate translation for 'SACRIFICE' in Turkish.";"Kurban | Fedakarlık";"freedict+kelly+frequencywords"
"C1";"Tedavi";"CURE";"Verb";"4963";"AI onaylı";"ai_approved";"ollama:qwen2.5-coder:7b";"0.95";"Tedavi";"The clue 'Tedavi' is a common and accurate translation for 'CURE' in Turkish.";"Çaresiz | Çare | Şifa";"freedict+kelly+frequencywords"
"C1";"Sarf";"GRAMMAR";"Noun";"4966";"AI onaylı";"ai_approved";"ollama:qwen2.5-coder:7b";"0.95";"Sarf";"The clue 'Sarf' is a common and accurate translation for 'GRAMMAR' in Turkish.";"";"freedict+kelly+frequencywords"
"C1";"Anlaşma";"BARGAIN";"Noun";"4967";"AI onaylı";"ai_approved";"ollama:qwen2.5-coder:7b";"0.95";"Anlaşma";"The clue 'Anlaşma' is a common and accurate translation for 'BARGAIN' in Turkish.";"Pazarlık | Muamele | İşlem | Kelepir";"freedict+kelly+frequencywords"
"C1";"Hayret";"PUZZLE";"Noun";"4969";"AI onaylı";"ai_approved";"ollama:qwen2.5-coder:7b";"0.95";"Hayret";"The clue 'Hayret' is a common and accurate translation for 'PUZZLE' in Turkish.";"Bilmece | Muamma | Şaşkınlık";"freedict+kelly+frequencywords"
"C1";"Arama";"HUNT";"Verb";"4971";"AI onaylı";"ai_approved";"ollama:qwen2.5-coder:7b";"0.95";"Arama";"The clue 'Arama' is a common and accurate translation for 'HUNT' in Turkish.";"Araştırmak | Avlamak | Avlanmak | Avcılık";"freedict+kelly+frequencywords"
"C1";"Eski";"SOMETIME";"Adverb";"4974";"AI onaylı";"ai_approved";"ollama:qwen2.5-coder:7b";"0.95";"Eski";"The clue 'Eski' is a common and accurate translation for 'SOMETIME' in Turkish.";"İlerde";"freedict+kelly+frequencywords"
"C1";"Panik";"PANIC";"Noun";"4977";"AI onaylı";"ai_approved";"ollama:qwen2.5-coder:7b";"0.95";"Panik";"The clue 'Panik' is a common and accurate translation for 'PANIC' in Turkish.";"Tiyatro";"freedict+kelly+frequencywords"
"C1";"Hayvan";"BEAST";"Noun";"4979";"AI onaylı";"ai_approved";"ollama:qwen2.5-coder:7b";"0.95";"Hayvan";"The clue 'Hayvan' is a common and accurate translation for 'BEAST' in Turkish.";"";"freedict+kelly+frequencywords"
"C1";"Aşmak";"OVERLAP";"Verb";"4980";"AI onaylı";"ai_approved";"ollama:qwen2.5-coder:7b";"0.95";"Aşmak";"The clue 'Aşmak' is a common and accurate translation for 'OVERLAP' in Turkish.";"";"freedict+kelly+frequencywords"
"C1";"Bakış";"GLANCE";"Noun";"4982";"AI onaylı";"ai_approved";"ollama:qwen2.5-coder:7b";"0.95";"Bakış";"The clue 'Bakış' is a common and accurate translation for 'GLANCE' in Turkish.";"Nazar | İma";"freedict+kelly+frequencywords"
"C1";"Satıcı";"SELLER";"Noun";"4983";"AI onaylı";"ai_approved";"ollama:qwen2.5-coder:7b";"0.95";"Satıcı";"The clue 'Satıcı' is a common and accurate translation for 'SELLER' in Turkish.";"";"freedict+kelly+frequencywords"
"C1";"Hatıra";"TROPHY";"Noun";"4987";"AI onaylı";"ai_approved";"ollama:qwen2.5-coder:7b";"0.95";"Hatıra";"The clue 'Hatıra' is a common and accurate translation for 'TROPHY' in Turkish.";"Kupa | Ganimet | Andaç";"freedict+kelly+frequencywords"
"C1";"Usta";"TRICKY";"Adjective";"4990";"AI onaylı";"ai_approved";"ollama:qwen2.5-coder:7b";"0.95";"Usta";"Ipucu yaygın ve doğru, aynı sözcük türünde, tek kelimelik ve seviye yaklaşık doğru.";"Hile | Becerikli";"freedict+kelly+frequencywords"
"C1";"Sakin";"CALM";"Adjective";"4991";"AI onaylı";"ai_approved";"ollama:qwen2.5-coder:7b";"0.95";"Sakin";"Ipucu yaygın ve doğru, aynı sözcük türünde, tek kelimelik ve seviye yaklaşık doğru.";"Durgun | Durgunluk | Yatıştırmak | Sakinleşmek";"freedict+kelly+frequencywords"
"C1";"Karışık";"UNCLEAR";"Adjective";"4993";"AI onaylı";"ai_approved";"ollama:qwen2.5-coder:7b";"0.95";"Karışık";"Ipucu yaygın ve doğru, aynı sözcük türünde, tek kelimelik ve seviye yaklaşık doğru.";"Bulanık";"freedict+kelly+frequencywords"
"C1";"Tutucu";"CONSERVATIVE";"Adjective";"4996";"AI onaylı";"ai_approved";"ollama:qwen2.5-coder:7b";"0.95";"Tutucu";"Ipucu yaygın ve doğru, aynı sözcük türünde, tek kelimelik ve seviye yaklaşık doğru.";"";"freedict+kelly+frequencywords"
"C1";"Hakem";"REFEREE";"Noun";"5002";"AI onaylı";"ai_approved";"ollama:qwen2.5-coder:7b";"0.95";"Hakem";"Ipucu yaygın ve doğru, aynı sözcük türünde, tek kelimelik ve seviye yaklaşık doğru.";"";"freedict+kelly+frequencywords"
"C1";"Oyuk";"VEIN";"Noun";"5003";"AI onaylı";"ai_approved";"ollama:qwen2.5-coder:7b";"0.95";"Oyuk";"Ipucu yaygın ve doğru, aynı sözcük türünde, tek kelimelik ve seviye yaklaşık doğru.";"Huy | Oluk";"freedict+kelly+frequencywords"
"C1";"Belirgin";"MARKED";"Adjective";"5004";"AI onaylı";"ai_approved";"ollama:qwen2.5-coder:7b";"0.95";"Belirgin";"Ipucu yaygın ve doğru, aynı sözcük türünde, tek kelimelik ve seviye yaklaşık doğru.";"";"freedict+kelly+frequencywords"
"C1";"Büyük";"MIGHTY";"Adjective";"5005";"AI onaylı";"ai_approved";"ollama:qwen2.5-coder:7b";"0.95";"Büyük";"Ipucu yaygın ve doğru, aynı sözcük türünde, tek kelimelik ve seviye yaklaşık doğru.";"Güçlü | Zorlu | Kuvvetli | Fevkalade";"freedict+kelly+frequencywords"
"C1";"Uygun";"SYMPATHETIC";"Adjective";"5008";"AI onaylı";"ai_approved";"ollama:qwen2.5-coder:7b";"0.95";"Uygun";"Ipucu yaygın ve doğru, aynı sözcük türünde, tek kelimelik ve seviye yaklaşık doğru.";"";"freedict+kelly+frequencywords"
"C1";"Cezalandırmak";"PUNISH";"Verb";"5010";"AI onaylı";"ai_approved";"ollama:qwen2.5-coder:7b";"0.95";"Cezalandırmak";"Ipucu yaygın ve doğru, aynı sözcük türünde, tek kelimelik ve seviye yaklaşık doğru.";"Eziyet";"freedict+kelly+frequencywords"
"C1";"Bilmeyen";"IGNORANCE";"Noun";"5012";"AI onaylı";"ai_approved";"ollama:qwen2.5-coder:7b";"0.95";"Bilmeyen";"Ipucu yaygın ve doğru, aynı sözcük türünde, tek kelimelik ve seviye yaklaşık doğru.";"Cehalet";"freedict+kelly+frequencywords"
"C1";"Nişan";"DECORATION";"Noun";"5014";"AI onaylı";"ai_approved";"ollama:qwen2.5-coder:7b";"0.95";"Nişan";"Ipucu yaygın ve doğru, aynı sözcük türünde, tek kelimelik ve seviye yaklaşık doğru.";"Madalya | Süs";"freedict+kelly+frequencywords"
"C1";"Hedef";"DRIFT";"Verb";"5015";"AI onaylı";"ai_approved";"ollama:qwen2.5-coder:7b";"0.95";"Hedef";"Ipucu yaygın ve doğru, aynı sözcük türünde, tek kelimelik ve seviye yaklaşık doğru.";"Amaç | Sürüklemek | Çekilme | Biriktirmek";"freedict+kelly+frequencywords"
"C1";"Tutmak";"HOOK";"Verb";"5018";"AI onaylı";"ai_approved";"ollama:qwen2.5-coder:7b";"0.95";"Tutmak";"Ipucu yaygın ve doğru, aynı sözcük türünde, tek kelimelik ve seviye yaklaşık doğru.";"Çekmek | Takılmak | Bağlamak | Kanca";"freedict+kelly+frequencywords"
"C1";"Çekmek";"GRIND";"Verb";"5019";"AI onaylı";"ai_approved";"ollama:qwen2.5-coder:7b";"0.95";"Çekmek";"Ipucu yaygın ve doğru, aynı sözcük türünde, tek kelimelik ve seviye yaklaşık doğru.";"Döndürmek | Ezmek | İnek | Sıkıştırmak";"freedict+kelly+frequencywords"
"C1";"Kurşun";"BULLET";"Noun";"5022";"AI onaylı";"ai_approved";"ollama:qwen2.5-coder:7b";"0.95";"Kurşun";"Ipucu yaygın ve doğru, aynı sözcük türünde, tek kelimelik ve seviye yaklaşık doğru.";"Mermi";"freedict+kelly+frequencywords"
"C1";"Ekip";"BRIGADE";"Noun";"5023";"AI onaylı";"ai_approved";"ollama:qwen2.5-coder:7b";"0.95";"Ekip";"Ipucu yaygın ve doğru, aynı sözcük türünde, tek kelimelik ve seviye yaklaşık doğru.";"";"freedict+kelly+frequencywords"
"C1";"Kefil";"VOUCHER";"Noun";"5026";"AI onaylı";"ai_approved";"ollama:qwen2.5-coder:7b";"0.95";"Kefil";"Ipucu yaygın ve doğru, aynı sözcük türünde, tek kelimelik ve seviye yaklaşık doğru.";"Tanıt | Makbuz | Senet";"freedict+kelly+frequencywords"
"C1";"Sadık";"LOYAL";"Adjective";"5028";"AI onaylı";"ai_approved";"ollama:qwen2.5-coder:7b";"0.95";"Sadık";"Ipucu yaygın ve doğru, aynı sözcük türünde, tek kelimelik ve seviye yaklaşık doğru.";"";"freedict+kelly+frequencywords"
"C1";"Güzel";"BULLY";"Verb";"5032";"AI onaylı";"ai_approved";"ollama:qwen2.5-coder:7b";"0.95";"Güzel";"Ipucu yaygın ve doğru, aynı sözcük türünde, tek kelimelik ve seviye yaklaşık doğru.";"Mükemmel | Ala | Kabadayı";"freedict+kelly+frequencywords"
"C1";"Takım";"BATCH";"Noun";"5033";"AI onaylı";"ai_approved";"ollama:qwen2.5-coder:7b";"0.95";"Takım";"Cevap ve ipucu uyumlu ve yaygın bir şekilde kullanılmıştır.";"Yığın";"freedict+kelly+frequencywords"
"C1";"Düşünmek";"CONTEMPLATE";"Verb";"5034";"AI onaylı";"ai_approved";"ollama:qwen2.5-coder:7b";"0.95";"Düşünmek";"Cevap ve ipucu uyumlu ve yaygın bir şekilde kullanılmıştır.";"Seyretmek";"freedict+kelly+frequencywords"
"C1";"Toplantı";"CONGREGATION";"Noun";"5036";"AI onaylı";"ai_approved";"ollama:qwen2.5-coder:7b";"0.95";"Toplantı";"Cevap ve ipucu uyumlu ve yaygın bir şekilde kullanılmıştır.";"Toplama | Cemaat";"freedict+kelly+frequencywords"
"C1";"Muhasebeci";"ACCOUNTANT";"Noun";"5038";"AI onaylı";"ai_approved";"ollama:qwen2.5-coder:7b";"0.95";"Muhasebeci";"Cevap ve ipucu uyumlu ve yaygın bir şekilde kullanılmıştır.";"";"freedict+kelly+frequencywords"
"C1";"Koro";"CHOIR";"Noun";"5042";"AI onaylı";"ai_approved";"ollama:qwen2.5-coder:7b";"0.95";"Koro";"Cevap ve ipucu uyumlu ve yaygın bir şekilde kullanılmıştır.";"";"freedict+kelly+frequencywords"
"C1";"Helikopter";"HELICOPTER";"Noun";"5044";"AI onaylı";"ai_approved";"ollama:qwen2.5-coder:7b";"0.95";"Helikopter";"Cevap ve ipucu uyumlu ve yaygın bir şekilde kullanılmıştır.";"";"freedict+kelly+frequencywords"
"C1";"Bozmak";"SCRATCH";"Noun";"5045";"AI onaylı";"ai_approved";"ollama:qwen2.5-coder:7b";"0.95";"Bozmak";"Cevap ve ipucu uyumlu ve yaygın bir şekilde kullanılmıştır.";"Rasgele | Silmek | Tesadüfi | Çizmek";"freedict+kelly+frequencywords"
"C1";"Çalı";"BUSH";"Noun";"5046";"AI onaylı";"ai_approved";"ollama:qwen2.5-coder:7b";"0.95";"Çalı";"Cevap ve ipucu uyumlu ve yaygın bir şekilde kullanılmıştır.";"";"freedict+kelly+frequencywords"
"C1";"Sini";"TRAY";"Noun";"5047";"AI onaylı";"ai_approved";"ollama:qwen2.5-coder:7b";"0.95";"Sini";"Cevap ve ipucu uyumlu ve yaygın bir şekilde kullanılmıştır.";"Tepsi";"freedict+kelly+frequencywords"
"C1";"Kolay";"SNAP";"Verb";"5048";"AI onaylı";"ai_approved";"ollama:qwen2.5-coder:7b";"0.95";"Kolay";"Cevap ve ipucu uyumlu ve yaygın bir şekilde kullanılmıştır.";"Enerji | Kuvvet";"freedict+kelly+frequencywords"
"C1";"İğne";"NEEDLE";"Noun";"5049";"AI onaylı";"ai_approved";"ollama:qwen2.5-coder:7b";"0.95";"İğne";"Cevap ve ipucu uyumlu ve yaygın bir şekilde kullanılmıştır.";"";"freedict+kelly+frequencywords"
"C1";"Ser";"GREENHOUSE";"Noun";"5050";"AI onaylı";"ai_approved";"ollama:qwen2.5-coder:7b";"0.95";"Ser";"Cevap ve ipucu uyumlu ve yaygın bir şekilde kullanılmıştır.";"";"freedict+kelly+frequencywords"
"C1";"Zalim";"CRUEL";"Adjective";"5051";"AI onaylı";"ai_approved";"ollama:qwen2.5-coder:7b";"0.95";"Zalim";"Cevap ve ipucu uyumlu ve yaygın bir şekilde kullanılmıştır.";"Çetin | Dayanılmaz | Çekilmez | Gaddar";"freedict+kelly+frequencywords"
"C1";"Soytarı";"FOOL";"Noun";"5053";"AI onaylı";"ai_approved";"ollama:qwen2.5-coder:7b";"0.95";"Soytarı";"Cevap ve ipucu uyumlu ve yaygın bir şekilde kullanılmıştır.";"Aldatmak | Oynatmak";"freedict+kelly+frequencywords"
"C1";"Garip";"PECULIAR";"Adjective";"5054";"AI onaylı";"ai_approved";"ollama:qwen2.5-coder:7b";"0.95";"Garip";"Cevap ve ipucu uyumlu ve yaygın bir şekilde kullanılmıştır.";"Tuhaf | Acayip | Tuhaflık | Mahsus";"freedict+kelly+frequencywords"
"C1";"Roket";"ROCKET";"Noun";"5055";"AI onaylı";"ai_approved";"ollama:qwen2.5-coder:7b";"0.95";"Roket";"Cevap ve ipucu uyumlu ve yaygın bir şekilde kullanılmıştır.";"";"freedict+kelly+frequencywords"
"C1";"Keşke";"GOODNESS";"Noun";"5056";"AI onaylı";"ai_approved";"ollama:qwen2.5-coder:7b";"0.95";"Keşke";"Cevap ve ipucu uyumlu ve yaygın bir şekilde kullanılmıştır.";"Güzellik | Erdem | Mükemmellik | Cömertlik";"freedict+kelly+frequencywords"
"C1";"Tane";"CORN";"Noun";"5057";"AI onaylı";"ai_approved";"ollama:qwen2.5-coder:7b";"0.95";"Tane";"Cevap ve ipucu uyumlu ve yaygın bir şekilde kullanılmıştır.";"";"freedict+kelly+frequencywords"
"C1";"Hakim";"RECORDER";"Noun";"5058";"AI onaylı";"ai_approved";"ollama:qwen2.5-coder:7b";"0.95";"Hakim";"Cevap ve ipucu uyumlu ve yaygın bir şekilde kullanılmıştır.";"Teyp";"freedict+kelly+frequencywords"
"C1";"Galiba";"PRESUME";"Verb";"5059";"AI onaylı";"ai_approved";"ollama:qwen2.5-coder:7b";"0.95";"Galiba";"Cevap ve ipucu uyumlu ve yaygın bir şekilde kullanılmıştır.";"";"freedict+kelly+frequencywords"
"C1";"Kazan";"BOILER";"Noun";"5060";"AI onaylı";"ai_approved";"ollama:qwen2.5-coder:7b";"0.95";"Kazan";"Sözcük ve ipucu tam olarak eşleşiyor.";"";"freedict+kelly+frequencywords"
"C1";"Yeterli";"ROUNDABOUT";"Noun";"5061";"AI onaylı";"ai_approved";"ollama:qwen2.5-coder:7b";"0.95";"Yeterli";"Sözcük ve ipucu tam olarak eşleşiyor.";"Ceket | Dolaylı | Çevreleyen | Dolambaçlı";"freedict+kelly+frequencywords"
"C1";"Acı";"GRIEF";"Noun";"5063";"AI onaylı";"ai_approved";"ollama:qwen2.5-coder:7b";"0.95";"Acı";"Sözcük ve ipucu tam olarak eşleşiyor.";"Dert | Bela | Keder | Istırap";"freedict+kelly+frequencywords"
"C1";"Çöp";"CRAP";"Noun";"5064";"AI onaylı";"ai_approved";"ollama:qwen2.5-coder:7b";"0.95";"Çöp";"Sözcük ve ipucu tam olarak eşleşiyor.";"";"freedict+kelly+frequencywords"
"C1";"Soğan";"BULB";"Noun";"5065";"AI onaylı";"ai_approved";"ollama:qwen2.5-coder:7b";"0.95";"Soğan";"Sözcük ve ipucu tam olarak eşleşiyor.";"Ampul";"freedict+kelly+frequencywords"
"C1";"Tip";"KIDNEY";"Noun";"5066";"AI onaylı";"ai_approved";"ollama:qwen2.5-coder:7b";"0.95";"Tip";"Sözcük ve ipucu tam olarak eşleşiyor.";"Böbrek | Soy";"freedict+kelly+frequencywords"
"C1";"Güvercin";"PIGEON";"Noun";"5077";"AI onaylı";"ai_approved";"ollama:qwen2.5-coder:7b";"0.95";"Güvercin";"Sözcük ve ipucu tam olarak eşleşiyor.";"";"freedict+kelly+frequencywords"
"C1";"Anahtar";"COCK";"Noun";"5078";"AI onaylı";"ai_approved";"ollama:qwen2.5-coder:7b";"0.95";"Anahtar";"Sözcük ve ipucu tam olarak eşleşiyor.";"Lider | Horoz | Musluk | Önder";"freedict+kelly+frequencywords"
"C1";"Bebek";"BABE";"Noun";"5079";"AI onaylı";"ai_approved";"ollama:qwen2.5-coder:7b";"0.95";"Bebek";"Sözcük ve ipucu tam olarak eşleşiyor.";"Abd";"freedict+kelly+frequencywords"
"C1";"Donanma";"NAVY";"Adjective";"5080";"AI onaylı";"ai_approved";"ollama:qwen2.5-coder:7b";"0.95";"Donanma";"Sözcük ve ipucu tam olarak eşleşiyor.";"";"freedict+kelly+frequencywords"
"C1";"Soluk";"WAX";"Noun";"5081";"AI onaylı";"ai_approved";"ollama:qwen2.5-coder:7b";"0.95";"Soluk";"Sözcük ve ipucu tam olarak eşleşiyor.";"Yapışkan | Mum | Balmumu | Büyümek";"freedict+kelly+frequencywords"
"C1";"Türlü";"STEW";"Noun";"5082";"AI onaylı";"ai_approved";"ollama:qwen2.5-coder:7b";"0.95";"Türlü";"Sözcük ve ipucu tam olarak eşleşiyor.";"Endişe | Güveç | Heyecanla";"freedict+kelly+frequencywords"
"C1";"Sürmek";"SPROUT";"Noun";"5085";"AI onaylı";"ai_approved";"ollama:qwen2.5-coder:7b";"0.95";"Sürmek";"Sözcük ve ipucu tam olarak eşleşiyor.";"";"freedict+kelly+frequencywords"
"C1";"Yıkamak";"SCRUB";"Verb";"5087";"AI onaylı";"ai_approved";"ollama:qwen2.5-coder:7b";"0.95";"Yıkamak";"Sözcük ve ipucu tam olarak eşleşiyor.";"Maki";"freedict+kelly+frequencywords"
"C1";"Kaburga";"RIB";"Noun";"5089";"AI onaylı";"ai_approved";"ollama:qwen2.5-coder:7b";"0.95";"Kaburga";"Sözcük ve ipucu tam olarak eşleşiyor.";"";"freedict+kelly+frequencywords"
"C1";"Değiştirmek";"SHUFFLE";"Verb";"5090";"AI onaylı";"ai_approved";"ollama:qwen2.5-coder:7b";"0.95";"Değiştirmek";"Sözcük ve ipucu tam olarak eşleşiyor.";"Hile | Karıştırmak | Karıştırma";"freedict+kelly+frequencywords"
"C1";"Yuva";"SCARF";"Noun";"5094";"AI onaylı";"ai_approved";"ollama:qwen2.5-coder:7b";"0.95";"Yuva";"Sözcük ve ipucu tam olarak eşleşiyor.";"";"freedict+kelly+frequencywords"
"C1";"Solak";"POTTY";"Noun";"5096";"AI onaylı";"ai_approved";"ollama:qwen2.5-coder:7b";"0.95";"Solak";"Sözcük ve ipucu tam olarak eşleşiyor.";"";"freedict+kelly+frequencywords"
"C1";"Yalancı";"LIAR";"Noun";"5098";"AI onaylı";"ai_approved";"ollama:qwen2.5-coder:7b";"0.95";"Yalancı";"Sözcük ve ipucu tam olarak eşleşiyor.";"";"freedict+kelly+frequencywords"
"C1";"Halletmek";"SEW";"Verb";"5099";"AI onaylı";"ai_approved";"ollama:qwen2.5-coder:7b";"0.95";"Halletmek";"Sözcük ve ipucu tam olarak eşleşiyor.";"";"freedict+kelly+frequencywords"
"C1";"Abd";"HAIRY";"Adjective";"5100";"AI onaylı";"ai_approved";"ollama:qwen2.5-coder:7b";"0.95";"Abd";"Ipucu yaygın ve doğru, aynı sözcük türünde, tek kelimelik ve seviye yaklaşık doğru.";"";"freedict+kelly+frequencywords"
"C1";"Tatlı";"TASTY";"Adjective";"5102";"AI onaylı";"ai_approved";"ollama:qwen2.5-coder:7b";"0.95";"Tatlı";"Ipucu yaygın ve doğru, aynı sözcük türünde, tek kelimelik ve seviye yaklaşık doğru.";"Lezzetli | Zevkli";"freedict+kelly+frequencywords"
"C1";"Teras";"PATIO";"Noun";"5103";"AI onaylı";"ai_approved";"ollama:qwen2.5-coder:7b";"0.95";"Teras";"Ipucu yaygın ve doğru, aynı sözcük türünde, tek kelimelik ve seviye yaklaşık doğru.";"Veranda";"freedict+kelly+frequencywords"
"C1";"Artık";"SCRAP";"Noun";"5106";"AI onaylı";"ai_approved";"ollama:qwen2.5-coder:7b";"0.95";"Artık";"Ipucu yaygın ve doğru, aynı sözcük türünde, tek kelimelik ve seviye yaklaşık doğru.";"Parça | Kırıntı";"freedict+kelly+frequencywords"
"C1";"Don";"PANTS";"Noun";"5109";"AI onaylı";"ai_approved";"ollama:qwen2.5-coder:7b";"0.95";"Don";"Ipucu yaygın ve doğru, aynı sözcük türünde, tek kelimelik ve seviye yaklaşık doğru.";"Külot";"freedict+kelly+frequencywords"
"C1";"Ezmek";"SQUASH";"Verb";"5110";"AI onaylı";"ai_approved";"ollama:qwen2.5-coder:7b";"0.95";"Ezmek";"Ipucu yaygın ve doğru, aynı sözcük türünde, tek kelimelik ve seviye yaklaşık doğru.";"Ezilmiş | Balkabağı";"freedict+kelly+frequencywords"
"C1";"Nerelerde";"WHEREABOUTS";"adverb";"5112";"AI onaylı";"ai_approved";"ollama:qwen2.5-coder:7b";"0.95";"Nerelerde";"Ipucu yaygın ve doğru, aynı sözcük türünde, tek kelimelik ve seviye yaklaşık doğru.";"";"freedict+kelly+frequencywords"
"C1";"Midilli";"PONY";"Noun";"5113";"AI onaylı";"ai_approved";"ollama:qwen2.5-coder:7b";"0.95";"Midilli";"Ipucu yaygın ve doğru, aynı sözcük türünde, tek kelimelik ve seviye yaklaşık doğru.";"";"freedict+kelly+frequencywords"
"C1";"Alçı";"PLASTER";"Noun";"5114";"AI onaylı";"ai_approved";"ollama:qwen2.5-coder:7b";"0.95";"Alçı";"Ipucu yaygın ve doğru, aynı sözcük türünde, tek kelimelik ve seviye yaklaşık doğru.";"";"freedict+kelly+frequencywords"
"C1";"Çiğnemek";"TRAMP";"Noun";"5115";"AI onaylı";"ai_approved";"ollama:qwen2.5-coder:7b";"0.95";"Çiğnemek";"Ipucu yaygın ve doğru, aynı sözcük türünde, tek kelimelik ve seviye yaklaşık doğru.";"";"freedict+kelly+frequencywords"
"C1";"Ski";"SKI";"Verb";"5117";"AI onaylı";"ai_approved";"ollama:qwen2.5-coder:7b";"0.95";"Ski";"Ipucu yaygın ve doğru, aynı sözcük türünde, tek kelimelik ve seviye yaklaşık doğru.";"";"freedict+kelly+frequencywords"
"C1";"Üzüm";"GRAPE";"Noun";"5118";"AI onaylı";"ai_approved";"ollama:qwen2.5-coder:7b";"0.95";"Üzüm";"Ipucu yaygın ve doğru, aynı sözcük türünde, tek kelimelik ve seviye yaklaşık doğru.";"Asma | Misket";"freedict+kelly+frequencywords"
"C1";"Izgara";"GRILL";"Noun";"5120";"AI onaylı";"ai_approved";"ollama:qwen2.5-coder:7b";"0.95";"Izgara";"Ipucu yaygın ve doğru, aynı sözcük türünde, tek kelimelik ve seviye yaklaşık doğru.";"Sıkıştırmak";"freedict+kelly+frequencywords"
"C1";"Diken";"STICKER";"Noun";"5122";"AI onaylı";"ai_approved";"ollama:qwen2.5-coder:7b";"0.95";"Diken";"Ipucu yaygın ve doğru, aynı sözcük türünde, tek kelimelik ve seviye yaklaşık doğru.";"Etiket";"freedict+kelly+frequencywords"
"C1";"Kukla";"STRAW";"Noun";"5126";"AI onaylı";"ai_approved";"ollama:qwen2.5-coder:7b";"0.95";"Kukla";"Ipucu yaygın ve doğru, aynı sözcük türünde, tek kelimelik ve seviye yaklaşık doğru.";"Zerre | Saman";"freedict+kelly+frequencywords"
"C1";"Çene";"JAW";"Noun";"5128";"AI onaylı";"ai_approved";"ollama:qwen2.5-coder:7b";"0.95";"Çene";"Ipucu yaygın ve doğru, aynı sözcük türünde, tek kelimelik ve seviye yaklaşık doğru.";"";"freedict+kelly+frequencywords"
"C1";"Dışkı";"STOOL";"Noun";"5130";"AI onaylı";"ai_approved";"ollama:qwen2.5-coder:7b";"0.95";"Dışkı";"Ipucu yaygın ve doğru, aynı sözcük türünde, tek kelimelik ve seviye yaklaşık doğru.";"";"freedict+kelly+frequencywords"
"C1";"Dövmek";"BUNG";"Verb";"5131";"AI onaylı";"ai_approved";"ollama:qwen2.5-coder:7b";"0.95";"Dövmek";"Ipucu yaygın ve doğru, aynı sözcük türünde, tek kelimelik ve seviye yaklaşık doğru.";"";"freedict+kelly+frequencywords"
"C1";"Sirke";"VINEGAR";"Noun";"5132";"AI onaylı";"ai_approved";"ollama:qwen2.5-coder:7b";"0.95";"Sirke";"Ipucu yaygın ve doğru, aynı sözcük türünde, tek kelimelik ve seviye yaklaşık doğru.";"Ekşi | Suratsız";"freedict+kelly+frequencywords"
"C1";"Dikiş";"STITCH";"Noun";"5137";"AI onaylı";"ai_approved";"ollama:qwen2.5-coder:7b";"0.95";"Dikiş";"Ipucu yaygın ve doğru, aynı sözcük türünde, tek kelimelik ve seviye yaklaşık doğru.";"Zerre | Giyecek | Dikmek";"freedict+kelly+frequencywords"
"C1";"Atıştırmak";"SPIT";"Verb";"5140";"AI onaylı";"ai_approved";"ollama:qwen2.5-coder:7b";"0.95";"Atıştırmak";"Sözcük ve ipucu uyumlu, yaygın ve doğru.";"Tükürük";"freedict+kelly+frequencywords"
"C1";"Nişan";"TOKEN";"Noun";"5142";"AI onaylı";"ai_approved";"ollama:qwen2.5-coder:7b";"0.95";"Nişan";"Sözcük ve ipucu uyumlu, yaygın ve doğru.";"Göstermek | Hatıra | İşaret | Belirti";"freedict+kelly+frequencywords"
"C1";"İnanılmaz";"UNBELIEVABLE";"Adjective";"5143";"AI onaylı";"ai_approved";"ollama:qwen2.5-coder:7b";"0.95";"İnanılmaz";"Sözcük ve ipucu uyumlu, yaygın ve doğru.";"";"freedict+kelly+frequencywords"
"C1";"Ceket";"CARDIGAN";"Noun";"5144";"AI onaylı";"ai_approved";"ollama:qwen2.5-coder:7b";"0.95";"Ceket";"Sözcük ve ipucu uyumlu, yaygın ve doğru.";"";"freedict+kelly+frequencywords"
"C1";"Parazit";"SPONGE";"Noun";"5145";"AI onaylı";"ai_approved";"ollama:qwen2.5-coder:7b";"0.95";"Parazit";"Sözcük ve ipucu uyumlu, yaygın ve doğru.";"Sünger";"freedict+kelly+frequencywords"
"C1";"Sert";"NAPPY";"Noun";"5147";"AI onaylı";"ai_approved";"ollama:qwen2.5-coder:7b";"0.95";"Sert";"Sözcük ve ipucu uyumlu, yaygın ve doğru.";"Sarhoş | Tüylü | Kıvırcık";"freedict+kelly+frequencywords"
"C1";"Sıska";"SKINNY";"Adjective";"5148";"AI onaylı";"ai_approved";"ollama:qwen2.5-coder:7b";"0.95";"Sıska";"Sözcük ve ipucu uyumlu, yaygın ve doğru.";"";"freedict+kelly+frequencywords"
"C1";"Testi";"JUG";"Noun";"5149";"AI onaylı";"ai_approved";"ollama:qwen2.5-coder:7b";"0.95";"Testi";"Sözcük ve ipucu uyumlu, yaygın ve doğru.";"";"freedict+kelly+frequencywords"
"C1";"Sakal";"BEARD";"Noun";"5150";"AI onaylı";"ai_approved";"ollama:qwen2.5-coder:7b";"0.95";"Sakal";"Sözcük ve ipucu uyumlu, yaygın ve doğru.";"";"freedict+kelly+frequencywords"
"C1";"Pislik";"GOAT";"Noun";"5152";"AI onaylı";"ai_approved";"ollama:qwen2.5-coder:7b";"0.95";"Pislik";"Sözcük ve ipucu uyumlu, yaygın ve doğru.";"Pis | Kaba | Keçi | Kabalık";"freedict+kelly+frequencywords"
"C2";"Gömmek";"EMBED";"Verb";"4379";"AI onaylı";"ai_approved";"ollama:qwen2.5-coder:7b";"0.95";"Gömmek";"Sözcük ve ipucu uyumlu, yaygın ve doğru.";"";"freedict+kelly+frequencywords"
"C2";"Yönetim";"GOVERNANCE";"Noun";"4459";"AI onaylı";"ai_approved";"ollama:qwen2.5-coder:7b";"0.95";"Yönetim";"Sözcük ve ipucu uyumlu, yaygın ve doğru.";"İdare";"freedict+kelly+frequencywords"
"C2";"Güvenmek";"ACCREDIT";"Verb";"4601";"AI onaylı";"ai_approved";"ollama:qwen2.5-coder:7b";"0.95";"Güvenmek";"Sözcük ve ipucu uyumlu, yaygın ve doğru.";"İnanmak";"freedict+kelly+frequencywords"
"C2";"Merhamet";"CHARITABLE";"Adjective";"5162";"AI onaylı";"ai_approved";"ollama:qwen2.5-coder:7b";"0.95";"Merhamet";"Sözcük ve ipucu uyumlu, yaygın ve doğru.";"Cömert | Merhametli | Yardımsever | Şefkatli";"freedict+kelly+frequencywords"
"C2";"Canlılık";"ANIMATION";"Noun";"5164";"AI onaylı";"ai_approved";"ollama:qwen2.5-coder:7b";"0.95";"Canlılık";"Sözcük ve ipucu uyumlu, yaygın ve doğru.";"";"freedict+kelly+frequencywords"
"C2";"Acele";"EXPEDITION";"Noun";"5165";"AI onaylı";"ai_approved";"ollama:qwen2.5-coder:7b";"0.95";"Acele";"Sözcük ve ipucu uyumlu, yaygın ve doğru.";"Sefer | Gönderme | Sevk | Sürat";"freedict+kelly+frequencywords"
"C2";"Benzemek";"RESEMBLE";"Verb";"5166";"AI onaylı";"ai_approved";"ollama:qwen2.5-coder:7b";"0.95";"Benzemek";"Sözcük ve ipucu uyumlu, yaygın ve doğru.";"";"freedict+kelly+frequencywords"
"C2";"Yuvarlak";"CIRCULAR";"Adjective";"5168";"AI onaylı";"ai_approved";"ollama:qwen2.5-coder:7b";"0.95";"Yuvarlak";"Sözcük ve ipucu uyumlu, yaygın ve doğru.";"Dolaylı | Dolambaçlı";"freedict+kelly+frequencywords"
"C2";"Demek";"ASSERT";"Verb";"5169";"AI onaylı";"ai_approved";"ollama:qwen2.5-coder:7b";"0.95";"Demek";"Sözcük ve ipucu uyumlu, yaygın ve doğru.";"Söylemek | Teyit";"freedict+kelly+frequencywords"
"C2";"Güç";"COMPETENCE";"Noun";"5171";"AI onaylı";"ai_approved";"ollama:qwen2.5-coder:7b";"0.95";"Güç";"Sözcük ve ipucu uyumlu, yaygın ve doğru.";"Hak | Yetenek | Yetki | Ehliyet";"freedict+kelly+frequencywords"
"C2";"Doğrulamak";"VERIFY";"Verb";"5173";"AI onaylı";"ai_approved";"ollama:qwen2.5-coder:7b";"0.95";"Doğrulamak";"Cevap ve ipucu tam olarak eşleşiyor ve seviye uygun.";"";"freedict+kelly+frequencywords"
"C2";"Tamir";"RENEWAL";"Noun";"5174";"AI onaylı";"ai_approved";"ollama:qwen2.5-coder:7b";"0.95";"Tamir";"Cevap ve ipucu tam olarak eşleşiyor ve seviye uygun.";"Yenileme | Tekerrür";"freedict+kelly+frequencywords"
"C2";"Yine";"ALBEIT";"Conjunction";"5175";"AI onaylı";"ai_approved";"ollama:qwen2.5-coder:7b";"0.95";"Yine";"Cevap ve ipucu tam olarak eşleşiyor ve seviye uygun.";"Fakat";"freedict+kelly+frequencywords"
"C2";"Hüsran";"DISAPPOINTMENT";"Noun";"5177";"AI onaylı";"ai_approved";"ollama:qwen2.5-coder:7b";"0.95";"Hüsran";"Cevap ve ipucu tam olarak eşleşiyor ve seviye uygun.";"";"freedict+kelly+frequencywords"
"C2";"Mürekkep";"COMPOUND";"Noun";"5178";"AI onaylı";"ai_approved";"ollama:qwen2.5-coder:7b";"0.95";"Mürekkep";"Cevap ve ipucu tam olarak eşleşiyor ve seviye uygun.";"Birleştirmek | Bileşik";"freedict+kelly+frequencywords"
"C2";"Bırakmak";"FLEE";"Verb";"5179";"AI onaylı";"ai_approved";"ollama:qwen2.5-coder:7b";"0.95";"Bırakmak";"Cevap ve ipucu tam olarak eşleşiyor ve seviye uygun.";"Terketmek";"freedict+kelly+frequencywords"
"C2";"Vekil";"TRUSTEE";"Noun";"5182";"AI onaylı";"ai_approved";"ollama:qwen2.5-coder:7b";"0.95";"Vekil";"Cevap ve ipucu tam olarak eşleşiyor ve seviye uygun.";"";"freedict+kelly+frequencywords"
"C2";"Yapı";"CONSTITUTION";"Noun";"5184";"AI onaylı";"ai_approved";"ollama:qwen2.5-coder:7b";"0.95";"Yapı";"Cevap ve ipucu tam olarak eşleşiyor ve seviye uygun.";"Anayasa | Huy | Yaradılış";"freedict+kelly+frequencywords"
"C2";"Saldırı";"ASSAULT";"Noun";"5187";"AI onaylı";"ai_approved";"ollama:qwen2.5-coder:7b";"0.95";"Saldırı";"Cevap ve ipucu tam olarak eşleşiyor ve seviye uygun.";"Tecavüz | Hamle | Saldırmak";"freedict+kelly+frequencywords"
"C2";"Aldatmak";"MISLEAD";"Verb";"5189";"AI onaylı";"ai_approved";"ollama:qwen2.5-coder:7b";"0.95";"Aldatmak";"Cevap ve ipucu tam olarak eşleşiyor ve seviye uygun.";"";"freedict+kelly+frequencywords"
"C2";"Şüphe";"RESERVATION";"Noun";"5190";"AI onaylı";"ai_approved";"ollama:qwen2.5-coder:7b";"0.95";"Şüphe";"Cevap ve ipucu tam olarak eşleşiyor ve seviye uygun.";"Şart | Muhafaza";"freedict+kelly+frequencywords"
"C2";"Böcek";"INSECT";"Noun";"5192";"AI onaylı";"ai_approved";"ollama:qwen2.5-coder:7b";"0.95";"Böcek";"Cevap ve ipucu tam olarak eşleşiyor ve seviye uygun.";"";"freedict+kelly+frequencywords"
"C2";"Dehşet";"TERROR";"Noun";"5193";"AI onaylı";"ai_approved";"ollama:qwen2.5-coder:7b";"0.95";"Dehşet";"Cevap ve ipucu tam olarak eşleşiyor ve seviye uygun.";"";"freedict+kelly+frequencywords"
"C2";"Uyum";"CONSISTENCY";"Noun";"5194";"AI onaylı";"ai_approved";"ollama:qwen2.5-coder:7b";"0.95";"Uyum";"Cevap ve ipucu tam olarak eşleşiyor ve seviye uygun.";"Ahenk | Yoğunluk";"freedict+kelly+frequencywords"
"C2";"Aktarma";"QUOTATION";"Noun";"5195";"AI onaylı";"ai_approved";"ollama:qwen2.5-coder:7b";"0.95";"Aktarma";"Cevap ve ipucu tam olarak eşleşiyor ve seviye uygun.";"";"freedict+kelly+frequencywords"
"C2";"Yönetim";"RULING";"Noun";"5196";"AI onaylı";"ai_approved";"ollama:qwen2.5-coder:7b";"0.95";"Yönetim";"Cevap ve ipucu tam olarak eşleşiyor ve seviye uygun.";"Hüküm | Yargı";"freedict+kelly+frequencywords"
"C2";"Anlamak";"CONCEIVE";"Verb";"5197";"AI onaylı";"ai_approved";"ollama:qwen2.5-coder:7b";"0.95";"Anlamak";"Cevap ve ipucu tam olarak eşleşiyor ve seviye uygun.";"";"freedict+kelly+frequencywords"
"C2";"Orantılı";"COMPARATIVE";"Adjective";"5199";"AI onaylı";"ai_approved";"ollama:qwen2.5-coder:7b";"0.95";"Orantılı";"Cevap ve ipucu tam olarak eşleşiyor ve seviye uygun.";"";"freedict+kelly+frequencywords"
"C2";"Patlama";"EXPLOSION";"Noun";"5204";"AI onaylı";"ai_approved";"ollama:qwen2.5-coder:7b";"0.95";"Patlama";"Cevap ve ipucu tam olarak eşleşiyor ve seviye uygun.";"İnfilak | Parlama";"freedict+kelly+frequencywords"
"C2";"Uymak";"COINCIDE";"Verb";"5206";"AI onaylı";"ai_approved";"ollama:qwen2.5-coder:7b";"0.95";"Uymak";"Cevap ve ipucu tam olarak eşleşiyor ve seviye uygun.";"";"freedict+kelly+frequencywords"
"C2";"Heykel";"SCULPTURE";"Noun";"5207";"AI onaylı";"ai_approved";"ollama:qwen2.5-coder:7b";"0.95";"Heykel";"The clue 'Heykel' is a common and accurate translation for 'sculpture' in Turkish.";"Heykeller | Oyma";"freedict+kelly+frequencywords"
"C2";"Telsiz";"WIRELESS";"Adjective";"5208";"AI onaylı";"ai_approved";"ollama:qwen2.5-coder:7b";"0.95";"Telsiz";"The clue 'Telsiz' is a common and accurate translation for 'wireless' in Turkish.";"";"freedict+kelly+frequencywords"
"C2";"Bilgili";"INFORMED";"Adjective";"5209";"AI onaylı";"ai_approved";"ollama:qwen2.5-coder:7b";"0.95";"Bilgili";"The clue 'Bilgili' is a common and accurate translation for 'informed' in Turkish.";"";"freedict+kelly+frequencywords"
"C2";"Gizemli";"MYSTERIOUS";"Adjective";"5212";"AI onaylı";"ai_approved";"ollama:qwen2.5-coder:7b";"0.95";"Gizemli";"The clue 'Gizemli' is a common and accurate translation for 'mysterious' in Turkish.";"Esrarengiz";"freedict+kelly+frequencywords"
"C2";"Yardımcı";"INSTRUMENTAL";"Adjective";"5213";"AI onaylı";"ai_approved";"ollama:qwen2.5-coder:7b";"0.95";"Yardımcı";"The clue 'Yardımcı' is a common and accurate translation for 'instrumental' in Turkish.";"Etkili | Yararlı";"freedict+kelly+frequencywords"
"C2";"Yenmek";"PREVAIL";"Verb";"5214";"AI onaylı";"ai_approved";"ollama:qwen2.5-coder:7b";"0.95";"Yenmek";"The clue 'Yenmek' is a common and accurate translation for 'prevail' in Turkish.";"Başarmak";"freedict+kelly+frequencywords"
"C2";"Anlaşma";"ALLIANCE";"Noun";"5216";"AI onaylı";"ai_approved";"ollama:qwen2.5-coder:7b";"0.95";"Anlaşma";"The clue 'Anlaşma' is a common and accurate translation for 'alliance' in Turkish.";"Birleşme | İttifak";"freedict+kelly+frequencywords"
"C2";"Önyargı";"PREJUDICE";"Noun";"5217";"AI onaylı";"ai_approved";"ollama:qwen2.5-coder:7b";"0.95";"Önyargı";"The clue 'Önyargı' is a common and accurate translation for 'prejudice' in Turkish.";"";"freedict+kelly+frequencywords"
"C2";"Açıklık";"TRANSPARENT";"Adjective";"5218";"AI onaylı";"ai_approved";"ollama:qwen2.5-coder:7b";"0.95";"Açıklık";"The clue 'Açıklık' is a common and accurate translation for 'transparent' in Turkish.";"Berrak | Şeffaf";"freedict+kelly+frequencywords"
"C2";"İdare";"MANIPULATE";"Verb";"5219";"AI onaylı";"ai_approved";"ollama:qwen2.5-coder:7b";"0.95";"İdare";"The clue 'İdare' is a common and accurate translation for 'manipulate' in Turkish.";"Manevra | Dalavere";"freedict+kelly+frequencywords"
"C2";"Açık";"SPACIOUS";"Adjective";"5226";"AI onaylı";"ai_approved";"ollama:qwen2.5-coder:7b";"0.95";"Açık";"The clue 'Açık' is a common and accurate translation for 'spacious' in Turkish.";"Bol | Geniş | Açıklık | Engin";"freedict+kelly+frequencywords"
"C2";"Cazibe";"CHARM";"Noun";"5227";"AI onaylı";"ai_approved";"ollama:qwen2.5-coder:7b";"0.95";"Cazibe";"The clue 'Cazibe' is a common and accurate translation for 'charm' in Turkish.";"Tılsım | Çekicilik";"freedict+kelly+frequencywords"
"C2";"Savaş";"COMBAT";"Verb";"5229";"AI onaylı";"ai_approved";"ollama:qwen2.5-coder:7b";"0.95";"Savaş";"The clue 'Savaş' is a common and accurate translation for 'combat' in Turkish.";"Mücadele | Savaşmak | Dövüş | Dövüşmek";"freedict+kelly+frequencywords"
"C2";"Bunaltıcı";"OVERWHELMING";"Adjective";"5231";"AI onaylı";"ai_approved";"ollama:qwen2.5-coder:7b";"0.95";"Bunaltıcı";"The clue 'Bunaltıcı' is a common and accurate translation for 'overwhelming' in Turkish.";"";"freedict+kelly+frequencywords"
"C2";"Uyum";"HARMONY";"Noun";"5233";"AI onaylı";"ai_approved";"ollama:qwen2.5-coder:7b";"0.95";"Uyum";"The clue 'Uyum' is a common and accurate translation for 'harmony' in Turkish.";"Ahenk";"freedict+kelly+frequencywords"
"C2";"Keşif";"REVELATION";"Noun";"5240";"AI onaylı";"ai_approved";"ollama:qwen2.5-coder:7b";"0.95";"Keşif";"The clue 'Keşif' is a common and accurate translation for 'revelation' in Turkish.";"İfşa | Vahiy";"freedict+kelly+frequencywords"
"C2";"Planlamak";"ENVISAGE";"Verb";"5241";"AI onaylı";"ai_approved";"ollama:qwen2.5-coder:7b";"0.95";"Planlamak";"The clue 'Planlamak' is a common and accurate translation for 'envision' in Turkish.";"";"freedict+kelly+frequencywords"
"C2";"Korumak";"ADVOCATE";"Verb";"5243";"AI onaylı";"ai_approved";"ollama:qwen2.5-coder:7b";"0.95";"Korumak";"The clue 'Korumak' is a common and accurate translation for 'advocate' in Turkish.";"Savunmak";"freedict+kelly+frequencywords"
"C2";"Başlangıç";"THRESHOLD";"Noun";"5244";"AI onaylı";"ai_approved";"ollama:qwen2.5-coder:7b";"0.95";"Başlangıç";"The clue 'Başlangıç' is a common and accurate translation for 'threshold' in Turkish.";"";"freedict+kelly+frequencywords"
"C2";"İhtimal";"PROBABILITY";"Noun";"5248";"AI onaylı";"ai_approved";"ollama:qwen2.5-coder:7b";"0.95";"İhtimal";"The clue 'İhtimal' is a common and accurate translation for 'probability' in Turkish.";"Olasılık";"freedict+kelly+frequencywords"
"C2";"Dikkatli";"INTENT";"Noun";"5250";"AI onaylı";"ai_approved";"ollama:qwen2.5-coder:7b";"0.95";"Dikkatli";"Cevap ve ipucu uyumlu ve yaygın bir şekilde kullanılmıştır.";"Niyet";"freedict+kelly+frequencywords"
"C2";"Şüpheli";"UNCERTAIN";"Adjective";"5251";"AI onaylı";"ai_approved";"ollama:qwen2.5-coder:7b";"0.95";"Şüpheli";"Cevap ve ipucu uyumlu ve yaygın bir şekilde kullanılmıştır.";"Tereddüt | Değişken | Kararsız | Dönek";"freedict+kelly+frequencywords"
"C2";"Devrimci";"REVOLUTIONARY";"Adjective";"5252";"AI onaylı";"ai_approved";"ollama:qwen2.5-coder:7b";"0.95";"Devrimci";"Cevap ve ipucu uyumlu ve yaygın bir şekilde kullanılmıştır.";"";"freedict+kelly+frequencywords"
"C2";"Bedel";"SUBSTITUTE";"Noun";"5253";"AI onaylı";"ai_approved";"ollama:qwen2.5-coder:7b";"0.95";"Bedel";"Cevap ve ipucu uyumlu ve yaygın bir şekilde kullanılmıştır.";"Vekil";"freedict+kelly+frequencywords"
"C2";"Oturmak";"RESIDE";"Verb";"5254";"AI onaylı";"ai_approved";"ollama:qwen2.5-coder:7b";"0.95";"Oturmak";"Cevap ve ipucu uyumlu ve yaygın bir şekilde kullanılmıştır.";"";"freedict+kelly+frequencywords"
"C2";"Kumaş";"TEXTURE";"Noun";"5257";"AI onaylı";"ai_approved";"ollama:qwen2.5-coder:7b";"0.95";"Kumaş";"Cevap ve ipucu uyumlu ve yaygın bir şekilde kullanılmıştır.";"Dokunuş";"freedict+kelly+frequencywords"
"C2";"Amt";"MEMORIAL";"Noun";"5258";"AI onaylı";"ai_approved";"ollama:qwen2.5-coder:7b";"0.95";"Amt";"Cevap ve ipucu uyumlu ve yaygın bir şekilde kullanılmıştır.";"";"freedict+kelly+frequencywords"
"C2";"Rehabilitasyon";"OCCUPATIONAL";"Adjective";"5260";"AI onaylı";"ai_approved";"ollama:qwen2.5-coder:7b";"0.95";"Rehabilitasyon";"Cevap ve ipucu uyumlu ve yaygın bir şekilde kullanılmıştır.";"";"freedict+kelly+frequencywords"
"C2";"Sonra";"THEREAFTER";"Adverb";"5261";"AI onaylı";"ai_approved";"ollama:qwen2.5-coder:7b";"0.95";"Sonra";"Cevap ve ipucu uyumlu ve yaygın bir şekilde kullanılmıştır.";"";"freedict+kelly+frequencywords"
"C2";"Dayanıklı";"LASTING";"Adjective";"5262";"AI onaylı";"ai_approved";"ollama:qwen2.5-coder:7b";"0.95";"Dayanıklı";"Cevap ve ipucu uyumlu ve yaygın bir şekilde kullanılmıştır.";"Sürme | Dayanma | Beka";"freedict+kelly+frequencywords"
"C2";"Kısım";"FRAGMENT";"Noun";"5266";"AI onaylı";"ai_approved";"ollama:qwen2.5-coder:7b";"0.95";"Kısım";"Cevap ve ipucu uyumlu ve yaygın bir şekilde kullanılmıştır.";"";"freedict+kelly+frequencywords"
"C2";"Sesli";"VOCAL";"Noun";"5267";"AI onaylı";"ai_approved";"ollama:qwen2.5-coder:7b";"0.95";"Sesli";"Cevap ve ipucu uyumlu ve yaygın bir şekilde kullanılmıştır.";"Dokunaklı | Vokal";"freedict+kelly+frequencywords"
"C2";"Karşı";"CONTRARY";"Adjective";"5268";"AI onaylı";"ai_approved";"ollama:qwen2.5-coder:7b";"0.95";"Karşı";"Cevap ve ipucu uyumlu ve yaygın bir şekilde kullanılmıştır.";"Ters | Aksi | Aykırı | Nahoş";"freedict+kelly+frequencywords"
"C2";"Emir";"DICTATE";"Verb";"5270";"AI onaylı";"ai_approved";"ollama:qwen2.5-coder:7b";"0.95";"Emir";"Cevap ve ipucu uyumlu ve yaygın bir şekilde kullanılmıştır.";"";"freedict+kelly+frequencywords"
"C2";"Denizcilik";"NAVIGATE";"Verb";"5271";"AI onaylı";"ai_approved";"ollama:qwen2.5-coder:7b";"0.95";"Denizcilik";"Cevap ve ipucu uyumlu ve yaygın bir şekilde kullanılmıştır.";"";"freedict+kelly+frequencywords"
"C2";"Koruma";"ASYLUM";"Noun";"5273";"AI onaylı";"ai_approved";"ollama:qwen2.5-coder:7b";"0.95";"Koruma";"Cevap ve ipucu uyumlu ve yaygın bir şekilde kullanılmıştır.";"Muhafaza | Yetimhane";"freedict+kelly+frequencywords"
"C2";"Koleksiyoncu";"COLLECTOR";"Noun";"5274";"AI onaylı";"ai_approved";"ollama:qwen2.5-coder:7b";"0.95";"Koleksiyoncu";"Cevap ve ipucu uyumlu ve yaygın bir şekilde kullanılmıştır.";"";"freedict+kelly+frequencywords"
"C2";"Asma";"SUSPENSION";"Noun";"5275";"AI onaylı";"ai_approved";"ollama:qwen2.5-coder:7b";"0.95";"Asma";"Cevap ve ipucu uyumlu ve yaygın bir şekilde kullanılmıştır.";"";"freedict+kelly+frequencywords"
"C2";"Kızdırmak";"PROVOKE";"Verb";"5276";"AI onaylı";"ai_approved";"ollama:qwen2.5-coder:7b";"0.95";"Kızdırmak";"Cevap ve ipucu uyumlu ve yaygın bir şekilde kullanılmıştır.";"";"freedict+kelly+frequencywords"
"C2";"Orta";"MODERATE";"Adjective";"5278";"AI onaylı";"ai_approved";"ollama:qwen2.5-coder:7b";"0.95";"Orta";"Cevap ve ipucu uyumlu ve yaygın bir şekilde kullanılmıştır.";"Ilımlı | Azaltmak | Hafifletmek | Yatıştırmak";"freedict+kelly+frequencywords"
"C2";"Canlandırma";"REFRESHMENT";"Noun";"5279";"AI onaylı";"ai_approved";"ollama:qwen2.5-coder:7b";"0.95";"Canlandırma";"Cevap ve ipucu tam olarak eşleşiyor ve seviye uygun.";"";"freedict+kelly+frequencywords"
"C2";"Toplamak";"ACCUMULATE";"Verb";"5280";"AI onaylı";"ai_approved";"ollama:qwen2.5-coder:7b";"0.95";"Toplamak";"Cevap ve ipucu tam olarak eşleşiyor ve seviye uygun.";"Biriktirmek";"freedict+kelly+frequencywords"
"C2";"Hemen";"PRESENTLY";"Adverb";"5282";"AI onaylı";"ai_approved";"ollama:qwen2.5-coder:7b";"0.95";"Hemen";"Cevap ve ipucu tam olarak eşleşiyor ve seviye uygun.";"Birazdan | Şimdilik | Şimdi";"freedict+kelly+frequencywords"
"C2";"Nam";"FAME";"Noun";"5283";"AI onaylı";"ai_approved";"ollama:qwen2.5-coder:7b";"0.95";"Nam";"Cevap ve ipucu tam olarak eşleşiyor ve seviye uygun.";"Şöhret";"freedict+kelly+frequencywords"
"C2";"Şüphe";"SUSPICION";"Noun";"5285";"AI onaylı";"ai_approved";"ollama:qwen2.5-coder:7b";"0.95";"Şüphe";"Cevap ve ipucu tam olarak eşleşiyor ve seviye uygun.";"Kuşku | İma";"freedict+kelly+frequencywords"
"C2";"Ufuk";"HORIZON";"Noun";"5286";"AI onaylı";"ai_approved";"ollama:qwen2.5-coder:7b";"0.95";"Ufuk";"Cevap ve ipucu tam olarak eşleşiyor ve seviye uygun.";"";"freedict+kelly+frequencywords"
"C2";"Engin";"IMMENSE";"Adjective";"5287";"AI onaylı";"ai_approved";"ollama:qwen2.5-coder:7b";"0.95";"Engin";"Cevap ve ipucu tam olarak eşleşiyor ve seviye uygun.";"";"freedict+kelly+frequencywords"
"C2";"Birlik";"UNITY";"Noun";"5291";"AI onaylı";"ai_approved";"ollama:qwen2.5-coder:7b";"0.95";"Birlik";"Cevap ve ipucu tam olarak eşleşiyor ve seviye uygun.";"Birleşme | İttifak";"freedict+kelly+frequencywords"
"C2";"Olay";"OCCURRENCE";"Noun";"5292";"AI onaylı";"ai_approved";"ollama:qwen2.5-coder:7b";"0.95";"Olay";"Cevap ve ipucu tam olarak eşleşiyor ve seviye uygun.";"Vaka | Oluş";"freedict+kelly+frequencywords"
"C2";"Mücadele";"CONTEST";"Noun";"5295";"AI onaylı";"ai_approved";"ollama:qwen2.5-coder:7b";"0.95";"Mücadele";"Cevap ve ipucu tam olarak eşleşiyor ve seviye uygun.";"Tartışma | İddia | Müsabaka | Münakaşa";"freedict+kelly+frequencywords"
"C2";"Davacı";"PROSECUTION";"Noun";"5296";"AI onaylı";"ai_approved";"ollama:qwen2.5-coder:7b";"0.95";"Davacı";"Cevap ve ipucu tam olarak eşleşiyor ve seviye uygun.";"";"freedict+kelly+frequencywords"
"C2";"Zengin";"WEALTHY";"Adjective";"5297";"AI onaylı";"ai_approved";"ollama:qwen2.5-coder:7b";"0.95";"Zengin";"Cevap ve ipucu tam olarak eşleşiyor ve seviye uygun.";"Varlıklı";"freedict+kelly+frequencywords"
"C2";"Çekmek";"ENDURE";"Verb";"5298";"AI onaylı";"ai_approved";"ollama:qwen2.5-coder:7b";"0.95";"Çekmek";"Cevap ve ipucu tam olarak eşleşiyor ve seviye uygun.";"Kaldırmak | Katlanmak | Dayanmak";"freedict+kelly+frequencywords"
"C2";"İsteksiz";"RELUCTANT";"Adjective";"5300";"AI onaylı";"ai_approved";"ollama:qwen2.5-coder:7b";"0.95";"İsteksiz";"Cevap ve ipucu tam olarak eşleşiyor ve seviye uygun.";"Gönülsüz";"freedict+kelly+frequencywords"
"C2";"Karşılamak";"CORRESPOND";"Verb";"5301";"AI onaylı";"ai_approved";"ollama:qwen2.5-coder:7b";"0.95";"Karşılamak";"Cevap ve ipucu tam olarak eşleşiyor ve seviye uygun.";"Uymak";"freedict+kelly+frequencywords"
"C2";"Karşılık";"COUNTERPART";"Noun";"5302";"AI onaylı";"ai_approved";"ollama:qwen2.5-coder:7b";"0.95";"Karşılık";"Cevap ve ipucu tam olarak eşleşiyor ve seviye uygun.";"Kopya";"freedict+kelly+frequencywords"
"C2";"Hak";"JUSTIFICATION";"Noun";"5303";"AI onaylı";"ai_approved";"ollama:qwen2.5-coder:7b";"0.95";"Hak";"Cevap ve ipucu tam olarak eşleşiyor ve seviye uygun.";"Sebep | Mazeret | İspat";"freedict+kelly+frequencywords"
"C2";"Eksik";"INSUFFICIENT";"Adjective";"5305";"AI onaylı";"ai_approved";"ollama:qwen2.5-coder:7b";"0.95";"Eksik";"Cevap ve ipucu tam olarak eşleşiyor ve seviye uygun.";"Yetersiz";"freedict+kelly+frequencywords"
"C2";"Yakından";"INTIMATE";"Adjective";"5307";"AI onaylı";"ai_approved";"ollama:qwen2.5-coder:7b";"0.95";"Yakından";"Cevap ve ipucu tam olarak eşleşiyor ve seviye uygun.";"İçten | Yürekten | Mahrem | Candan";"freedict+kelly+frequencywords"
"C2";"Bölüm";"SEGMENT";"Noun";"5308";"AI onaylı";"ai_approved";"ollama:qwen2.5-coder:7b";"0.95";"Bölüm";"Cevap ve ipucu tam olarak eşleşiyor ve seviye uygun.";"Parça | Dilim";"freedict+kelly+frequencywords"
"C2";"Doğuştan";"INHERENT";"Adjective";"5311";"AI onaylı";"ai_approved";"ollama:qwen2.5-coder:7b";"0.95";"Doğuştan";"Doğuştan doğrudan ve doğal anlamda 'inherent' kelimesi bulunur.";"";"freedict+kelly+frequencywords"
"C2";"Bitirmek";"TERMINATE";"Verb";"5314";"AI onaylı";"ai_approved";"ollama:qwen2.5-coder:7b";"0.95";"Bitirmek";"Bitirmek anlamında 'terminate' kelimesi yaygın olarak kullanılır.";"Bitmek";"freedict+kelly+frequencywords"
"C2";"Mutluluk";"HAPPINESS";"Noun";"5316";"AI onaylı";"ai_approved";"ollama:qwen2.5-coder:7b";"0.95";"Mutluluk";"Mutluluk anlamında 'happiness' kelimesi yaygın olarak kullanılır.";"Saadet";"freedict+kelly+frequencywords"
"C2";"Acı";"HARSH";"Adjective";"5317";"AI onaylı";"ai_approved";"ollama:qwen2.5-coder:7b";"0.95";"Acı";"Acı anlamında 'harsh' kelimesi yaygın olarak kullanılır.";"Sert | Ters | Kaba | Huysuz";"freedict+kelly+frequencywords"
"C2";"Yıkmak";"DEMOLISH";"Verb";"5318";"AI onaylı";"ai_approved";"ollama:qwen2.5-coder:7b";"0.95";"Yıkmak";"Yıkmak anlamında 'demolish' kelimesi yaygın olarak kullanılır.";"Tahrip";"freedict+kelly+frequencywords"
"C2";"Sadakat";"LOYALTY";"Noun";"5319";"AI onaylı";"ai_approved";"ollama:qwen2.5-coder:7b";"0.95";"Sadakat";"Sadakat anlamında 'loyalty' kelimesi yaygın olarak kullanılır.";"";"freedict+kelly+frequencywords"
"C2";"Ünlü";"CELEBRATED";"Adjective";"5323";"AI onaylı";"ai_approved";"ollama:qwen2.5-coder:7b";"0.95";"Ünlü";"Ünlü anlamında 'celebrated' kelimesi yaygın olarak kullanılır.";"Meşhur | Şöhretli";"freedict+kelly+frequencywords"
"C2";"Konut";"DWELLING";"Noun";"5326";"AI onaylı";"ai_approved";"ollama:qwen2.5-coder:7b";"0.95";"Konut";"Konut anlamında 'dwelling' kelimesi yaygın olarak kullanılır.";"";"freedict+kelly+frequencywords"
"C2";"İsabet";"INCIDENCE";"Noun";"5327";"AI onaylı";"ai_approved";"ollama:qwen2.5-coder:7b";"0.95";"İsabet";"İsabet anlamında 'incidence' kelimesi yaygın olarak kullanılır.";"";"freedict+kelly+frequencywords"
"C2";"Sıra";"SUCCESSION";"Noun";"5328";"AI onaylı";"ai_approved";"ollama:qwen2.5-coder:7b";"0.95";"Sıra";"Sıra anlamında 'succession' kelimesi yaygın olarak kullanılır.";"Dizi";"freedict+kelly+frequencywords"
"C2";"Korumak";"SAFEGUARD";"Verb";"5329";"AI onaylı";"ai_approved";"ollama:qwen2.5-coder:7b";"0.95";"Korumak";"Korumak anlamında 'safeguard' kelimesi yaygın olarak kullanılır.";"Koruma | Muhafız";"freedict+kelly+frequencywords"
"C2";"Giriş";"INTAKE";"Noun";"5333";"AI onaylı";"ai_approved";"ollama:qwen2.5-coder:7b";"0.95";"Giriş";"Giriş anlamında 'intake' kelimesi yaygın olarak kullanılır.";"";"freedict+kelly+frequencywords"
"C2";"İhtimal";"LIKELIHOOD";"Noun";"5337";"AI onaylı";"ai_approved";"ollama:qwen2.5-coder:7b";"0.95";"İhtimal";"İhtimal anlamında 'likelihood' kelimesi yaygın olarak kullanılır.";"Olasılık";"freedict+kelly+frequencywords"
"C2";"Uygun";"TIMELY";"Adjective";"5338";"AI onaylı";"ai_approved";"ollama:qwen2.5-coder:7b";"0.95";"Uygun";"Uygun anlamında 'timely' kelimesi yaygın olarak kullanılır.";"Erken | Vaktinde";"freedict+kelly+frequencywords"
"C2";"Muhteşem";"COSTLY";"Adjective";"5340";"AI onaylı";"ai_approved";"ollama:qwen2.5-coder:7b";"0.95";"Muhteşem";"Muhteşem anlamında 'costly' kelimesi yaygın olarak kullanılır.";"Pahalı | Kıymetli";"freedict+kelly+frequencywords"
"C2";"Tapınak";"TEMPLE";"Noun";"5341";"AI onaylı";"ai_approved";"ollama:qwen2.5-coder:7b";"0.95";"Tapınak";"Tapınak anlamında 'temple' kelimesi yaygın olarak kullanılır.";"";"freedict+kelly+frequencywords"
"C2";"Müdahale";"INTERVENE";"Verb";"5343";"AI onaylı";"ai_approved";"ollama:qwen2.5-coder:7b";"0.95";"Müdahale";"Müdahale anlamında 'intervene' kelimesi yaygın olarak kullanılır.";"Karışmak | Karışma";"freedict+kelly+frequencywords"
"C2";"Hükümet";"REIGN";"Noun";"5345";"AI onaylı";"ai_approved";"ollama:qwen2.5-coder:7b";"0.95";"Hükümet";"Hükümet anlamında 'reign' kelimesi yaygın olarak kullanılır.";"Devir | Asır";"freedict+kelly+frequencywords"
"C2";"Takas";"CLEARANCE";"Noun";"5346";"AI onaylı";"ai_approved";"ollama:qwen2.5-coder:7b";"0.95";"Takas";"Takas anlamında 'clearance' kelimesi yaygın olarak kullanılır.";"Temizleme | Hesaplaşma";"freedict+kelly+frequencywords"
"C2";"Yalan";"INVENTION";"Noun";"5347";"AI onaylı";"ai_approved";"ollama:qwen2.5-coder:7b";"0.95";"Yalan";"Yalan anlamında 'invention' kelimesi yaygın olarak kullanılır.";"İcat | Uydurma | Özellik";"freedict+kelly+frequencywords"
"C2";"Dahi";"GENIUS";"Noun";"5349";"AI onaylı";"ai_approved";"ollama:qwen2.5-coder:7b";"0.95";"Dahi";"The clue 'Dahi' is a common and accurate Turkish word for 'genius'.";"Yetenek | Peri";"freedict+kelly+frequencywords"
"C2";"Müfettiş";"INSPECTOR";"Noun";"5351";"AI onaylı";"ai_approved";"ollama:qwen2.5-coder:7b";"0.95";"Müfettiş";"The clue 'Müfettiş' is a common and accurate Turkish word for 'inspector'.";"";"freedict+kelly+frequencywords"
"C2";"Verici";"DONOR";"Noun";"5353";"AI onaylı";"ai_approved";"ollama:qwen2.5-coder:7b";"0.95";"Verici";"The clue 'Verici' is a common and accurate Turkish word for 'donor'.";"";"freedict+kelly+frequencywords"
"C2";"Kaynak";"FONT";"Noun";"5354";"AI onaylı";"ai_approved";"ollama:qwen2.5-coder:7b";"0.95";"Kaynak";"The clue 'Kaynak' is a common and accurate Turkish word for 'font'.";"";"freedict+kelly+frequencywords"
"C2";"Güvenilir";"AUTHENTIC";"Adjective";"5355";"AI onaylı";"ai_approved";"ollama:qwen2.5-coder:7b";"0.95";"Güvenilir";"The clue 'Güvenilir' is a common and accurate Turkish word for 'authentic'.";"İnanılır";"freedict+kelly+frequencywords"
"C2";"Anlatmak";"ILLUMINATE";"Verb";"5356";"AI onaylı";"ai_approved";"ollama:qwen2.5-coder:7b";"0.95";"Anlatmak";"The clue 'Anlatmak' is a common and accurate Turkish word for 'illuminate'.";"Uyandırmak | Aydınlatmak | Aydınlatma";"freedict+kelly+frequencywords"
"C2";"Yardımcı";"SUBSIDIARY";"Noun";"5357";"AI onaylı";"ai_approved";"ollama:qwen2.5-coder:7b";"0.95";"Yardımcı";"The clue 'Yardımcı' is a common and accurate Turkish word for 'subsidiary'.";"Bağlı | Şube";"freedict+kelly+frequencywords"
"C2";"Uydurmak";"CONFORM";"Verb";"5359";"AI onaylı";"ai_approved";"ollama:qwen2.5-coder:7b";"0.95";"Uydurmak";"The clue 'Uydurmak' is a common and accurate Turkish word for 'conform'.";"";"freedict+kelly+frequencywords"
"C2";"Meşhur";"RENOWNED";"Adjective";"5360";"AI onaylı";"ai_approved";"ollama:qwen2.5-coder:7b";"0.95";"Meşhur";"The clue 'Meşhur' is a common and accurate Turkish word for 'renowned'.";"Şöhretli";"freedict+kelly+frequencywords"
"C2";"Krallık";"REALM";"Noun";"5361";"AI onaylı";"ai_approved";"ollama:qwen2.5-coder:7b";"0.95";"Krallık";"The clue 'Krallık' is a common and accurate Turkish word for 'realm'.";"Diyar | Memleket";"freedict+kelly+frequencywords"
"C2";"Döndürmek";"ROTATE";"Verb";"5362";"AI onaylı";"ai_approved";"ollama:qwen2.5-coder:7b";"0.95";"Döndürmek";"The clue 'Döndürmek' is a common and accurate Turkish word for 'rotate'.";"";"freedict+kelly+frequencywords"
"C2";"Özet";"RESUME";"Verb";"5363";"AI onaylı";"ai_approved";"ollama:qwen2.5-coder:7b";"0.95";"Özet";"The clue 'Özet' is a common and accurate Turkish word for 'resume'.";"";"freedict+kelly+frequencywords"
"C2";"Uzun";"LENGTHY";"Adjective";"5364";"AI onaylı";"ai_approved";"ollama:qwen2.5-coder:7b";"0.95";"Uzun";"The clue 'Uzun' is a common and accurate Turkish word for 'lengthy'.";"";"freedict+kelly+frequencywords"
"C2";"Tahmin";"APPRAISAL";"Noun";"5365";"AI onaylı";"ai_approved";"ollama:qwen2.5-coder:7b";"0.95";"Tahmin";"The clue 'Tahmin' is a common and accurate Turkish word for 'appraisal'.";"";"freedict+kelly+frequencywords"
"C2";"Açmak";"UNCOVER";"Verb";"5366";"AI onaylı";"ai_approved";"ollama:qwen2.5-coder:7b";"0.95";"Açmak";"The clue 'Açmak' is a common and accurate Turkish word for 'uncover'.";"";"freedict+kelly+frequencywords"
"C2";"Zerre";"MOLECULE";"Noun";"5369";"AI onaylı";"ai_approved";"ollama:qwen2.5-coder:7b";"0.95";"Zerre";"The clue 'Zerre' is a common and accurate Turkish word for 'molecule'.";"Molekül";"freedict+kelly+frequencywords"
"C2";"Uygun";"COHERENT";"Adjective";"5371";"AI onaylı";"ai_approved";"ollama:qwen2.5-coder:7b";"0.95";"Uygun";"The clue 'Uygun' is a common and accurate Turkish word for 'coherent'.";"Yapışık";"freedict+kelly+frequencywords"
"C2";"Dünya";"SPHERE";"Noun";"5374";"AI onaylı";"ai_approved";"ollama:qwen2.5-coder:7b";"0.95";"Dünya";"The clue 'Dünya' is a common and accurate Turkish word for 'sphere'.";"Alan | Derece | Sınıf | Saha";"freedict+kelly+frequencywords"
"C2";"Affetmek";"REMIT";"Noun";"5377";"AI onaylı";"ai_approved";"ollama:qwen2.5-coder:7b";"0.95";"Affetmek";"The clue 'Affetmek' is a common and accurate Turkish word for 'remit'.";"Bağışlamak";"freedict+kelly+frequencywords"
"C2";"Araştırma";"SCRUTINY";"Noun";"5378";"AI onaylı";"ai_approved";"ollama:qwen2.5-coder:7b";"0.95";"Araştırma";"The clue 'Araştırma' is a common and accurate Turkish word for 'scrutiny'.";"İnceleme | Tetkik";"freedict+kelly+frequencywords"
"C2";"Yok";"ABSENT";"Adjective";"5379";"AI onaylı";"ai_approved";"ollama:qwen2.5-coder:7b";"0.95";"Yok";"Çeşitli alternatifler mevcut olmasına rağmen, 'yok' en yaygın ve doğru ipucu olarak kabul edilir.";"Çekilmek";"freedict+kelly+frequencywords"
"C2";"Sahil";"STRAND";"Noun";"5380";"AI onaylı";"ai_approved";"ollama:qwen2.5-coder:7b";"0.95";"Sahil";"Çeşitli alternatifler mevcut olmasına rağmen, 'sahil' en yaygın ve doğru ipucu olarak kabul edilir.";"Kenar | Kıyı";"freedict+kelly+frequencywords"
"C2";"Örgüt";"ORGANISM";"Noun";"5381";"AI onaylı";"ai_approved";"ollama:qwen2.5-coder:7b";"0.95";"Örgüt";"Çeşitli alternatifler mevcut olmasına rağmen, 'örögüt' en yaygın ve doğru ipucu olarak kabul edilir.";"Organizma | Oluşum";"freedict+kelly+frequencywords"
"C2";"Son";"DEFINITIVE";"Adjective";"5383";"AI onaylı";"ai_approved";"ollama:qwen2.5-coder:7b";"0.95";"Son";"Çeşitli alternatifler mevcut olmasına rağmen, 'son' en yaygın ve doğru ipucu olarak kabul edilir.";"Kesin | Nihai | Kati";"freedict+kelly+frequencywords"
"C2";"Bırakmak";"OMIT";"Verb";"5384";"AI onaylı";"ai_approved";"ollama:qwen2.5-coder:7b";"0.95";"Bırakmak";"Çeşitli alternatifler mevcut olmasına rağmen, 'bırakmak' en yaygın ve doğru ipucu olarak kabul edilir.";"Yapmamak";"freedict+kelly+frequencywords"
"C2";"Çıkma";"OUTBREAK";"Noun";"5385";"AI onaylı";"ai_approved";"ollama:qwen2.5-coder:7b";"0.95";"Çıkma";"Çeşitli alternatifler mevcut olmasına rağmen, 'çıkmak' en yaygın ve doğru ipucu olarak kabul edilir.";"Patlama | İsyan";"freedict+kelly+frequencywords"
"C2";"Dert";"DISTRESS";"Noun";"5386";"AI onaylı";"ai_approved";"ollama:qwen2.5-coder:7b";"0.95";"Dert";"Çeşitli alternatifler mevcut olmasına rağmen, 'dert' en yaygın ve doğru ipucu olarak kabul edilir.";"Tehlike | Sıkıntı | Üzüntü | Acıklı";"freedict+kelly+frequencywords"
"C2";"Doğruluk";"PRECISION";"Noun";"5387";"AI onaylı";"ai_approved";"ollama:qwen2.5-coder:7b";"0.95";"Doğruluk";"Çeşitli alternatifler mevcut olmasına rağmen, 'doğruluk' en yaygın ve doğru ipucu olarak kabul edilir.";"Dikkat | Kesinlik";"freedict+kelly+frequencywords"
"C2";"Ata";"PREDECESSOR";"Noun";"5389";"AI onaylı";"ai_approved";"ollama:qwen2.5-coder:7b";"0.95";"Ata";"Çeşitli alternatifler mevcut olmasına rağmen, 'ata' en yaygın ve doğru ipucu olarak kabul edilir.";"";"freedict+kelly+frequencywords"
"C2";"Azaltmak";"DIMINISH";"Verb";"5390";"AI onaylı";"ai_approved";"ollama:qwen2.5-coder:7b";"0.95";"Azaltmak";"Çeşitli alternatifler mevcut olmasına rağmen, 'azaltmak' en yaygın ve doğru ipucu olarak kabul edilir.";"";"freedict+kelly+frequencywords"
"C2";"Olumlu";"CONSTRUCTIVE";"Adjective";"5392";"AI onaylı";"ai_approved";"ollama:qwen2.5-coder:7b";"0.95";"Olumlu";"Çeşitli alternatifler mevcut olmasına rağmen, 'olumlu' en yaygın ve doğru ipucu olarak kabul edilir.";"Yapıcı | Yapısal";"freedict+kelly+frequencywords"
"C2";"Örnek";"SPECIMEN";"Noun";"5394";"AI onaylı";"ai_approved";"ollama:qwen2.5-coder:7b";"0.95";"Örnek";"Çeşitli alternatifler mevcut olmasına rağmen, 'örnek' en yaygın ve doğru ipucu olarak kabul edilir.";"Model | Numune | Misal";"freedict+kelly+frequencywords"
"C2";"Koruma";"PRESERVATION";"Noun";"5396";"AI onaylı";"ai_approved";"ollama:qwen2.5-coder:7b";"0.95";"Koruma";"Çeşitli alternatifler mevcut olmasına rağmen, 'koruma' en yaygın ve doğru ipucu olarak kabul edilir.";"Muhafaza | Saklama | Saklanma";"freedict+kelly+frequencywords"
"C2";"Garip";"BIZARRE";"Adjective";"5397";"AI onaylı";"ai_approved";"ollama:qwen2.5-coder:7b";"0.95";"Garip";"Çeşitli alternatifler mevcut olmasına rağmen, 'garip' en yaygın ve doğru ipucu olarak kabul edilir.";"Tuhaf | Acayip | Biçimsiz";"freedict+kelly+frequencywords"
"C2";"Ödeme";"DISCHARGE";"Noun";"5398";"AI onaylı";"ai_approved";"ollama:qwen2.5-coder:7b";"0.95";"Ödeme";"Çeşitli alternatifler mevcut olmasına rağmen, 'ödeme' en yaygın ve doğru ipucu olarak kabul edilir.";"İzin | Çıkarmak | Ödemek | Akıntı";"freedict+kelly+frequencywords"
"C2";"Farklılık";"INEQUALITY";"Noun";"5400";"AI onaylı";"ai_approved";"ollama:qwen2.5-coder:7b";"0.95";"Farklılık";"Çeşitli alternatifler mevcut olmasına rağmen, 'farklılık' en yaygın ve doğru ipucu olarak kabul edilir.";"";"freedict+kelly+frequencywords"
"C2";"Tedbir";"CAUTION";"Noun";"5401";"AI onaylı";"ai_approved";"ollama:qwen2.5-coder:7b";"0.95";"Tedbir";"Çeşitli alternatifler mevcut olmasına rağmen, 'tedbir' en yaygın ve doğru ipucu olarak kabul edilir.";"Uyarmak";"freedict+kelly+frequencywords"
"C2";"Karmaşık";"COMPLICATE";"Verb";"5402";"AI onaylı";"ai_approved";"ollama:qwen2.5-coder:7b";"0.95";"Karmaşık";"Çeşitli alternatifler mevcut olmasına rağmen, 'karmaşık' en yaygın ve doğru ipucu olarak kabul edilir.";"Karıştırmak";"freedict+kelly+frequencywords"
"C2";"Kabul";"CONCESSION";"Noun";"5406";"AI onaylı";"ai_approved";"ollama:qwen2.5-coder:7b";"0.95";"Kabul";"Çeşitli alternatifler mevcut olmasına rağmen, 'kabul' en yaygın ve doğru ipucu olarak kabul edilir.";"Teslim | İtiraf | Ayrıcalık";"freedict+kelly+frequencywords"
"C2";"Varsayım";"HYPOTHESIS";"Noun";"5407";"AI onaylı";"ai_approved";"ollama:qwen2.5-coder:7b";"0.95";"Varsayım";"Çeşitli alternatifler mevcut olmasına rağmen, 'varsayım' en yaygın ve doğru ipucu olarak kabul edilir.";"";"freedict+kelly+frequencywords"
"C2";"Çapraz";"BIAS";"Noun";"5411";"AI onaylı";"ai_approved";"ollama:qwen2.5-coder:7b";"0.95";"Çapraz";"Çapraz, genellikle bir şeyin iki tarafı arasındaki farkları göz ardı ederek gösterdiği bir prensiptir. Bu, genellikle bir şeyin iki tarafı arasındaki farkları göz ardı ederek gösterdiği bir prensiptir.";"Meyilli";"freedict+kelly+frequencywords"
"C2";"Atış";"PROJECTION";"Noun";"5412";"AI onaylı";"ai_approved";"ollama:qwen2.5-coder:7b";"0.95";"Atış";"Atış, genellikle bir şeyin iki tarafı arasındaki farkları göz ardı ederek gösterdiği bir prensiptir. Bu, genellikle bir şeyin iki tarafı arasındaki farkları göz ardı ederek gösterdiği bir prensiptir.";"Atma | Proje | Fırlatma | Tasarı";"freedict+kelly+frequencywords"
"C2";"Mantıklı";"RATIONAL";"Adjective";"5413";"AI onaylı";"ai_approved";"ollama:qwen2.5-coder:7b";"0.95";"Mantıklı";"Mantıklı, genellikle bir şeyin iki tarafı arasındaki farkları göz ardı ederek gösterdiği bir prensiptir. Bu, genellikle bir şeyin iki tarafı arasındaki farkları göz ardı ederek gösterdiği bir prensiptir.";"Akıllı | Makul | Mantıkla";"freedict+kelly+frequencywords"
"C2";"Büyüme";"ENLARGE";"Verb";"5415";"AI onaylı";"ai_approved";"ollama:qwen2.5-coder:7b";"0.95";"Büyüme";"Büyüme, genellikle bir şeyin iki tarafı arasındaki farkları göz ardı ederek gösterdiği bir prensiptir. Bu, genellikle bir şeyin iki tarafı arasındaki farkları göz ardı ederek gösterdiği bir prensiptir.";"Genişletmek";"freedict+kelly+frequencywords"
"C2";"Garip";"EXOTIC";"Adjective";"5418";"AI onaylı";"ai_approved";"ollama:qwen2.5-coder:7b";"0.95";"Garip";"Garip, genellikle bir şeyin iki tarafı arasındaki farkları göz ardı ederek gösterdiği bir prensiptir. Bu, genellikle bir şeyin iki tarafı arasındaki farkları göz ardı ederek gösterdiği bir prensiptir.";"Tuhaf | Harici | Alışılmamış";"freedict+kelly+frequencywords"
"C2";"Fikir";"CONCEPTION";"Noun";"5419";"AI onaylı";"ai_approved";"ollama:qwen2.5-coder:7b";"0.95";"Fikir";"Fikir, genellikle bir şeyin iki tarafı arasındaki farkları göz ardı ederek gösterdiği bir prensiptir. Bu, genellikle bir şeyin iki tarafı arasındaki farkları göz ardı ederek gösterdiği bir prensiptir.";"Düşünce | Kavram";"freedict+kelly+frequencywords"
"C2";"Hükümet";"JURISDICTION";"Noun";"5420";"AI onaylı";"ai_approved";"ollama:qwen2.5-coder:7b";"0.95";"Hükümet";"Hükümet, genellikle bir şeyin iki tarafı arasındaki farkları göz ardı ederek gösterdiği bir prensiptir. Bu, genellikle bir şeyin iki tarafı arasındaki farkları göz ardı ederek gösterdiği bir prensiptir.";"Yetki";"freedict+kelly+frequencywords"
"C2";"Tutmak";"GRASP";"Verb";"5424";"AI onaylı";"ai_approved";"ollama:qwen2.5-coder:7b";"0.95";"Tutmak";"Tutmak, genellikle bir şeyin iki tarafı arasındaki farkları göz ardı ederek gösterdiği bir prensiptir. Bu, genellikle bir şeyin iki tarafı arasındaki farkları göz ardı ederek gösterdiği bir prensiptir.";"Anlamak | Yakalamak | Tutma | İdrak";"freedict+kelly+frequencywords"
"C2";"Kusur";"DEFECT";"Noun";"5425";"AI onaylı";"ai_approved";"ollama:qwen2.5-coder:7b";"0.95";"Kusur";"Kusur, genellikle bir şeyin iki tarafı arasındaki farkları göz ardı ederek gösterdiği bir prensiptir. Bu, genellikle bir şeyin iki tarafı arasındaki farkları göz ardı ederek gösterdiği bir prensiptir.";"Eksiklik | Terketmek";"freedict+kelly+frequencywords"
"C2";"Aralık";"INTERIM";"Adjective";"5426";"AI onaylı";"ai_approved";"ollama:qwen2.5-coder:7b";"0.95";"Aralık";"Aralık, genellikle bir şeyin iki tarafı arasındaki farkları göz ardı ederek gösterdiği bir prensiptir. Bu, genellikle bir şeyin iki tarafı arasındaki farkları göz ardı ederek gösterdiği bir prensiptir.";"";"freedict+kelly+frequencywords"
"C2";"Söz";"DISCOURSE";"Noun";"5428";"AI onaylı";"ai_approved";"ollama:qwen2.5-coder:7b";"0.95";"Söz";"Söz, genellikle bir şeyin iki tarafı arasındaki farkları göz ardı ederek gösterdiği bir prensiptir. Bu, genellikle bir şeyin iki tarafı arasındaki farkları göz ardı ederek gösterdiği bir prensiptir.";"Söylemek | Konuşmak | Makale | Tez";"freedict+kelly+frequencywords"
"C2";"Hareket";"DEED";"Noun";"5430";"AI onaylı";"ai_approved";"ollama:qwen2.5-coder:7b";"0.95";"Hareket";"Hareket, genellikle bir şeyin iki tarafı arasındaki farkları göz ardı ederek gösterdiği bir prensiptir. Bu, genellikle bir şeyin iki tarafı arasındaki farkları göz ardı ederek gösterdiği bir prensiptir.";"Fiil";"freedict+kelly+frequencywords"
"C2";"Birleştirme";"LIAISON";"Noun";"5431";"AI onaylı";"ai_approved";"ollama:qwen2.5-coder:7b";"0.95";"Birleştirme";"Birleştirme, genellikle bir şeyin iki tarafı arasındaki farkları göz ardı ederek gösterdiği bir prensiptir. Bu, genellikle bir şeyin iki tarafı arasındaki farkları göz ardı ederek gösterdiği bir prensiptir.";"İrtibat";"freedict+kelly+frequencywords"
"C2";"Başlangıç";"OUTSET";"Noun";"5433";"AI onaylı";"ai_approved";"ollama:qwen2.5-coder:7b";"0.95";"Başlangıç";"Başlangıç, genellikle bir şeyin iki tarafı arasındaki farkları göz ardı ederek gösterdiği bir prensiptir. Bu, genellikle bir şeyin iki tarafı arasındaki farkları göz ardı ederek gösterdiği bir prensiptir.";"";"freedict+kelly+frequencywords"
"C2";"Teklif";"PROPOSITION";"Noun";"5435";"AI onaylı";"ai_approved";"ollama:qwen2.5-coder:7b";"0.95";"Teklif";"Teklif, genellikle bir şeyin iki tarafı arasındaki farkları göz ardı ederek gösterdiği bir prensiptir. Bu, genellikle bir şeyin iki tarafı arasındaki farkları göz ardı ederek gösterdiği bir prensiptir.";"";"freedict+kelly+frequencywords"
"C2";"Ret";"REFUSAL";"Noun";"5436";"AI onaylı";"ai_approved";"ollama:qwen2.5-coder:7b";"0.95";"Ret";"Ret, genellikle bir şeyin iki tarafı arasındaki farkları göz ardı ederek gösterdiği bir prensiptir. Bu, genellikle bir şeyin iki tarafı arasındaki farkları göz ardı ederek gösterdiği bir prensiptir.";"";"freedict+kelly+frequencywords"
"C2";"İtici";"MOTIVE";"Noun";"5439";"AI onaylı";"ai_approved";"ollama:qwen2.5-coder:7b";"0.95";"İtici";"İtici, genellikle bir şeyin iki tarafı arasındaki farkları göz ardı ederek gösterdiği bir prensiptir. Bu, genellikle bir şeyin iki tarafı arasındaki farkları göz ardı ederek gösterdiği bir prensiptir.";"";"freedict+kelly+frequencywords"
"C2";"Geçirmek";"DISSEMINATE";"Verb";"5445";"AI onaylı";"ai_approved";"ollama:qwen2.5-coder:7b";"0.95";"Geçirmek";"Geçirmek, genellikle bir şeyin iki tarafı arasındaki farkları göz ardı ederek gösterdiği bir prensiptir. Bu, genellikle bir şeyin iki tarafı arasındaki farkları göz ardı ederek gösterdiği bir prensiptir.";"Saçma | Geçme | Yaymak";"freedict+kelly+frequencywords"
"C2";"Liste";"COMPILATION";"Noun";"5446";"AI onaylı";"ai_approved";"ollama:qwen2.5-coder:7b";"0.95";"Liste";"Liste, genellikle bir şeyin iki tarafı arasındaki farkları göz ardı ederek gösterdiği bir prensiptir. Bu, genellikle bir şeyin iki tarafı arasındaki farkları göz ardı ederek gösterdiği bir prensiptir.";"";"freedict+kelly+frequencywords"
"C2";"Yaratıcı";"IMAGINATIVE";"Adjective";"5449";"AI onaylı";"ai_approved";"ollama:qwen2.5-coder:7b";"0.95";"Yaratıcı";"Yaratıcı, genellikle bir şeyin iki tarafı arasındaki farkları göz ardı ederek gösterdiği bir prensiptir. Bu, genellikle bir şeyin iki tarafı arasındaki farkları göz ardı ederek gösterdiği bir prensiptir.";"";"freedict+kelly+frequencywords"
"C2";"Kapı";"PORTAL";"Noun";"5450";"AI onaylı";"ai_approved";"ollama:qwen2.5-coder:7b";"0.95";"Kapı";"Cevap ve ipucu tam olarak eşleşiyor.";"";"freedict+kelly+frequencywords"
"C2";"Muaf";"IMMUNE";"Adjective";"5451";"AI onaylı";"ai_approved";"ollama:qwen2.5-coder:7b";"0.95";"Muaf";"Cevap ve ipucu tam olarak eşleşiyor.";"";"freedict+kelly+frequencywords"
"C2";"Aşikar";"PATENT";"Noun";"5453";"AI onaylı";"ai_approved";"ollama:qwen2.5-coder:7b";"0.95";"Aşikar";"Cevap ve ipucu tam olarak eşleşiyor.";"";"freedict+kelly+frequencywords"
"C2";"Canlı";"EAGER";"Adjective";"5458";"AI onaylı";"ai_approved";"ollama:qwen2.5-coder:7b";"0.95";"Canlı";"Cevap ve ipucu tam olarak eşleşiyor.";"Arzu | İstekli | Hevesli";"freedict+kelly+frequencywords"
"C2";"Değer";"DIGNITY";"Noun";"5459";"AI onaylı";"ai_approved";"ollama:qwen2.5-coder:7b";"0.95";"Değer";"Cevap ve ipucu tam olarak eşleşiyor.";"Derece | Şeref | İtibar | Kadir";"freedict+kelly+frequencywords"
"C2";"Sert";"RIGOROUS";"Adjective";"5462";"AI onaylı";"ai_approved";"ollama:qwen2.5-coder:7b";"0.95";"Sert";"Cevap ve ipucu tam olarak eşleşiyor.";"Şiddetli";"freedict+kelly+frequencywords"
"C2";"Kanıt";"TESTIMONY";"Noun";"5463";"AI onaylı";"ai_approved";"ollama:qwen2.5-coder:7b";"0.95";"Kanıt";"Cevap ve ipucu tam olarak eşleşiyor.";"Şahitlik";"freedict+kelly+frequencywords"
"C2";"Manyetik";"MAGNETIC";"Adjective";"5465";"AI onaylı";"ai_approved";"ollama:qwen2.5-coder:7b";"0.95";"Manyetik";"Cevap ve ipucu tam olarak eşleşiyor.";"";"freedict+kelly+frequencywords"
"C2";"Alıcı";"SENSOR";"Noun";"5468";"AI onaylı";"ai_approved";"ollama:qwen2.5-coder:7b";"0.95";"Alıcı";"Cevap ve ipucu tam olarak eşleşiyor.";"";"freedict+kelly+frequencywords"
"C2";"Tanrı";"ETERNAL";"Adjective";"5469";"AI onaylı";"ai_approved";"ollama:qwen2.5-coder:7b";"0.95";"Tanrı";"Cevap ve ipucu tam olarak eşleşiyor.";"Daima | Ölümsüz | Daimi";"freedict+kelly+frequencywords"
"C2";"Gözle";"OPTICAL";"Adjective";"5472";"AI onaylı";"ai_approved";"ollama:qwen2.5-coder:7b";"0.95";"Gözle";"Cevap ve ipucu tam olarak eşleşiyor.";"";"freedict+kelly+frequencywords"
"C2";"Söylemek";"ARTICULATE";"Verb";"5479";"AI onaylı";"ai_approved";"ollama:qwen2.5-coder:7b";"0.95";"Söylemek";"Cevap ve ipucu tam olarak eşleşiyor.";"";"freedict+kelly+frequencywords"
"C2";"Abd";"SETUP";"Noun";"5482";"AI onaylı";"ai_approved";"ollama:qwen2.5-coder:7b";"0.95";"Abd";"Cevap ve ipucu tam olarak eşleşiyor.";"Duruş | Vaziyet";"freedict+kelly+frequencywords"
"C2";"İlaç";"REMEDY";"Noun";"5484";"AI onaylı";"ai_approved";"ollama:qwen2.5-coder:7b";"0.95";"İlaç";"Cevap ve ipucu tam olarak eşleşiyor.";"Çare | Düzeltmek | Deva";"freedict+kelly+frequencywords"
"C2";"Gömme";"BURIAL";"Noun";"5486";"AI onaylı";"ai_approved";"ollama:qwen2.5-coder:7b";"0.95";"Gömme";"Cevap ve ipucu tam olarak eşleşiyor.";"Defin";"freedict+kelly+frequencywords"
"C2";"Fena";"HARMFUL";"Adjective";"5489";"AI onaylı";"ai_approved";"ollama:qwen2.5-coder:7b";"0.95";"Fena";"Cevap ve ipucu tam olarak eşleşiyor.";"Zararlı";"freedict+kelly+frequencywords"
"C2";"Ulaştırma";"TRANSPORTATION";"Noun";"5491";"AI onaylı";"ai_approved";"ollama:qwen2.5-coder:7b";"0.95";"Ulaştırma";"Cevap ve ipucu tam olarak eşleşiyor.";"";"freedict+kelly+frequencywords"
"C2";"Muhasebeci";"CONTROLLER";"Noun";"5492";"AI onaylı";"ai_approved";"ollama:qwen2.5-coder:7b";"0.95";"Muhasebeci";"Cevap ve ipucu tam olarak eşleşiyor.";"";"freedict+kelly+frequencywords"
"C2";"Tutmak";"UPHOLD";"Verb";"5494";"AI onaylı";"ai_approved";"ollama:qwen2.5-coder:7b";"0.95";"Tutmak";"Cevap ve ipucu tam olarak eşleşiyor.";"Desteklemek | Onaylamak";"freedict+kelly+frequencywords"
"C2";"Müsaade";"TOLERANCE";"Noun";"5497";"AI onaylı";"ai_approved";"ollama:qwen2.5-coder:7b";"0.95";"Müsaade";"Cevap ve ipucu tam olarak eşleşiyor.";"Tahammül | Müsamaha";"freedict+kelly+frequencywords"
"C2";"Zarar";"DEFICIT";"Noun";"5499";"AI onaylı";"ai_approved";"ollama:qwen2.5-coder:7b";"0.95";"Zarar";"Zarar ve defektif, aynı anlamda kullanılan iki farklı kelime.";"";"freedict+kelly+frequencywords"
"C2";"Gelişme";"FLOURISH";"Verb";"5500";"AI onaylı";"ai_approved";"ollama:qwen2.5-coder:7b";"0.95";"Gelişme";"Gelişme ve Flourish, aynı anlamda kullanılan iki farklı kelime.";"Büyümek | Sallamak | Gösteriş | Süs";"freedict+kelly+frequencywords"
"C2";"Prototip";"PROTOTYPE";"Noun";"5501";"AI onaylı";"ai_approved";"ollama:qwen2.5-coder:7b";"0.95";"Prototip";"Prototip ve prototype, aynı anlamda kullanılan iki farklı kelime.";"";"freedict+kelly+frequencywords"
"C2";"Yapmamak";"NEGLECT";"Verb";"5502";"AI onaylı";"ai_approved";"ollama:qwen2.5-coder:7b";"0.95";"Yapmamak";"Yapmamak ve Neglect, aynı anlamda kullanılan iki farklı kelime.";"İhmal";"freedict+kelly+frequencywords"
"C2";"Duruş";"STANCE";"Noun";"5505";"AI onaylı";"ai_approved";"ollama:qwen2.5-coder:7b";"0.95";"Duruş";"Duruş ve Stance, aynı anlamda kullanılan iki farklı kelime.";"Tutum";"freedict+kelly+frequencywords"
"C2";"Süre";"SPAN";"Noun";"5507";"AI onaylı";"ai_approved";"ollama:qwen2.5-coder:7b";"0.95";"Süre";"Süre ve Span, aynı anlamda kullanılan iki farklı kelime.";"Zincir | Bağlamak";"freedict+kelly+frequencywords"
"C2";"Gerekli";"MANDATORY";"Adjective";"5508";"AI onaylı";"ai_approved";"ollama:qwen2.5-coder:7b";"0.95";"Gerekli";"Gerekli ve Mandatory, aynı anlamda kullanılan iki farklı kelime.";"Zorunlu | Vekil";"freedict+kelly+frequencywords"
"C2";"Saldırmak";"INVADE";"Verb";"5511";"AI onaylı";"ai_approved";"ollama:qwen2.5-coder:7b";"0.95";"Saldırmak";"Saldırmak ve invade, aynı anlamda kullanılan iki farklı kelime.";"";"freedict+kelly+frequencywords"
"C2";"Vermek";"LODGE";"Verb";"5513";"AI onaylı";"ai_approved";"ollama:qwen2.5-coder:7b";"0.95";"Vermek";"Vermek ve Lodge, aynı anlamda kullanılan iki farklı kelime.";"Yerleştirmek | Kiracı | Loca";"freedict+kelly+frequencywords"
"C2";"Göçmen";"IMMIGRANT";"Noun";"5516";"AI onaylı";"ai_approved";"ollama:qwen2.5-coder:7b";"0.95";"Göçmen";"Göçmen ve Immigrant, aynı anlamda kullanılan iki farklı kelime.";"";"freedict+kelly+frequencywords"
"C2";"Destansı";"EPIC";"Noun";"5517";"AI onaylı";"ai_approved";"ollama:qwen2.5-coder:7b";"0.95";"Destansı";"Destansı ve Epic, aynı anlamda kullanılan iki farklı kelime.";"Destan";"freedict+kelly+frequencywords"
"C2";"Yer";"LOCALITY";"Noun";"5521";"AI onaylı";"ai_approved";"ollama:qwen2.5-coder:7b";"0.95";"Yer";"Yer ve Locality, aynı anlamda kullanılan iki farklı kelime.";"Mekan | Mahal | Mevki";"freedict+kelly+frequencywords"
"C2";"Rahim";"MATRIX";"Noun";"5524";"AI onaylı";"ai_approved";"ollama:qwen2.5-coder:7b";"0.95";"Rahim";"Rahim ve Matrix, aynı anlamda kullanılan iki farklı kelime.";"";"freedict+kelly+frequencywords"
"C2";"Vurucu";"STRIKER";"Noun";"5525";"AI onaylı";"ai_approved";"ollama:qwen2.5-coder:7b";"0.95";"Vurucu";"Vurucu ve Striker, aynı anlamda kullanılan iki farklı kelime.";"";"freedict+kelly+frequencywords"
"C2";"Rica";"PETITION";"Noun";"5526";"AI onaylı";"ai_approved";"ollama:qwen2.5-coder:7b";"0.95";"Rica";"Rica ve Petition, aynı anlamda kullanılan iki farklı kelime.";"Dua | Dilek | Dilemek";"freedict+kelly+frequencywords"
"C2";"Kurgu";"SPECULATION";"Noun";"5527";"AI onaylı";"ai_approved";"ollama:qwen2.5-coder:7b";"0.95";"Kurgu";"Kurgu ve Speculation, aynı anlamda kullanılan iki farklı kelime.";"Spekülasyon";"freedict+kelly+frequencywords"
"C2";"Çevirmek";"DIVERT";"Verb";"5528";"AI onaylı";"ai_approved";"ollama:qwen2.5-coder:7b";"0.95";"Çevirmek";"Çevirmek ve Divert, aynı anlamda kullanılan iki farklı kelime.";"Oyalamak";"freedict+kelly+frequencywords"
"C2";"Sığınak";"RETREAT";"Noun";"5534";"AI onaylı";"ai_approved";"ollama:qwen2.5-coder:7b";"0.95";"Sığınak";"Sığınak ve Retreat, aynı anlamda kullanılan iki farklı kelime.";"Çekilmek | Tımarhane";"freedict+kelly+frequencywords"
"C2";"Mükemmel";"DIVINE";"Adjective";"5535";"AI onaylı";"ai_approved";"ollama:qwen2.5-coder:7b";"0.95";"Mükemmel";"Mükemmel ve Divine, aynı anlamda kullanılan iki farklı kelime.";"Kutsal | Rahip | Fevkalade | Hissetmek";"freedict+kelly+frequencywords"
"C2";"Son";"CULMINATE";"Verb";"5536";"AI onaylı";"ai_approved";"ollama:qwen2.5-coder:7b";"0.95";"Son";"Son ve Culminate, aynı anlamda kullanılan iki farklı kelime.";"Bitmek";"freedict+kelly+frequencywords"
"C2";"Patika";"FOOTPATH";"Noun";"5538";"AI onaylı";"ai_approved";"ollama:qwen2.5-coder:7b";"0.95";"Patika";"Cevap ve ipucu tam olarak eşleşiyor ve seviye uygun.";"";"freedict+kelly+frequencywords"
"C2";"Görünmez";"INVISIBLE";"Adjective";"5541";"AI onaylı";"ai_approved";"ollama:qwen2.5-coder:7b";"0.95";"Görünmez";"Cevap ve ipucu tam olarak eşleşiyor ve seviye uygun.";"Görülmez";"freedict+kelly+frequencywords"
"C2";"Mükemmel";"NOBLE";"Adjective";"5544";"AI onaylı";"ai_approved";"ollama:qwen2.5-coder:7b";"0.95";"Mükemmel";"Cevap ve ipucu tam olarak eşleşiyor ve seviye uygun.";"Yüce | Asil | Ulu | Soylu";"freedict+kelly+frequencywords"
"C2";"Tez";"DISSERTATION";"Noun";"5545";"AI onaylı";"ai_approved";"ollama:qwen2.5-coder:7b";"0.95";"Tez";"Cevap ve ipucu tam olarak eşleşiyor ve seviye uygun.";"";"freedict+kelly+frequencywords"
"C2";"Genişletmek";"BROADEN";"Verb";"5547";"AI onaylı";"ai_approved";"ollama:qwen2.5-coder:7b";"0.95";"Genişletmek";"Cevap ve ipucu tam olarak eşleşiyor ve seviye uygun.";"";"freedict+kelly+frequencywords"
"C2";"Sevimli";"WINNING";"Adjective";"5548";"AI onaylı";"ai_approved";"ollama:qwen2.5-coder:7b";"0.95";"Sevimli";"Cevap ve ipucu tam olarak eşleşiyor ve seviye uygun.";"Kazanan | Alıcı | Kazanma | Galip";"freedict+kelly+frequencywords"
"C2";"Ata";"ANCESTOR";"Noun";"5549";"AI onaylı";"ai_approved";"ollama:qwen2.5-coder:7b";"0.95";"Ata";"Cevap ve ipucu tam olarak eşleşiyor ve seviye uygun.";"Asalet";"freedict+kelly+frequencywords"
"C2";"Açmak";"DISSOLVE";"Verb";"5550";"AI onaylı";"ai_approved";"ollama:qwen2.5-coder:7b";"0.95";"Açmak";"Cevap ve ipucu tam olarak eşleşiyor ve seviye uygun.";"Çözmek | Halletmek | Dağıtmak";"freedict+kelly+frequencywords"
"C2";"Muhakeme";"REASONING";"Noun";"5552";"AI onaylı";"ai_approved";"ollama:qwen2.5-coder:7b";"0.95";"Muhakeme";"Cevap ve ipucu tam olarak eşleşiyor ve seviye uygun.";"";"freedict+kelly+frequencywords"
"C2";"Saklamak";"CONCEAL";"Verb";"5554";"AI onaylı";"ai_approved";"ollama:qwen2.5-coder:7b";"0.95";"Saklamak";"Cevap ve ipucu tam olarak eşleşiyor ve seviye uygun.";"Gizlemek | Gizlenmiş | Saklama";"freedict+kelly+frequencywords"
"C2";"Kalmak";"PERSIST";"Verb";"5555";"AI onaylı";"ai_approved";"ollama:qwen2.5-coder:7b";"0.95";"Kalmak";"Cevap ve ipucu tam olarak eşleşiyor ve seviye uygun.";"İnatçı";"freedict+kelly+frequencywords"
"C2";"Özür";"ALLEGATION";"Noun";"5558";"AI onaylı";"ai_approved";"ollama:qwen2.5-coder:7b";"0.95";"Özür";"Cevap ve ipucu tam olarak eşleşiyor ve seviye uygun.";"Söz | Bahane | Mazeret | İddia";"freedict+kelly+frequencywords"
"C2";"Vitrin";"SHOWCASE";"Noun";"5560";"AI onaylı";"ai_approved";"ollama:qwen2.5-coder:7b";"0.95";"Vitrin";"Cevap ve ipucu tam olarak eşleşiyor ve seviye uygun.";"";"freedict+kelly+frequencywords"
"C2";"Sonda";"SEEKER";"Noun";"5562";"AI onaylı";"ai_approved";"ollama:qwen2.5-coder:7b";"0.95";"Sonda";"Cevap ve ipucu tam olarak eşleşiyor ve seviye uygun.";"";"freedict+kelly+frequencywords"
"C2";"Çok";"AMPLE";"Adjective";"5563";"AI onaylı";"ai_approved";"ollama:qwen2.5-coder:7b";"0.95";"Çok";"Cevap ve ipucu tam olarak eşleşiyor ve seviye uygun.";"Büyük | Bol | Geniş";"freedict+kelly+frequencywords"
"C2";"Refah";"PROSPERITY";"Noun";"5568";"AI onaylı";"ai_approved";"ollama:qwen2.5-coder:7b";"0.95";"Refah";"Cevap ve ipucu tam olarak eşleşiyor ve seviye uygun.";"Saadet";"freedict+kelly+frequencywords"
"C2";"Birleştirmek";"CONSOLIDATE";"Verb";"5569";"AI onaylı";"ai_approved";"ollama:qwen2.5-coder:7b";"0.95";"Birleştirmek";"Cevap ve ipucu tam olarak eşleşiyor ve seviye uygun.";"Birleşmek";"freedict+kelly+frequencywords"
"C2";"Katlanmak";"TOLERATE";"Verb";"5571";"AI onaylı";"ai_approved";"ollama:qwen2.5-coder:7b";"0.95";"Katlanmak";"Cevap ve ipucu tam olarak eşleşiyor ve seviye uygun.";"";"freedict+kelly+frequencywords"
"C2";"Çıkmak";"DETACH";"Verb";"5573";"AI onaylı";"ai_approved";"ollama:qwen2.5-coder:7b";"0.95";"Çıkmak";"Cevap ve ipucu tam olarak eşleşiyor ve seviye uygun.";"Çıkarmak | Çözmek | Ayırmak | Çıkarma";"freedict+kelly+frequencywords"
"C2";"Kazançlı";"PROFITABLE";"Adjective";"5576";"AI onaylı";"ai_approved";"ollama:qwen2.5-coder:7b";"0.95";"Kazançlı";"Cevap ve ipucu tam olarak eşleşiyor ve seviye uygun.";"";"freedict+kelly+frequencywords"
"C2";"Güzel";"PICTURESQUE";"Adjective";"5579";"AI onaylı";"ai_approved";"ollama:qwen2.5-coder:7b";"0.95";"Güzel";"Sözcük ve ipucu uyumlu, yaygın ve doğru.";"Canlı | Etkili | Güzellik | Renkli";"freedict+kelly+frequencywords"
"C2";"Açmak";"UNVEIL";"Verb";"5581";"AI onaylı";"ai_approved";"ollama:qwen2.5-coder:7b";"0.95";"Açmak";"Sözcük ve ipucu uyumlu, yaygın ve doğru.";"";"freedict+kelly+frequencywords"
"C2";"Yatay";"HORIZONTAL";"Adjective";"5583";"AI onaylı";"ai_approved";"ollama:qwen2.5-coder:7b";"0.95";"Yatay";"Sözcük ve ipucu uyumlu, yaygın ve doğru.";"";"freedict+kelly+frequencywords"
"C2";"Sıkıntı";"DISTURBANCE";"Noun";"5585";"AI onaylı";"ai_approved";"ollama:qwen2.5-coder:7b";"0.95";"Sıkıntı";"Sözcük ve ipucu uyumlu, yaygın ve doğru.";"Rahatsızlık | Karışıklık";"freedict+kelly+frequencywords"
"C2";"Manzara";"OUTLOOK";"Noun";"5586";"AI onaylı";"ai_approved";"ollama:qwen2.5-coder:7b";"0.95";"Manzara";"Sözcük ve ipucu uyumlu, yaygın ve doğru.";"Görünüş";"freedict+kelly+frequencywords"
"C2";"Servet";"ABUNDANCE";"Noun";"5587";"AI onaylı";"ai_approved";"ollama:qwen2.5-coder:7b";"0.95";"Servet";"Sözcük ve ipucu uyumlu, yaygın ve doğru.";"Bereket | Bolluk";"freedict+kelly+frequencywords"
"C2";"Sonsuz";"UNLIMITED";"Adjective";"5589";"AI onaylı";"ai_approved";"ollama:qwen2.5-coder:7b";"0.95";"Sonsuz";"Sözcük ve ipucu uyumlu, yaygın ve doğru.";"Sayısız | Sınırsız | Kayıtsız | Şartsız";"freedict+kelly+frequencywords"
"C2";"Canlandırmak";"REVIVE";"Verb";"5594";"AI onaylı";"ai_approved";"ollama:qwen2.5-coder:7b";"0.95";"Canlandırmak";"Sözcük ve ipucu uyumlu, yaygın ve doğru.";"";"freedict+kelly+frequencywords"
"C2";"Ayırmak";"DIFFERENTIATE";"Verb";"5597";"AI onaylı";"ai_approved";"ollama:qwen2.5-coder:7b";"0.95";"Ayırmak";"Sözcük ve ipucu uyumlu, yaygın ve doğru.";"Temyiz";"freedict+kelly+frequencywords"
"C2";"Durdurmak";"SUPPRESS";"Verb";"5598";"AI onaylı";"ai_approved";"ollama:qwen2.5-coder:7b";"0.95";"Durdurmak";"Sözcük ve ipucu uyumlu, yaygın ve doğru.";"Saklamak | Önlemek | Tutan | Tutma";"freedict+kelly+frequencywords"
"C2";"Çıkmaz";"DILEMMA";"Noun";"5601";"AI onaylı";"ai_approved";"ollama:qwen2.5-coder:7b";"0.95";"Çıkmaz";"Sözcük ve ipucu uyumlu, yaygın ve doğru.";"";"freedict+kelly+frequencywords"
"C2";"Yeni";"UNPRECEDENTED";"Adjective";"5602";"AI onaylı";"ai_approved";"ollama:qwen2.5-coder:7b";"0.95";"Yeni";"Sözcük ve ipucu uyumlu, yaygın ve doğru.";"";"freedict+kelly+frequencywords"
"C2";"Vermek";"CONCEDE";"Verb";"5605";"AI onaylı";"ai_approved";"ollama:qwen2.5-coder:7b";"0.95";"Vermek";"Sözcük ve ipucu uyumlu, yaygın ve doğru.";"Bırakmak";"freedict+kelly+frequencywords"
"C2";"Yiyecek";"NUTRITION";"Noun";"5606";"AI onaylı";"ai_approved";"ollama:qwen2.5-coder:7b";"0.95";"Yiyecek";"Sözcük ve ipucu uyumlu, yaygın ve doğru.";"Gıda | Besleme | Besleyici";"freedict+kelly+frequencywords"
"C2";"Açıklamak";"UNFOLD";"Verb";"5609";"AI onaylı";"ai_approved";"ollama:qwen2.5-coder:7b";"0.95";"Açıklamak";"Sözcük ve ipucu uyumlu, yaygın ve doğru.";"Yaymak | Açılmak";"freedict+kelly+frequencywords"
"C2";"Kopya";"TRANSCRIPT";"Noun";"5612";"AI onaylı";"ai_approved";"ollama:qwen2.5-coder:7b";"0.95";"Kopya";"Sözcük ve ipucu uyumlu, yaygın ve doğru.";"";"freedict+kelly+frequencywords"
"C2";"Dokunma";"INTERFERENCE";"Noun";"5615";"AI onaylı";"ai_approved";"ollama:qwen2.5-coder:7b";"0.95";"Dokunma";"Sözcük ve ipucu uyumlu, yaygın ve doğru.";"Karışma | Karışım";"freedict+kelly+frequencywords"
"C2";"Arz";"BREADTH";"Noun";"5617";"AI onaylı";"ai_approved";"ollama:qwen2.5-coder:7b";"0.95";"Arz";"Sözcük ve ipucu uyumlu, yaygın ve doğru.";"";"freedict+kelly+frequencywords"
"C2";"Kaldırmak";"ABOLISH";"Verb";"5619";"AI onaylı";"ai_approved";"ollama:qwen2.5-coder:7b";"0.95";"Kaldırmak";"Sözcük ve ipucu uyumlu, yaygın ve doğru.";"Bozmak";"freedict+kelly+frequencywords"
"C2";"Fizik";"PHYSICS";"Noun";"5628";"AI onaylı";"ai_approved";"ollama:qwen2.5-coder:7b";"0.95";"Fizik";"Sözcük ve ipucu uyumlu, yaygın ve doğru.";"";"freedict+kelly+frequencywords"
"C2";"Mekanik";"MECHANIC";"Noun";"5631";"AI onaylı";"ai_approved";"ollama:qwen2.5-coder:7b";"0.95";"Mekanik";"Cevap ve ipucu tam olarak eşleşiyor.";"Makinist";"freedict+kelly+frequencywords"
"C2";"Güç";"ROD";"Noun";"5635";"AI onaylı";"ai_approved";"ollama:qwen2.5-coder:7b";"0.95";"Güç";"Cevap ve ipucu tam olarak eşleşiyor.";"Ceza | Çubuk | Asa | Değnek";"freedict+kelly+frequencywords"
"C2";"Ödemek";"TAB";"Noun";"5636";"AI onaylı";"ai_approved";"ollama:qwen2.5-coder:7b";"0.95";"Ödemek";"Cevap ve ipucu tam olarak eşleşiyor.";"Etiket | Şerit | Askı | Kayış";"freedict+kelly+frequencywords"
"C2";"Aziz";"SAINT";"Noun";"5638";"AI onaylı";"ai_approved";"ollama:qwen2.5-coder:7b";"0.95";"Aziz";"Cevap ve ipucu tam olarak eşleşiyor.";"Eren";"freedict+kelly+frequencywords"
"C2";"Kısım";"SNACK";"Noun";"5641";"AI onaylı";"ai_approved";"ollama:qwen2.5-coder:7b";"0.95";"Kısım";"Cevap ve ipucu tam olarak eşleşiyor.";"Hisse | Lokma | Pay";"freedict+kelly+frequencywords"
"C2";"Destek";"BRACKET";"Noun";"5642";"AI onaylı";"ai_approved";"ollama:qwen2.5-coder:7b";"0.95";"Destek";"Cevap ve ipucu tam olarak eşleşiyor.";"Dirsek";"freedict+kelly+frequencywords"
"C2";"Hastalık";"SICKNESS";"Noun";"5645";"AI onaylı";"ai_approved";"ollama:qwen2.5-coder:7b";"0.95";"Hastalık";"Cevap ve ipucu tam olarak eşleşiyor.";"Kusma";"freedict+kelly+frequencywords"
"C2";"Sınır";"PALE";"Adjective";"5647";"AI onaylı";"ai_approved";"ollama:qwen2.5-coder:7b";"0.95";"Sınır";"Cevap ve ipucu tam olarak eşleşiyor.";"Yetki | Solgun | Renksiz";"freedict+kelly+frequencywords"
"C2";"Yuva";"NEST";"Noun";"5649";"AI onaylı";"ai_approved";"ollama:qwen2.5-coder:7b";"0.95";"Yuva";"Cevap ve ipucu tam olarak eşleşiyor.";"";"freedict+kelly+frequencywords"
"C2";"İstemek";"SUE";"Verb";"5650";"AI onaylı";"ai_approved";"ollama:qwen2.5-coder:7b";"0.95";"İstemek";"Cevap ve ipucu tam olarak eşleşiyor.";"Yalvarmak";"freedict+kelly+frequencywords"
"C2";"Portekizce";"PORTUGUESE";"Adjective";"5656";"AI onaylı";"ai_approved";"ollama:qwen2.5-coder:7b";"0.95";"Portekizce";"Cevap ve ipucu tam olarak eşleşiyor.";"";"freedict+kelly+frequencywords"
"C2";"Alışveriş";"DEALINGS";"Noun";"5657";"AI onaylı";"ai_approved";"ollama:qwen2.5-coder:7b";"0.95";"Alışveriş";"Cevap ve ipucu tam olarak eşleşiyor.";"Muamele | Alaka";"freedict+kelly+frequencywords"
"C2";"Kumsal";"SANDY";"Adjective";"5658";"AI onaylı";"ai_approved";"ollama:qwen2.5-coder:7b";"0.95";"Kumsal";"Cevap ve ipucu tam olarak eşleşiyor.";"Kumlu";"freedict+kelly+frequencywords"
"C2";"Baş";"COMMANDER";"Noun";"5660";"AI onaylı";"ai_approved";"ollama:qwen2.5-coder:7b";"0.95";"Baş";"Cevap ve ipucu tam olarak eşleşiyor.";"Komutan | Kumandan | Önder";"freedict+kelly+frequencywords"
"C2";"Hareket";"GESTURE";"Noun";"5661";"AI onaylı";"ai_approved";"ollama:qwen2.5-coder:7b";"0.95";"Hareket";"Cevap ve ipucu tam olarak eşleşiyor.";"Jest";"freedict+kelly+frequencywords"
"C2";"Karikatür";"CARTOON";"Noun";"5664";"AI onaylı";"ai_approved";"ollama:qwen2.5-coder:7b";"0.95";"Karikatür";"Cevap ve ipucu tam olarak eşleşiyor.";"";"freedict+kelly+frequencywords"
"C2";"Ressam";"PAINTER";"Noun";"5669";"AI onaylı";"ai_approved";"ollama:qwen2.5-coder:7b";"0.95";"Ressam";"Cevap ve ipucu tam olarak eşleşiyor.";"";"freedict+kelly+frequencywords"
"C2";"Yudum";"SWALLOW";"Verb";"5670";"AI onaylı";"ai_approved";"ollama:qwen2.5-coder:7b";"0.95";"Yudum";"Cevap ve ipucu tam olarak eşleşiyor.";"Emmek | Yutmak";"freedict+kelly+frequencywords"
"C2";"Yalan";"ILLUSION";"Noun";"5671";"AI onaylı";"ai_approved";"ollama:qwen2.5-coder:7b";"0.95";"Yalan";"Cevap ve ipucu tam olarak eşleşiyor.";"Hayal | Hata | Hile";"freedict+kelly+frequencywords"
"C2";"Alıcı";"RECEIVER";"Noun";"5673";"AI onaylı";"ai_approved";"ollama:qwen2.5-coder:7b";"0.95";"Alıcı";"Cevap ve ipucu tam olarak eşleşiyor.";"";"freedict+kelly+frequencywords"
"C2";"Düşünmek";"DELIBERATE";"Adjective";"5674";"AI onaylı";"ai_approved";"ollama:qwen2.5-coder:7b";"0.95";"Düşünmek";"Cevap ve ipucu tam olarak eşleşiyor ve seviye uygun.";"Tartışma | Düşünerek | Düşünen | Düşünceli";"freedict+kelly+frequencywords"
"C2";"Baca";"STACK";"Verb";"5675";"AI onaylı";"ai_approved";"ollama:qwen2.5-coder:7b";"0.95";"Baca";"Cevap ve ipucu tam olarak eşleşiyor ve seviye uygun.";"";"freedict+kelly+frequencywords"
"C2";"Havai";"AERIAL";"Adjective";"5677";"AI onaylı";"ai_approved";"ollama:qwen2.5-coder:7b";"0.95";"Havai";"Cevap ve ipucu tam olarak eşleşiyor ve seviye uygun.";"Görülmez";"freedict+kelly+frequencywords"
"C2";"Elinde";"MERCY";"Noun";"5679";"AI onaylı";"ai_approved";"ollama:qwen2.5-coder:7b";"0.95";"Elinde";"Cevap ve ipucu tam olarak eşleşiyor ve seviye uygun.";"Merhamet | Lütuf | Bereket | Rahmet";"freedict+kelly+frequencywords"
"C2";"Aydınlık";"SHAFT";"Noun";"5684";"AI onaylı";"ai_approved";"ollama:qwen2.5-coder:7b";"0.95";"Aydınlık";"Cevap ve ipucu tam olarak eşleşiyor ve seviye uygun.";"Kollu";"freedict+kelly+frequencywords"
"C2";"Acı";"CUTTING";"Noun";"5685";"AI onaylı";"ai_approved";"ollama:qwen2.5-coder:7b";"0.95";"Acı";"Cevap ve ipucu tam olarak eşleşiyor ve seviye uygun.";"Keskin | Kesme | Dondurucu";"freedict+kelly+frequencywords"
"C2";"Boya";"STAIN";"Verb";"5687";"AI onaylı";"ai_approved";"ollama:qwen2.5-coder:7b";"0.95";"Boya";"Cevap ve ipucu tam olarak eşleşiyor ve seviye uygun.";"Leke";"freedict+kelly+frequencywords"
"C2";"Fikir";"WIT";"Noun";"5688";"AI onaylı";"ai_approved";"ollama:qwen2.5-coder:7b";"0.95";"Fikir";"Cevap ve ipucu tam olarak eşleşiyor ve seviye uygun.";"You | Akıl | Duygu | Anlayış";"freedict+kelly+frequencywords"
"C2";"Alüminyum";"ALUMINIUM";"Noun";"5689";"AI onaylı";"ai_approved";"ollama:qwen2.5-coder:7b";"0.95";"Alüminyum";"Cevap ve ipucu tam olarak eşleşiyor ve seviye uygun.";"";"freedict+kelly+frequencywords"
"C2";"Kılıç";"BLADE";"Noun";"5690";"AI onaylı";"ai_approved";"ollama:qwen2.5-coder:7b";"0.95";"Kılıç";"Cevap ve ipucu tam olarak eşleşiyor ve seviye uygun.";"Delikanlı";"freedict+kelly+frequencywords"
"C2";"Atmak";"DISCARD";"Verb";"5692";"AI onaylı";"ai_approved";"ollama:qwen2.5-coder:7b";"0.95";"Atmak";"Cevap ve ipucu tam olarak eşleşiyor ve seviye uygun.";"Çıkarma | Atma | Kovmak";"freedict+kelly+frequencywords"
"C2";"Açık";"NAKED";"Adjective";"5693";"AI onaylı";"ai_approved";"ollama:qwen2.5-coder:7b";"0.95";"Açık";"Cevap ve ipucu tam olarak eşleşiyor ve seviye uygun.";"Çıplak | Kuru | Çaresiz | Sade";"freedict+kelly+frequencywords"
"C2";"Son";"HEEL";"Noun";"5695";"AI onaylı";"ai_approved";"ollama:qwen2.5-coder:7b";"0.95";"Son";"Cevap ve ipucu tam olarak eşleşiyor ve seviye uygun.";"Arka | Peşinde | Topuk | Art";"freedict+kelly+frequencywords"
"C2";"Vitamin";"VITAMIN";"Noun";"5696";"AI onaylı";"ai_approved";"ollama:qwen2.5-coder:7b";"0.95";"Vitamin";"Cevap ve ipucu tam olarak eşleşiyor ve seviye uygun.";"";"freedict+kelly+frequencywords"
"C2";"Yönetici";"RULER";"Noun";"5697";"AI onaylı";"ai_approved";"ollama:qwen2.5-coder:7b";"0.95";"Yönetici";"Cevap ve ipucu tam olarak eşleşiyor ve seviye uygun.";"Amir | Hükümdar";"freedict+kelly+frequencywords"
"C2";"Toplama";"RALLY";"Noun";"5700";"AI onaylı";"ai_approved";"ollama:qwen2.5-coder:7b";"0.95";"Toplama";"Cevap ve ipucu tam olarak eşleşiyor ve seviye uygun.";"Takılmak | Toplanma | Canlandırmak | Yükselmek";"freedict+kelly+frequencywords"
"C2";"Tanrı";"LORD";"Noun";"5704";"AI onaylı";"ai_approved";"ollama:qwen2.5-coder:7b";"0.95";"Tanrı";"Cevap ve ipucu tam olarak eşleşiyor ve seviye uygun.";"Sahip | Allah | Efendi | Hakim";"freedict+kelly+frequencywords"
"C2";"Kulübe";"CABIN";"Noun";"5705";"AI onaylı";"ai_approved";"ollama:qwen2.5-coder:7b";"0.95";"Kulübe";"Cevap ve ipucu tam olarak eşleşiyor ve seviye uygun.";"Kabin";"freedict+kelly+frequencywords"
"C2";"Vicdan";"CONSCIENCE";"Noun";"5707";"AI onaylı";"ai_approved";"ollama:qwen2.5-coder:7b";"0.95";"Vicdan";"Cevap ve ipucu tam olarak eşleşiyor ve seviye uygun.";"";"freedict+kelly+frequencywords"
"C2";"Sıcaklık";"WARMTH";"Noun";"5708";"AI onaylı";"ai_approved";"ollama:qwen2.5-coder:7b";"0.95";"Sıcaklık";"Cevap ve ipucu tam olarak eşleşiyor ve seviye uygun.";"Samimiyet";"freedict+kelly+frequencywords"
"C2";"Termal";"THERMAL";"Adjective";"5710";"AI onaylı";"ai_approved";"ollama:qwen2.5-coder:7b";"0.95";"Termal";"Clue is common and directly translates to the answer.";"";"freedict+kelly+frequencywords"
"C2";"Mum";"CANDLE";"Noun";"5711";"AI onaylı";"ai_approved";"ollama:qwen2.5-coder:7b";"0.95";"Mum";"Clue is common and directly translates to the answer.";"";"freedict+kelly+frequencywords"
"C2";"Hafifçe";"LIGHTLY";"Adverb";"5713";"AI onaylı";"ai_approved";"ollama:qwen2.5-coder:7b";"0.95";"Hafifçe";"Clue is common and directly translates to the answer.";"";"freedict+kelly+frequencywords"
"C2";"Yemek";"RUB";"Verb";"5714";"AI onaylı";"ai_approved";"ollama:qwen2.5-coder:7b";"0.95";"Yemek";"Clue is common and directly translates to the answer.";"Engel | Sürmek | Güçlük | Pürüz";"freedict+kelly+frequencywords"
"C2";"Yalnız";"LONELY";"Adjective";"5715";"AI onaylı";"ai_approved";"ollama:qwen2.5-coder:7b";"0.95";"Yalnız";"Clue is common and directly translates to the answer.";"Issız | Terkedilmiş | Kasvetli | Kimsesiz";"freedict+kelly+frequencywords"
"C2";"Son";"ENDING";"Noun";"5716";"AI onaylı";"ai_approved";"ollama:qwen2.5-coder:7b";"0.95";"Son";"Clue is common and directly translates to the answer.";"Baş | Nihayet";"freedict+kelly+frequencywords"
"C2";"Fatura";"INVOICE";"Noun";"5717";"AI onaylı";"ai_approved";"ollama:qwen2.5-coder:7b";"0.95";"Fatura";"Clue is common and directly translates to the answer.";"";"freedict+kelly+frequencywords"
"C2";"Sayım";"CENSUS";"Noun";"5719";"AI onaylı";"ai_approved";"ollama:qwen2.5-coder:7b";"0.95";"Sayım";"Clue is common and directly translates to the answer.";"";"freedict+kelly+frequencywords"
"C2";"Korkak";"SCARY";"Adjective";"5721";"AI onaylı";"ai_approved";"ollama:qwen2.5-coder:7b";"0.95";"Korkak";"Clue is common and directly translates to the answer.";"Çekingen";"freedict+kelly+frequencywords"
"C2";"Yarasa";"BAT";"Noun";"5723";"AI onaylı";"ai_approved";"ollama:qwen2.5-coder:7b";"0.95";"Yarasa";"Clue is common and directly translates to the answer.";"Gezmek";"freedict+kelly+frequencywords"
"C2";"Zehirli";"DEADLY";"Adjective";"5725";"AI onaylı";"ai_approved";"ollama:qwen2.5-coder:7b";"0.95";"Zehirli";"Clue is common and directly translates to the answer.";"Öldürücü";"freedict+kelly+frequencywords"
"C2";"Boynuz";"HORN";"Noun";"5732";"AI onaylı";"ai_approved";"ollama:qwen2.5-coder:7b";"0.95";"Boynuz";"Clue is common and directly translates to the answer.";"";"freedict+kelly+frequencywords"
"C2";"Şef";"CHEF";"Noun";"5733";"AI onaylı";"ai_approved";"ollama:qwen2.5-coder:7b";"0.95";"Şef";"Clue is common and directly translates to the answer.";"";"freedict+kelly+frequencywords"
"C2";"Şemsiye";"UMBRELLA";"Noun";"5734";"AI onaylı";"ai_approved";"ollama:qwen2.5-coder:7b";"0.95";"Şemsiye";"Clue is common and directly translates to the answer.";"";"freedict+kelly+frequencywords"
"C2";"Gösteri";"PARADE";"Noun";"5740";"AI onaylı";"ai_approved";"ollama:qwen2.5-coder:7b";"0.95";"Gösteri";"Clue is common and directly translates to the answer.";"Alay | Tören | Açıkta";"freedict+kelly+frequencywords"
"C2";"Hafifletmek";"WEAKEN";"Verb";"5744";"AI onaylı";"ai_approved";"ollama:qwen2.5-coder:7b";"0.95";"Hafifletmek";"Clue is common and directly translates to the answer.";"";"freedict+kelly+frequencywords"
"C2";"Arzu";"APPETITE";"Noun";"5746";"AI onaylı";"ai_approved";"ollama:qwen2.5-coder:7b";"0.95";"Arzu";"Clue is common and directly translates to the answer.";"İştah | İstek";"freedict+kelly+frequencywords"
"C2";"Batırmak";"DROWN";"Verb";"5751";"AI onaylı";"ai_approved";"ollama:qwen2.5-coder:7b";"0.95";"Batırmak";"Clue is common and directly translates to the answer.";"";"freedict+kelly+frequencywords"
"C2";"Cevher";"GEM";"Noun";"5752";"AI onaylı";"ai_approved";"ollama:qwen2.5-coder:7b";"0.95";"Cevher";"Clue is common and directly translates to the answer.";"";"freedict+kelly+frequencywords"
"C2";"Hamle";"BOOM";"Noun";"5755";"AI onaylı";"ai_approved";"ollama:qwen2.5-coder:7b";"0.95";"Hamle";"Clue is common and directly translates to the answer.";"Baston | İlerlemek";"freedict+kelly+frequencywords"
"C2";"Nabız";"PULSE";"Noun";"5758";"AI onaylı";"ai_approved";"ollama:qwen2.5-coder:7b";"0.95";"Nabız";"Nabızın İngilizce karşılığı PULSE'dur ve ipucu yaygın olarak doğru olarak kabul edilir.";"Çarpmak";"freedict+kelly+frequencywords"
"C2";"Sevgi";"AFFECTION";"Noun";"5760";"AI onaylı";"ai_approved";"ollama:qwen2.5-coder:7b";"0.95";"Sevgi";"Sevginin İngilizce karşılığı AFFECTION'dur ve ipucu yaygın olarak doğru olarak kabul edilir.";"Muhabbet";"freedict+kelly+frequencywords"
"C2";"Gömme";"FUNERAL";"Noun";"5761";"AI onaylı";"ai_approved";"ollama:qwen2.5-coder:7b";"0.95";"Gömme";"Gömme işleminin İngilizce karşılığı FUNERAL'dur ve ipucu yaygın olarak doğru olarak kabul edilir.";"Defin";"freedict+kelly+frequencywords"
"C2";"Gülme";"LAUGHTER";"Noun";"5765";"AI onaylı";"ai_approved";"ollama:qwen2.5-coder:7b";"0.95";"Gülme";"Gülmenin İngilizce karşılığı LAUGHTER'dur ve ipucu yaygın olarak doğru olarak kabul edilir.";"";"freedict+kelly+frequencywords"
"C2";"Baş";"BOW";"Noun";"5766";"AI onaylı";"ai_approved";"ollama:qwen2.5-coder:7b";"0.95";"Baş";"Başın İngilizce karşılığı BOW'dur ve ipucu yaygın olarak doğru olarak kabul edilir.";"Yay | Gökkuşağı | Okçu | Eğmek";"freedict+kelly+frequencywords"
"C2";"Tütün";"TOBACCO";"Noun";"5767";"AI onaylı";"ai_approved";"ollama:qwen2.5-coder:7b";"0.95";"Tütün";"Tütünün İngilizce karşılığı TOBACCO'dur ve ipucu yaygın olarak doğru olarak kabul edilir.";"";"freedict+kelly+frequencywords"
"C2";"Karşı";"CON";"Noun";"5768";"AI onaylı";"ai_approved";"ollama:qwen2.5-coder:7b";"0.95";"Karşı";"Karşının İngilizce karşılığı CON'dur ve ipucu yaygın olarak doğru olarak kabul edilir.";"Beraber | Okumak | Dolandırıcılık";"freedict+kelly+frequencywords"
"C2";"Fıçı";"BARREL";"Noun";"5769";"AI onaylı";"ai_approved";"ollama:qwen2.5-coder:7b";"0.95";"Fıçı";"Fıçın İngilizce karşılığı BARREL'dur ve ipucu yaygın olarak doğru olarak kabul edilir.";"Varil";"freedict+kelly+frequencywords"
"C2";"Jüri";"JURY";"Noun";"5772";"AI onaylı";"ai_approved";"ollama:qwen2.5-coder:7b";"0.95";"Jüri";"Jürin İngilizce karşılığı JURY'dur ve ipucu yaygın olarak doğru olarak kabul edilir.";"";"freedict+kelly+frequencywords"
"C2";"Şüpheli";"VAGUE";"Adjective";"5773";"AI onaylı";"ai_approved";"ollama:qwen2.5-coder:7b";"0.95";"Şüpheli";"Şüphelin İngilizce karşılığı VAGUE'dur ve ipucu yaygın olarak doğru olarak kabul edilir.";"Bulanık | Belirsizlik";"freedict+kelly+frequencywords"
"C2";"Küçük";"INFANT";"Noun";"5775";"AI onaylı";"ai_approved";"ollama:qwen2.5-coder:7b";"0.95";"Küçük";"Küçüğün İngilizce karşılığı INFANT'dur ve ipucu yaygın olarak doğru olarak kabul edilir.";"Bebek";"freedict+kelly+frequencywords"
"C2";"Mürekkep";"INK";"Noun";"5776";"AI onaylı";"ai_approved";"ollama:qwen2.5-coder:7b";"0.95";"Mürekkep";"Mürekkebin İngilizce karşılığı INK'dur ve ipucu yaygın olarak doğru olarak kabul edilir.";"";"freedict+kelly+frequencywords"
"C2";"Işın";"RAY";"Noun";"5777";"AI onaylı";"ai_approved";"ollama:qwen2.5-coder:7b";"0.95";"Işın";"Işının İngilizce karşılığı RAY'dur ve ipucu yaygın olarak doğru olarak kabul edilir.";"";"freedict+kelly+frequencywords"
"C2";"Sert";"RIGID";"Adjective";"5778";"AI onaylı";"ai_approved";"ollama:qwen2.5-coder:7b";"0.95";"Sert";"Sertin İngilizce karşılığı RIGID'dur ve ipucu yaygın olarak doğru olarak kabul edilir.";"Katı | Dimdik";"freedict+kelly+frequencywords"
"C2";"Uçmak";"VANISH";"Verb";"5779";"AI onaylı";"ai_approved";"ollama:qwen2.5-coder:7b";"0.95";"Uçmak";"Uçmanın İngilizce karşılığı VANISH'dur ve ipucu yaygın olarak doğru olarak kabul edilir.";"Kaybolmak";"freedict+kelly+frequencywords"
"C2";"Karışıklık";"LITTER";"Noun";"5780";"AI onaylı";"ai_approved";"ollama:qwen2.5-coder:7b";"0.95";"Karışıklık";"Karışıklığın İngilizce karşılığı LITTER'dur ve ipucu yaygın olarak doğru olarak kabul edilir.";"Döküntü | Sedye | Doğurmak";"freedict+kelly+frequencywords"
"C2";"Aya";"PALM";"Noun";"5783";"AI onaylı";"ai_approved";"ollama:qwen2.5-coder:7b";"0.95";"Aya";"Ayanın İngilizce karşılığı PALM'dur ve ipucu yaygın olarak doğru olarak kabul edilir.";"Palmiye";"freedict+kelly+frequencywords"
"C2";"Atlama";"LEAP";"Noun";"5785";"AI onaylı";"ai_approved";"ollama:qwen2.5-coder:7b";"0.95";"Atlama";"Atlamanın İngilizce karşılığı LEAP'dur ve ipucu yaygın olarak doğru olarak kabul edilir.";"Atlamak | Atılmak | Fırlatmak";"freedict+kelly+frequencywords"
"C2";"Satıcı";"CLERK";"Noun";"5786";"AI onaylı";"ai_approved";"ollama:qwen2.5-coder:7b";"0.95";"Satıcı";"Satıcının İngilizce karşılığı CLERK'dur ve ipucu yaygın olarak doğru olarak kabul edilir.";"Yazıcı";"freedict+kelly+frequencywords"
"C2";"Yabancı";"ALIEN";"Adjective";"5788";"AI onaylı";"ai_approved";"ollama:qwen2.5-coder:7b";"0.95";"Yabancı";"Yabancının İngilizce karşılığı ALIEN'dur ve ipucu yaygın olarak doğru olarak kabul edilir.";"";"freedict+kelly+frequencywords"
"C2";"Artırmak";"MULTIPLY";"Verb";"5789";"AI onaylı";"ai_approved";"ollama:qwen2.5-coder:7b";"0.95";"Artırmak";"Çok yaygın ve doğru";"";"freedict+kelly+frequencywords"
"C2";"Dirsek";"CONSOLE";"Verb";"5792";"AI onaylı";"ai_approved";"ollama:qwen2.5-coder:7b";"0.95";"Dirsek";"Çok yaygın ve doğru";"";"freedict+kelly+frequencywords"
"C2";"Yuva";"SOCKET";"Noun";"5802";"AI onaylı";"ai_approved";"ollama:qwen2.5-coder:7b";"0.95";"Yuva";"Çok yaygın ve doğru";"Duy";"freedict+kelly+frequencywords"
"C2";"Patlama";"BLAST";"Noun";"5804";"AI onaylı";"ai_approved";"ollama:qwen2.5-coder:7b";"0.95";"Patlama";"Çok yaygın ve doğru";"Yakmak | Yanma | Yıkmak";"freedict+kelly+frequencywords"
"C2";"Söylemek";"PRONOUNCE";"Verb";"5805";"AI onaylı";"ai_approved";"ollama:qwen2.5-coder:7b";"0.95";"Söylemek";"Çok yaygın ve doğru";"Bildiri";"freedict+kelly+frequencywords"
"C2";"Mahkeme";"TRIBUNAL";"Noun";"5807";"AI onaylı";"ai_approved";"ollama:qwen2.5-coder:7b";"0.95";"Mahkeme";"Çok yaygın ve doğru";"";"freedict+kelly+frequencywords"
"C2";"Yardımcı";"DEPUTY";"Adjective";"5808";"AI onaylı";"ai_approved";"ollama:qwen2.5-coder:7b";"0.95";"Yardımcı";"Çok yaygın ve doğru";"Vekil";"freedict+kelly+frequencywords"
"C2";"Beklerken";"PENDING";"Preposition";"5810";"AI onaylı";"ai_approved";"ollama:qwen2.5-coder:7b";"0.95";"Beklerken";"Çok yaygın ve doğru";"Asılı | Sarkan";"freedict+kelly+frequencywords"
"C2";"Tehlike";"GRAVITY";"Noun";"5811";"AI onaylı";"ai_approved";"ollama:qwen2.5-coder:7b";"0.95";"Tehlike";"Çok yaygın ve doğru";"Çekim | Önem | Ağırlık | Cazibe";"freedict+kelly+frequencywords"
"C2";"Motosiklet";"MOTORCYCLE";"Noun";"5812";"AI onaylı";"ai_approved";"ollama:qwen2.5-coder:7b";"0.95";"Motosiklet";"Çok yaygın ve doğru";"";"freedict+kelly+frequencywords"
"C2";"Başlık";"HEADING";"Noun";"5813";"AI onaylı";"ai_approved";"ollama:qwen2.5-coder:7b";"0.95";"Başlık";"Çok yaygın ve doğru";"";"freedict+kelly+frequencywords"
"C2";"Nadiren";"SELDOM";"Adverb";"5816";"AI onaylı";"ai_approved";"ollama:qwen2.5-coder:7b";"0.95";"Nadiren";"Çok yaygın ve doğru";"Seyrek";"freedict+kelly+frequencywords"
"C2";"Veteriner";"VET";"Noun";"5817";"AI onaylı";"ai_approved";"ollama:qwen2.5-coder:7b";"0.95";"Veteriner";"Çok yaygın ve doğru";"";"freedict+kelly+frequencywords"
"C2";"Konuşma";"SPEAKING";"Noun";"5821";"AI onaylı";"ai_approved";"ollama:qwen2.5-coder:7b";"0.95";"Konuşma";"Çok yaygın ve doğru";"Canlı | Söyleme";"freedict+kelly+frequencywords"
"C2";"Şüpheli";"SUSPICIOUS";"Adjective";"5823";"AI onaylı";"ai_approved";"ollama:qwen2.5-coder:7b";"0.95";"Şüpheli";"Çok yaygın ve doğru";"";"freedict+kelly+frequencywords"
"C2";"Boşanma";"DIVORCE";"Noun";"5826";"AI onaylı";"ai_approved";"ollama:qwen2.5-coder:7b";"0.95";"Boşanma";"Çok yaygın ve doğru";"Ayrılma | Ayrılmak | Ayrılık | Ayırmak";"freedict+kelly+frequencywords"
"C2";"Çok";"HANDSOME";"Adjective";"5829";"AI onaylı";"ai_approved";"ollama:qwen2.5-coder:7b";"0.95";"Çok";"Çok yaygın ve doğru";"Yakışıklı | Bol | İyi";"freedict+kelly+frequencywords"
"C2";"Heyecan";"FEVER";"Noun";"5832";"AI onaylı";"ai_approved";"ollama:qwen2.5-coder:7b";"0.95";"Heyecan";"Çok yaygın ve doğru";"Sıcaklık | Telaş";"freedict+kelly+frequencywords"
"C2";"Yiyecek";"CHEER";"Verb";"5833";"AI onaylı";"ai_approved";"ollama:qwen2.5-coder:7b";"0.95";"Yiyecek";"Çok yaygın ve doğru";"Teşvik | Neşelendirmek | Erzak";"freedict+kelly+frequencywords"
"C2";"Karanlık";"OBSCURE";"Adjective";"5836";"AI onaylı";"ai_approved";"ollama:qwen2.5-coder:7b";"0.95";"Karanlık";"Çok yaygın ve doğru";"Belirsiz | Belirsizlik | Bulutlu | Gösterişsiz";"freedict+kelly+frequencywords"
"C2";"Sert";"STIFF";"Adjective";"5842";"AI onaylı";"ai_approved";"ollama:qwen2.5-coder:7b";"0.95";"Sert";"Sert bir şekilde ifade edilen bir kelime.";"Zor | Sert | Yüksek | Sıkı";"freedict+kelly+frequencywords"
"C2";"Nefes";"BREATHING";"Noun";"5844";"AI onaylı";"ai_approved";"ollama:qwen2.5-coder:7b";"0.95";"Nefes";"Nefes almak veya vermek anlamına gelen bir kelime.";"Söyleme | Ümit | Teneffüs | Hasret";"freedict+kelly+frequencywords"
"C2";"İntikam";"REVENGE";"Noun";"5846";"AI onaylı";"ai_approved";"ollama:qwen2.5-coder:7b";"0.95";"İntikam";"Birinin kötü niyetli bir eylemin karşısında alındığı zararın geri vurgulanması.";"Kin | Kinci";"freedict+kelly+frequencywords"
"C2";"Sonuç";"HARVEST";"Noun";"5847";"AI onaylı";"ai_approved";"ollama:qwen2.5-coder:7b";"0.95";"Sonuç";"Bir şeyin sonucu veya üretimi.";"Ürün | Hasat | Netice";"freedict+kelly+frequencywords"
"C2";"Travma";"TRAUMA";"Noun";"5849";"AI onaylı";"ai_approved";"ollama:qwen2.5-coder:7b";"0.95";"Travma";"Bir olay veya durum nedeniyle oluşan fiziksel veya ruhsal zarar.";"";"freedict+kelly+frequencywords"
"C2";"Direk";"PILLAR";"Noun";"5850";"AI onaylı";"ai_approved";"ollama:qwen2.5-coder:7b";"0.95";"Direk";"Bir yapıya dayanmak için kullanılan güçlü ve sağlam bir yapı.";"Sütun";"freedict+kelly+frequencywords"
"C2";"Banyo";"DIP";"Verb";"5852";"AI onaylı";"ai_approved";"ollama:qwen2.5-coder:7b";"0.95";"Banyo";"Banyo yapmak veya banyo yapmak anlamına gelen bir kelime.";"Dalmak | Çukur | Batmak | Dalma";"freedict+kelly+frequencywords"
"C2";"İncelemek";"ANALYZE";"Verb";"5854";"AI onaylı";"ai_approved";"ollama:qwen2.5-coder:7b";"0.95";"İncelemek";"Bir şeyi ayrıntılı olarak incelemek veya değerlendirmek.";"";"freedict+kelly+frequencywords"
"C2";"Kaçış";"BOLT";"Noun";"5855";"AI onaylı";"ai_approved";"ollama:qwen2.5-coder:7b";"0.95";"Kaçış";"Bir şeyi veya birini hızlıca ve sızıntılıca çıkarmak.";"Yıldırım | Ansızın";"freedict+kelly+frequencywords"
"C2";"Bozulma";"DETERIORATE";"Verb";"5856";"AI onaylı";"ai_approved";"ollama:qwen2.5-coder:7b";"0.95";"Bozulma";"Bir şeyin kalitesini azaltmak veya kötüleşirmek.";"Çürüme";"freedict+kelly+frequencywords"
"C2";"Taraftar";"DISCIPLE";"Noun";"5857";"AI onaylı";"ai_approved";"ollama:qwen2.5-coder:7b";"0.95";"Taraftar";"Bir kişinin veya bir şeyin tutkusu veya ilgisini göstermek.";"";"freedict+kelly+frequencywords"
"C2";"Piskopos";"BISHOP";"Noun";"5858";"AI onaylı";"ai_approved";"ollama:qwen2.5-coder:7b";"0.95";"Piskopos";"Bir kilise veya bir dini toprakta yüksek düzeyde bir liderlik rolü oynayan bir kişi.";"";"freedict+kelly+frequencywords"
"C2";"Pis";"FOUL";"Adjective";"5859";"AI onaylı";"ai_approved";"ollama:qwen2.5-coder:7b";"0.95";"Pis";"Pis veya kötü anlamına gelen bir kelime.";"Pislik | Çirkin | Kirli | Bozuk";"freedict+kelly+frequencywords"
"C2";"Sosyalist";"SOCIALIST";"Adjective";"5860";"AI onaylı";"ai_approved";"ollama:qwen2.5-coder:7b";"0.95";"Sosyalist";"Sosyalist bir ideoloji veya politik bir parti.";"";"freedict+kelly+frequencywords"
"C2";"Şaşırtmak";"DISTRACT";"Verb";"5863";"AI onaylı";"ai_approved";"ollama:qwen2.5-coder:7b";"0.95";"Şaşırtmak";"Birinin dikkatini veya odakını almak veya yönlendirmek.";"";"freedict+kelly+frequencywords"
"C2";"Keşiş";"MONK";"Noun";"5867";"AI onaylı";"ai_approved";"ollama:qwen2.5-coder:7b";"0.95";"Keşiş";"Bir dini toprakta yaşamak veya bir dini toprakta yaşamak anlamına gelen bir kelime.";"";"freedict+kelly+frequencywords"
"C2";"İspanyolca";"ROMANCE";"Noun";"5868";"AI onaylı";"ai_approved";"ollama:qwen2.5-coder:7b";"0.95";"İspanyolca";"Bir dili veya bir dili konuşmak anlamına gelen bir kelime.";"Cazibe | Çekicilik";"freedict+kelly+frequencywords"
"C2";"Parasız";"COMPLIMENT";"Noun";"5869";"AI onaylı";"ai_approved";"ollama:qwen2.5-coder:7b";"0.95";"Parasız";"Bir şeyi veya birini teşvik etmek veya onu teşvik etmek anlamına gelen bir kelime.";"İltifat";"freedict+kelly+frequencywords"
"C2";"İlave";"APPENDIX";"Noun";"5870";"AI onaylı";"ai_approved";"ollama:qwen2.5-coder:7b";"0.95";"İlave";"Bir yapıya eklenen veya bir yapıya eklenen bir bölüm.";"";"freedict+kelly+frequencywords"
"C2";"Kurtarma";"SALVATION";"Noun";"5871";"AI onaylı";"ai_approved";"ollama:qwen2.5-coder:7b";"0.95";"Kurtarma";"Bir şeyi kurtarmak veya bir durumu kurtarmak anlamına gelen bir kelime.";"Kurtuluş";"freedict+kelly+frequencywords"
"C2";"Kulübe";"HUT";"Noun";"5873";"AI onaylı";"ai_approved";"ollama:qwen2.5-coder:7b";"0.95";"Kulübe";"Sözcük ve ipucu uyumlu, seviye C2'dir.";"";"freedict+kelly+frequencywords"
"C2";"Nahoş";"UNPLEASANT";"Adjective";"5874";"AI onaylı";"ai_approved";"ollama:qwen2.5-coder:7b";"0.95";"Nahoş";"Sözcük ve ipucu uyumlu, seviye C2'dir.";"";"freedict+kelly+frequencywords"
"C2";"Ahır";"BARN";"Noun";"5875";"AI onaylı";"ai_approved";"ollama:qwen2.5-coder:7b";"0.95";"Ahır";"Sözcük ve ipucu uyumlu, seviye C2'dir.";"";"freedict+kelly+frequencywords"
"C2";"Durma";"PAUSE";"Verb";"5876";"AI onaylı";"ai_approved";"ollama:qwen2.5-coder:7b";"0.95";"Durma";"Sözcük ve ipucu uyumlu, seviye C2'dir.";"Nokta | Aralık";"freedict+kelly+frequencywords"
"C2";"Ücret";"DOCK";"Noun";"5882";"AI onaylı";"ai_approved";"ollama:qwen2.5-coder:7b";"0.95";"Ücret";"Sözcük ve ipucu uyumlu, seviye C2'dir.";"İndirmek | Rıhtım";"freedict+kelly+frequencywords"
"C2";"Dedektif";"DETECTIVE";"Noun";"5883";"AI onaylı";"ai_approved";"ollama:qwen2.5-coder:7b";"0.95";"Dedektif";"Sözcük ve ipucu uyumlu, seviye C2'dir.";"";"freedict+kelly+frequencywords"
"C2";"Doğru";"FAITHFUL";"Adjective";"5884";"AI onaylı";"ai_approved";"ollama:qwen2.5-coder:7b";"0.95";"Doğru";"Sözcük ve ipucu uyumlu, seviye C2'dir.";"Sadık | Güvenilir | İman";"freedict+kelly+frequencywords"
"C2";"Suç";"GUILT";"Noun";"5885";"AI onaylı";"ai_approved";"ollama:qwen2.5-coder:7b";"0.95";"Suç";"Sözcük ve ipucu uyumlu, seviye C2'dir.";"Suçsuz";"freedict+kelly+frequencywords"
"C2";"Hormon";"HORMONE";"Noun";"5889";"AI onaylı";"ai_approved";"ollama:qwen2.5-coder:7b";"0.95";"Hormon";"Sözcük ve ipucu uyumlu, seviye C2'dir.";"";"freedict+kelly+frequencywords"
"C2";"Vakum";"VACUUM";"Noun";"5894";"AI onaylı";"ai_approved";"ollama:qwen2.5-coder:7b";"0.95";"Vakum";"Sözcük ve ipucu uyumlu, seviye C2'dir.";"";"freedict+kelly+frequencywords"
"C2";"Dalga";"SWELL";"Verb";"5895";"AI onaylı";"ai_approved";"ollama:qwen2.5-coder:7b";"0.95";"Dalga";"Sözcük ve ipucu uyumlu, seviye C2'dir.";"Büyümek | Büyütmek | Yükselmek | Şişlik";"freedict+kelly+frequencywords"
"C2";"Kanepe";"SOFA";"Noun";"5897";"AI onaylı";"ai_approved";"ollama:qwen2.5-coder:7b";"0.95";"Kanepe";"Sözcük ve ipucu uyumlu, seviye C2'dir.";"";"freedict+kelly+frequencywords"
"C2";"Uzman";"PRO";"Noun";"5898";"İnsan onaylı";"approved";"İnsan";"";"";"Kullanıcı tarafından doğrulandı.";"";"freedict+kelly+frequencywords"
"C2";"Havalı";"SPARK";"Verb";"5901";"AI onaylı";"ai_approved";"ollama:qwen2.5-coder:7b";"0.95";"Havalı";"Sözcük ve ipucu uyumlu, seviye C2'dir.";"Elmas | Gösterişli | Kıvılcım | Belirti";"freedict+kelly+frequencywords"
"C2";"Çözmek";"UNLOCK";"Verb";"5902";"AI onaylı";"ai_approved";"ollama:qwen2.5-coder:7b";"0.95";"Çözmek";"Sözcük ve ipucu uyumlu, seviye C2'dir.";"";"freedict+kelly+frequencywords"
"C2";"Öfkeli";"HEATED";"Adjective";"5904";"AI onaylı";"ai_approved";"ollama:qwen2.5-coder:7b";"0.95";"Öfkeli";"Sözcük ve ipucu uyumlu, seviye C2'dir.";"Hararetli";"freedict+kelly+frequencywords"
"C2";"Gösterme";"DAYLIGHT";"Noun";"5905";"AI onaylı";"ai_approved";"ollama:qwen2.5-coder:7b";"0.95";"Gösterme";"Sözcük ve ipucu uyumlu, seviye C2'dir.";"";"freedict+kelly+frequencywords"
"C2";"Dikkatli";"TENDER";"Adjective";"5906";"AI onaylı";"ai_approved";"ollama:qwen2.5-coder:7b";"0.95";"Dikkatli";"Sözcük ve ipucu uyumlu, seviye C2'dir.";"Zayıf | Nazik | Hassas | Seven";"freedict+kelly+frequencywords"
"C2";"Acı";"MISERY";"Noun";"5913";"AI onaylı";"ai_approved";"ollama:qwen2.5-coder:7b";"0.95";"Acı";"Sözcük ve ipucu uyumlu, seviye C2'dir.";"Dert | Istırap | Sefalet";"freedict+kelly+frequencywords"
"C2";"Püskül";"FRINGE";"Noun";"5916";"İnsan onaylı";"approved";"İnsan";"";"";"Kullanıcı tarafından doğrulandı.";"";"freedict+kelly+frequencywords"
"C2";"Rahatsız";"PUNK";"Noun";"5918";"AI onaylı";"ai_approved";"ollama:qwen2.5-coder:7b";"0.95";"Rahatsız";"Cevap ve ipucu uyumlu ve yaygın bir şekilde kullanılmıştır.";"Gangster | Kalitesiz";"freedict+kelly+frequencywords"
"C2";"İleri";"FORWARDS";"Adverb";"5920";"AI onaylı";"ai_approved";"ollama:qwen2.5-coder:7b";"0.95";"İleri";"Cevap ve ipucu uyumlu ve yaygın bir şekilde kullanılmıştır.";"";"freedict+kelly+frequencywords"
"C2";"Fazlalık";"REDUNDANCY";"Noun";"5921";"AI onaylı";"ai_approved";"ollama:qwen2.5-coder:7b";"0.95";"Fazlalık";"Cevap ve ipucu uyumlu ve yaygın bir şekilde kullanılmıştır.";"";"freedict+kelly+frequencywords"
"C2";"Beden";"TRUNK";"Noun";"5922";"AI onaylı";"ai_approved";"ollama:qwen2.5-coder:7b";"0.95";"Beden";"Cevap ve ipucu uyumlu ve yaygın bir şekilde kullanılmıştır.";"Sandık | Gövde";"freedict+kelly+frequencywords"
"C2";"Hapishane";"CAGE";"Noun";"5923";"AI onaylı";"ai_approved";"ollama:qwen2.5-coder:7b";"0.95";"Hapishane";"Cevap ve ipucu uyumlu ve yaygın bir şekilde kullanılmıştır.";"Asansör | Kafes";"freedict+kelly+frequencywords"
"C2";"Kötü";"WICKED";"Adjective";"5924";"AI onaylı";"ai_approved";"ollama:qwen2.5-coder:7b";"0.95";"Kötü";"Cevap ve ipucu uyumlu ve yaygın bir şekilde kullanılmıştır.";"Tehlikeli | Fena | Bayağı | Adi";"freedict+kelly+frequencywords"
"C2";"Koruyucu";"GUARDIAN";"Noun";"5928";"AI onaylı";"ai_approved";"ollama:qwen2.5-coder:7b";"0.95";"Koruyucu";"Cevap ve ipucu uyumlu ve yaygın bir şekilde kullanılmıştır.";"Gardiyan | Muhafız";"freedict+kelly+frequencywords"
"C2";"Arzu";"HUNGER";"Noun";"5931";"AI onaylı";"ai_approved";"ollama:qwen2.5-coder:7b";"0.95";"Arzu";"Cevap ve ipucu uyumlu ve yaygın bir şekilde kullanılmıştır.";"Açlık | Özlem";"freedict+kelly+frequencywords"
"C2";"Mezarlık";"CEMETERY";"Noun";"5932";"AI onaylı";"ai_approved";"ollama:qwen2.5-coder:7b";"0.95";"Mezarlık";"Cevap ve ipucu uyumlu ve yaygın bir şekilde kullanılmıştır.";"";"freedict+kelly+frequencywords"
"C2";"His";"INSTINCT";"Noun";"5933";"AI onaylı";"ai_approved";"ollama:qwen2.5-coder:7b";"0.95";"His";"Cevap ve ipucu uyumlu ve yaygın bir şekilde kullanılmıştır.";"İçgüdü";"freedict+kelly+frequencywords"
"C2";"Kask";"HELMET";"Noun";"5934";"AI onaylı";"ai_approved";"ollama:qwen2.5-coder:7b";"0.95";"Kask";"Cevap ve ipucu uyumlu ve yaygın bir şekilde kullanılmıştır.";"Miğfer";"freedict+kelly+frequencywords"
"C2";"Şerit";"CORD";"Noun";"5936";"AI onaylı";"ai_approved";"ollama:qwen2.5-coder:7b";"0.95";"Şerit";"Cevap ve ipucu uyumlu ve yaygın bir şekilde kullanılmıştır.";"Sicim";"freedict+kelly+frequencywords"
"C2";"Keten";"LINEN";"Noun";"5939";"AI onaylı";"ai_approved";"ollama:qwen2.5-coder:7b";"0.95";"Keten";"Cevap ve ipucu uyumlu ve yaygın bir şekilde kullanılmıştır.";"";"freedict+kelly+frequencywords"
"C2";"Tıkmak";"TUCK";"Verb";"5940";"AI onaylı";"ai_approved";"ollama:qwen2.5-coder:7b";"0.95";"Tıkmak";"Cevap ve ipucu uyumlu ve yaygın bir şekilde kullanılmıştır.";"Şal";"freedict+kelly+frequencywords"
"C2";"Ortada";"HALFWAY";"Adverb";"5942";"AI onaylı";"ai_approved";"ollama:qwen2.5-coder:7b";"0.95";"Ortada";"Cevap ve ipucu uyumlu ve yaygın bir şekilde kullanılmıştır.";"Yetersiz";"freedict+kelly+frequencywords"
"C2";"Ayıp";"SCANDAL";"Noun";"5943";"AI onaylı";"ai_approved";"ollama:qwen2.5-coder:7b";"0.95";"Ayıp";"Cevap ve ipucu uyumlu ve yaygın bir şekilde kullanılmıştır.";"Dedikodu | Rezalet | Skandal | İftira";"freedict+kelly+frequencywords"
"C2";"Gürültü";"RIOT";"Noun";"5946";"AI onaylı";"ai_approved";"ollama:qwen2.5-coder:7b";"0.95";"Gürültü";"Cevap ve ipucu uyumlu ve yaygın bir şekilde kullanılmıştır.";"İsyan | Ayaklanma | Patırtı | Şamata";"freedict+kelly+frequencywords"
"C2";"Mükemmeliyet";"PERFECTION";"Noun";"5947";"İnsan onaylı";"approved";"İnsan";"";"";"Kullanıcı tarafından doğrulandı.";"Kemal | İkmal | Mükemmellik";"freedict+kelly+frequencywords"
"C2";"Hendek";"DITCH";"Noun";"5948";"AI onaylı";"ai_approved";"ollama:qwen2.5-coder:7b";"0.95";"Hendek";"Cevap ve ipucu uyumlu ve yaygın bir şekilde kullanılmıştır.";"";"freedict+kelly+frequencywords"
"C2";"Kokteyl";"COCKTAIL";"Noun";"5951";"AI onaylı";"ai_approved";"ollama:qwen2.5-coder:7b";"0.95";"Kokteyl";"Cevap ve ipucu uyumlu ve yaygın bir şekilde kullanılmıştır.";"";"freedict+kelly+frequencywords"
"C2";"Manasız";"NONSENSE";"Noun";"5954";"AI reddi";"ai_rejected";"ollama:qwen2.5-coder:7b";"0.85";"Anlamsızlık";"Cevap 'NONSENSE' Türkçe'de yaygın bir kelimedir ve 'Manasız' anlamına gelir. İngilizce karşılığı 'Nonsense' olabilir.";"";"freedict+kelly+frequencywords"
"C2";"Gizlemek";"DISGUISE";"Verb";"5955";"AI onaylı";"ai_approved";"ollama:qwen2.5-coder:7b";"0.9";"Gizlemek";"Cevap 'DISGUISE' Türkçe'de yaygın bir kelimedir ve 'Gizlemek' anlamına gelir. İngilizce karşılığı 'Disguise' olabilir.";"Gizlenmek";"freedict+kelly+frequencywords"
"C2";"Merak";"FOND";"Adjective";"5958";"AI onaylı";"ai_approved";"ollama:qwen2.5-coder:7b";"0.9";"Merak";"Cevap 'FOND' Türkçe'de yaygın bir kelimedir ve 'Merak' anlamına gelir. İngilizce karşılığı 'Fond' olabilir.";"Deli | Meraklı | Sevgiyle";"freedict+kelly+frequencywords"
"C2";"Soymak";"ROB";"Verb";"5959";"AI reddi";"ai_rejected";"ollama:qwen2.5-coder:7b";"0.85";"Soymak";"Cevap 'ROB' Türkçe'de yaygın bir kelimedir ve 'Soymak' anlamına gelir. İngilizce karşılığı 'Rob' olabilir.";"";"freedict+kelly+frequencywords"
"C2";"Şarap";"SHRUB";"Noun";"5960";"AI reddi";"ai_rejected";"ollama:qwen2.5-coder:7b";"0.85";"Şarap";"Cevap 'SHRUB' Türkçe'de yaygın bir kelimedir ve 'Şarap' anlamına gelir. İngilizce karşılığı 'Shrub' olabilir.";"Çalı | Şurup";"freedict+kelly+frequencywords"
"C2";"Şaşırtıcı";"SHOCKING";"Adjective";"5962";"AI onaylı";"ai_approved";"ollama:qwen2.5-coder:7b";"0.9";"Şaşırtıcı";"Cevap 'SHOCKING' Türkçe'de yaygın bir kelimedir ve 'Şaşırtıcı' anlamına gelir. İngilizce karşılığı 'Shocking' olabilir.";"Tiksindirici";"freedict+kelly+frequencywords"
"C2";"Tehlikeli";"HAZARDOUS";"Adjective";"5963";"AI onaylı";"ai_approved";"ollama:qwen2.5-coder:7b";"0.9";"Tehlikeli";"Cevap 'HAZARDOUS' Türkçe'de yaygın bir kelimedir ve 'Tehlikeli' anlamına gelir. İngilizce karşılığı 'Hazardous' olabilir.";"";"freedict+kelly+frequencywords"
"C2";"Yıkım";"RACK";"Noun";"5964";"AI reddi";"ai_rejected";"ollama:qwen2.5-coder:7b";"0.85";"Yıkım";"Cevap 'RACK' Türkçe'de yaygın bir kelimedir ve 'Yıkım' anlamına gelir. İngilizce karşılığı 'Rack' olabilir.";"İşkence | Azap";"freedict+kelly+frequencywords"
"C2";"Tesadüf";"LOTTERY";"Noun";"5967";"AI onaylı";"ai_approved";"ollama:qwen2.5-coder:7b";"0.9";"Tesadüf";"Cevap 'LOTTERY' Türkçe'de yaygın bir kelimedir ve 'Tesadüf' anlamına gelir. İngilizce karşılığı 'Lottery' olabilir.";"Kader | Piyango";"freedict+kelly+frequencywords"
"C2";"Müthiş";"TERRIFIC";"Adjective";"5970";"İnsan onaylı";"approved";"İnsan";"";"";"Kullanıcı tarafından doğrulandı.";"Korkunç";"freedict+kelly+frequencywords"
"C2";"Bozulma";"DECAY";"Noun";"5971";"AI onaylı";"ai_approved";"ollama:qwen2.5-coder:7b";"0.9";"Bozulma";"Cevap 'DECAY' Türkçe'de yaygın bir kelimedir ve 'Bozulma' anlamına gelir. İngilizce karşılığı 'Decay' olabilir.";"Azalma";"freedict+kelly+frequencywords"
"C2";"Harika";"MASTERPIECE";"Noun";"5974";"AI onaylı";"ai_approved";"ollama:qwen2.5-coder:7b";"0.9";"Harika";"Cevap 'MASTERPIECE' Türkçe'de yaygın bir kelimedir ve 'Harika' anlamına gelir. İngilizce karşılığı 'Masterpiece' olabilir.";"Şaheser";"freedict+kelly+frequencywords"
"C2";"Eğlenmek";"RECREATE";"Verb";"5977";"AI onaylı";"ai_approved";"ollama:qwen2.5-coder:7b";"0.9";"Eğlenmek";"Cevap 'RECREATE' Türkçe'de yaygın bir kelimedir ve 'Eğlenmek' anlamına gelir. İngilizce karşılığı 'Recreate' olabilir.";"Canlandırmak | Eğlendirmek";"freedict+kelly+frequencywords"
"C2";"Saldırı";"ONSET";"Noun";"5978";"AI onaylı";"ai_approved";"ollama:qwen2.5-coder:7b";"0.9";"Saldırı";"Cevap 'ONSET' Türkçe'de yaygın bir kelimedir ve 'Saldırı' anlamına gelir. İngilizce karşılığı 'Onset' olabilir.";"Başlangıç | Başlama | Hücum";"freedict+kelly+frequencywords"
"C2";"Sahte";"THEATRICAL";"Adjective";"5979";"AI onaylı";"ai_approved";"ollama:qwen2.5-coder:7b";"0.9";"Sahte";"Cevap 'THEATRICAL' Türkçe'de yaygın bir kelimedir ve 'Sahte' anlamına gelir. İngilizce karşılığı 'Theatrical' olabilir.";"Yapmacık | Temsili";"freedict+kelly+frequencywords"
"C2";"Anlaşılır";"UNDERSTANDABLE";"Adjective";"5982";"AI onaylı";"ai_approved";"ollama:qwen2.5-coder:7b";"0.9";"Anlaşılır";"Cevap 'UNDERSTANDABLE' Türkçe'de yaygın bir kelimedir ve 'Anlaşılır' anlamına gelir. İngilizce karşılığı 'Understandable' olabilir.";"";"freedict+kelly+frequencywords"
"C2";"Vermek";"DISPENSE";"Verb";"5983";"AI onaylı";"ai_approved";"ollama:qwen2.5-coder:7b";"0.9";"Vermek";"Cevap 'DISPENSE' Türkçe'de yaygın bir kelimedir ve 'Vermek' anlamına gelir. İngilizce karşılığı 'Dispense' olabilir.";"Dağıtmak | Başarmak";"freedict+kelly+frequencywords"
"C2";"Çekmek";"SHRINK";"Verb";"5985";"AI onaylı";"ai_approved";"ollama:qwen2.5-coder:7b";"0.9";"Çekmek";"Cevap 'SHRINK' Türkçe'de yaygın bir kelimedir ve 'Çekmek' anlamına gelir. İngilizce karşılığı 'Shrink' olabilir.";"Çektirmek | Çekinme | Çekilme | Korkarak";"freedict+kelly+frequencywords"
"C2";"Teselli";"ALLEVIATE";"Verb";"5986";"AI onaylı";"ai_approved";"ollama:qwen2.5-coder:7b";"0.9";"Teselli";"Cevap 'ALLEVIATE' Türkçe'de yaygın bir kelimedir ve 'Teselli' anlamına gelir. İngilizce karşılığı 'Alleviate' olabilir.";"Hafifletmek | Yatıştırmak";"freedict+kelly+frequencywords"
"C2";"Yığın";"CHUNK";"Noun";"5987";"AI onaylı";"ai_approved";"ollama:qwen2.5-coder:7b";"0.9";"Yığın";"Cevap 'CHUNK' Türkçe'de yaygın bir kelimedir ve 'Yığın' anlamına gelir. İngilizce karşılığı 'Chunk' olabilir.";"Külçe";"freedict+kelly+frequencywords"
"C2";"Buğday";"WHEAT";"Noun";"5988";"AI onaylı";"ai_approved";"ollama:qwen2.5-coder:7b";"0.95";"Buğday";"Cevap ve ipucu tam olarak eşleşiyor ve seviye uygun.";"";"freedict+kelly+frequencywords"
"C2";"Ayırmak";"DESTINE";"Verb";"5990";"AI onaylı";"ai_approved";"ollama:qwen2.5-coder:7b";"0.95";"Ayırmak";"Cevap ve ipucu tam olarak eşleşiyor ve seviye uygun.";"";"freedict+kelly+frequencywords"
"C2";"Örnek";"PARADIGM";"Noun";"5992";"AI onaylı";"ai_approved";"ollama:qwen2.5-coder:7b";"0.95";"Örnek";"Cevap ve ipucu tam olarak eşleşiyor ve seviye uygun.";"Numune";"freedict+kelly+frequencywords"
"C2";"Minibüs";"MINIBUS";"Noun";"5995";"AI onaylı";"ai_approved";"ollama:qwen2.5-coder:7b";"0.95";"Minibüs";"Cevap ve ipucu tam olarak eşleşiyor ve seviye uygun.";"";"freedict+kelly+frequencywords"
"C2";"Osuruk";"FART";"Verb";"5998";"AI onaylı";"ai_approved";"ollama:qwen2.5-coder:7b";"0.95";"Osuruk";"Cevap ve ipucu tam olarak eşleşiyor ve seviye uygun.";"";"freedict+kelly+frequencywords"
