"Uzunluk";"Cevap";"Kategori";"Atom Numarası";"Türkçe İpucu";"İngilizce İpucu";"Alternatif Türkçe İpuçları";"Durum"
"1";"A";"alphabet";"";"İngiliz alfabesinin ilk harfi";"First letter of the English alphabet";"";"approved"
"1";"B";"alphabet";"";"İngiliz alfabesinde A harfinden sonra";"After A in the English alphabet";"Atom numarası 5 olan elementin simgesi";"approved"
"1";"C";"alphabet";"";"İngiliz alfabesinde B harfinden sonra";"After B in the English alphabet";"Atom numarası 6 olan elementin simgesi";"approved"
"1";"Ç";"alphabet";"";"Türk alfabesinde C harfinden sonra";"After C in the Turkish alphabet";"";"approved"
"1";"D";"alphabet";"";"İngiliz alfabesinde C harfinden sonra";"After C in the English alphabet";"";"approved"
"1";"E";"alphabet";"";"İngiliz alfabesinde D harfinden sonra";"After D in the English alphabet";"";"approved"
"1";"F";"alphabet";"";"İngiliz alfabesinde E harfinden sonra";"After E in the English alphabet";"Atom numarası 9 olan elementin simgesi";"approved"
"1";"G";"alphabet";"";"İngiliz alfabesinde F harfinden sonra";"After F in the English alphabet";"";"approved"
"1";"Ğ";"alphabet";"";"Türk alfabesinde G harfinden sonra";"After G in the Turkish alphabet";"";"approved"
"1";"H";"alphabet";"";"İngiliz alfabesinde G harfinden sonra";"After G in the English alphabet";"Atom numarası 1 olan elementin simgesi";"approved"
"1";"I";"alphabet";"";"İngiliz alfabesinde H harfinden sonra";"After H in the English alphabet";"Atom numarası 53 olan elementin simgesi";"approved"
"1";"İ";"alphabet";"";"Türk alfabesinde I harfinden sonra";"After I in the Turkish alphabet";"";"approved"
"1";"J";"alphabet";"";"İngiliz alfabesinde I harfinden sonra";"After I in the English alphabet";"";"approved"
"1";"K";"alphabet";"";"İngiliz alfabesinde J harfinden sonra";"After J in the English alphabet";"Atom numarası 19 olan elementin simgesi";"approved"
"1";"L";"alphabet";"";"İngiliz alfabesinde K harfinden sonra";"After K in the English alphabet";"";"approved"
"1";"M";"alphabet";"";"İngiliz alfabesinde L harfinden sonra";"After L in the English alphabet";"";"approved"
"1";"N";"alphabet";"";"İngiliz alfabesinde M harfinden sonra";"After M in the English alphabet";"Atom numarası 7 olan elementin simgesi";"approved"
"1";"O";"alphabet";"";"İngiliz alfabesinde N harfinden sonra";"After N in the English alphabet";"Atom numarası 8 olan elementin simgesi";"approved"
"1";"Ö";"alphabet";"";"Türk alfabesinde O harfinden sonra";"After O in the Turkish alphabet";"";"approved"
"1";"P";"alphabet";"";"İngiliz alfabesinde O harfinden sonra";"After O in the English alphabet";"Atom numarası 15 olan elementin simgesi";"approved"
"1";"Q";"alphabet";"";"İngiliz alfabesinde P harfinden sonra";"After P in the English alphabet";"";"approved"
"1";"R";"alphabet";"";"İngiliz alfabesinde Q harfinden sonra";"After Q in the English alphabet";"";"approved"
"1";"S";"alphabet";"";"İngiliz alfabesinde R harfinden sonra";"After R in the English alphabet";"Atom numarası 16 olan elementin simgesi";"approved"
"1";"Ş";"alphabet";"";"Türk alfabesinde S harfinden sonra";"After S in the Turkish alphabet";"";"approved"
"1";"T";"alphabet";"";"İngiliz alfabesinde S harfinden sonra";"After S in the English alphabet";"";"approved"
"1";"U";"alphabet";"";"İngiliz alfabesinde T harfinden sonra";"After T in the English alphabet";"Atom numarası 92 olan elementin simgesi";"approved"
"1";"Ü";"alphabet";"";"Türk alfabesinde U harfinden sonra";"After U in the Turkish alphabet";"";"approved"
"1";"V";"alphabet";"";"İngiliz alfabesinde U harfinden sonra";"After U in the English alphabet";"Atom numarası 23 olan elementin simgesi";"approved"
"1";"W";"alphabet";"";"İngiliz alfabesinde V harfinden sonra";"After V in the English alphabet";"Atom numarası 74 olan elementin simgesi";"approved"
"1";"X";"alphabet";"";"İngiliz alfabesinde W harfinden sonra";"After W in the English alphabet";"";"approved"
"1";"Y";"alphabet";"";"İngiliz alfabesinde X harfinden sonra";"After X in the English alphabet";"Atom numarası 39 olan elementin simgesi";"approved"
"1";"Z";"alphabet";"";"İngiliz alfabesinde Y harfinden sonra";"After Y in the English alphabet";"";"approved"
"2";"AA";"alphabet-pair";"";"İngiliz alfabesinde A ve A harfleri";"Letters A and A in the English alphabet";"";"approved"
"2";"AB";"alphabet-pair";"";"İngiliz alfabesinde A ve B harfleri";"Letters A and B in the English alphabet";"";"approved"
"2";"AC";"element-symbol";"89";"Atom numarası 89 olan elementin simgesi";"Symbol of the element with atomic number 89";"İngiliz alfabesinde A ve C harfleri";"approved"
"2";"AÇ";"alphabet-pair";"";"Türk alfabesinde A ve Ç harfleri";"Letters A and Ç in the Turkish alphabet";"";"approved"
"2";"AD";"alphabet-pair";"";"İngiliz alfabesinde A ve D harfleri";"Letters A and D in the English alphabet";"";"approved"
"2";"AE";"alphabet-pair";"";"İngiliz alfabesinde A ve E harfleri";"Letters A and E in the English alphabet";"";"approved"
"2";"AF";"alphabet-pair";"";"İngiliz alfabesinde A ve F harfleri";"Letters A and F in the English alphabet";"";"approved"
"2";"AG";"element-symbol";"47";"Atom numarası 47 olan elementin simgesi";"Symbol of the element with atomic number 47";"İngiliz alfabesinde A ve G harfleri";"approved"
"2";"AĞ";"alphabet-pair";"";"Türk alfabesinde A ve Ğ harfleri";"Letters A and Ğ in the Turkish alphabet";"";"approved"
"2";"AH";"alphabet-pair";"";"İngiliz alfabesinde A ve H harfleri";"Letters A and H in the English alphabet";"";"approved"
"2";"AI";"alphabet-pair";"";"İngiliz alfabesinde A ve I harfleri";"Letters A and I in the English alphabet";"";"approved"
"2";"Aİ";"alphabet-pair";"";"Türk alfabesinde A ve İ harfleri";"Letters A and İ in the Turkish alphabet";"";"approved"
"2";"AJ";"alphabet-pair";"";"İngiliz alfabesinde A ve J harfleri";"Letters A and J in the English alphabet";"";"approved"
"2";"AK";"alphabet-pair";"";"İngiliz alfabesinde A ve K harfleri";"Letters A and K in the English alphabet";"";"approved"
"2";"AL";"element-symbol";"13";"Atom numarası 13 olan elementin simgesi";"Symbol of the element with atomic number 13";"İngiliz alfabesinde A ve L harfleri";"approved"
"2";"AM";"element-symbol";"95";"Atom numarası 95 olan elementin simgesi";"Symbol of the element with atomic number 95";"İngiliz alfabesinde A ve M harfleri";"approved"
"2";"AN";"alphabet-pair";"";"İngiliz alfabesinde A ve N harfleri";"Letters A and N in the English alphabet";"";"approved"
"2";"AO";"alphabet-pair";"";"İngiliz alfabesinde A ve O harfleri";"Letters A and O in the English alphabet";"";"approved"
"2";"AÖ";"alphabet-pair";"";"Türk alfabesinde A ve Ö harfleri";"Letters A and Ö in the Turkish alphabet";"";"approved"
"2";"AP";"alphabet-pair";"";"İngiliz alfabesinde A ve P harfleri";"Letters A and P in the English alphabet";"";"approved"
"2";"AQ";"alphabet-pair";"";"İngiliz alfabesinde A ve Q harfleri";"Letters A and Q in the English alphabet";"";"approved"
"2";"AR";"element-symbol";"18";"Atom numarası 18 olan elementin simgesi";"Symbol of the element with atomic number 18";"İngiliz alfabesinde A ve R harfleri";"approved"
"2";"AS";"element-symbol";"33";"Atom numarası 33 olan elementin simgesi";"Symbol of the element with atomic number 33";"İngiliz alfabesinde A ve S harfleri";"approved"
"2";"AŞ";"alphabet-pair";"";"Türk alfabesinde A ve Ş harfleri";"Letters A and Ş in the Turkish alphabet";"";"approved"
"2";"AT";"element-symbol";"85";"Atom numarası 85 olan elementin simgesi";"Symbol of the element with atomic number 85";"İngiliz alfabesinde A ve T harfleri";"approved"
"2";"AU";"element-symbol";"79";"Atom numarası 79 olan elementin simgesi";"Symbol of the element with atomic number 79";"İngiliz alfabesinde A ve U harfleri";"approved"
"2";"AÜ";"alphabet-pair";"";"Türk alfabesinde A ve Ü harfleri";"Letters A and Ü in the Turkish alphabet";"";"approved"
"2";"AV";"alphabet-pair";"";"İngiliz alfabesinde A ve V harfleri";"Letters A and V in the English alphabet";"";"approved"
"2";"AW";"alphabet-pair";"";"İngiliz alfabesinde A ve W harfleri";"Letters A and W in the English alphabet";"";"approved"
"2";"AX";"alphabet-pair";"";"İngiliz alfabesinde A ve X harfleri";"Letters A and X in the English alphabet";"";"approved"
"2";"AY";"alphabet-pair";"";"İngiliz alfabesinde A ve Y harfleri";"Letters A and Y in the English alphabet";"";"approved"
"2";"AZ";"alphabet-pair";"";"İngiliz alfabesinde A ve Z harfleri";"Letters A and Z in the English alphabet";"";"approved"
"2";"BA";"element-symbol";"56";"Atom numarası 56 olan elementin simgesi";"Symbol of the element with atomic number 56";"İngiliz alfabesinde B ve A harfleri";"approved"
"2";"BB";"alphabet-pair";"";"İngiliz alfabesinde B ve B harfleri";"Letters B and B in the English alphabet";"";"approved"
"2";"BC";"alphabet-pair";"";"İngiliz alfabesinde B ve C harfleri";"Letters B and C in the English alphabet";"";"approved"
"2";"BÇ";"alphabet-pair";"";"Türk alfabesinde B ve Ç harfleri";"Letters B and Ç in the Turkish alphabet";"";"approved"
"2";"BD";"alphabet-pair";"";"İngiliz alfabesinde B ve D harfleri";"Letters B and D in the English alphabet";"";"approved"
"2";"BE";"element-symbol";"4";"Atom numarası 4 olan elementin simgesi";"Symbol of the element with atomic number 4";"İngiliz alfabesinde B ve E harfleri";"approved"
"2";"BF";"alphabet-pair";"";"İngiliz alfabesinde B ve F harfleri";"Letters B and F in the English alphabet";"";"approved"
"2";"BG";"alphabet-pair";"";"İngiliz alfabesinde B ve G harfleri";"Letters B and G in the English alphabet";"";"approved"
"2";"BĞ";"alphabet-pair";"";"Türk alfabesinde B ve Ğ harfleri";"Letters B and Ğ in the Turkish alphabet";"";"approved"
"2";"BH";"element-symbol";"107";"Atom numarası 107 olan elementin simgesi";"Symbol of the element with atomic number 107";"İngiliz alfabesinde B ve H harfleri";"approved"
"2";"BI";"element-symbol";"83";"Atom numarası 83 olan elementin simgesi";"Symbol of the element with atomic number 83";"İngiliz alfabesinde B ve I harfleri";"approved"
"2";"Bİ";"alphabet-pair";"";"Türk alfabesinde B ve İ harfleri";"Letters B and İ in the Turkish alphabet";"";"approved"
"2";"BJ";"alphabet-pair";"";"İngiliz alfabesinde B ve J harfleri";"Letters B and J in the English alphabet";"";"approved"
"2";"BK";"element-symbol";"97";"Atom numarası 97 olan elementin simgesi";"Symbol of the element with atomic number 97";"İngiliz alfabesinde B ve K harfleri";"approved"
"2";"BL";"alphabet-pair";"";"İngiliz alfabesinde B ve L harfleri";"Letters B and L in the English alphabet";"";"approved"
"2";"BM";"alphabet-pair";"";"İngiliz alfabesinde B ve M harfleri";"Letters B and M in the English alphabet";"";"approved"
"2";"BN";"alphabet-pair";"";"İngiliz alfabesinde B ve N harfleri";"Letters B and N in the English alphabet";"";"approved"
"2";"BO";"alphabet-pair";"";"İngiliz alfabesinde B ve O harfleri";"Letters B and O in the English alphabet";"";"approved"
"2";"BÖ";"alphabet-pair";"";"Türk alfabesinde B ve Ö harfleri";"Letters B and Ö in the Turkish alphabet";"";"approved"
"2";"BP";"alphabet-pair";"";"İngiliz alfabesinde B ve P harfleri";"Letters B and P in the English alphabet";"";"approved"
"2";"BQ";"alphabet-pair";"";"İngiliz alfabesinde B ve Q harfleri";"Letters B and Q in the English alphabet";"";"approved"
"2";"BR";"element-symbol";"35";"Atom numarası 35 olan elementin simgesi";"Symbol of the element with atomic number 35";"İngiliz alfabesinde B ve R harfleri";"approved"
"2";"BS";"alphabet-pair";"";"İngiliz alfabesinde B ve S harfleri";"Letters B and S in the English alphabet";"";"approved"
"2";"BŞ";"alphabet-pair";"";"Türk alfabesinde B ve Ş harfleri";"Letters B and Ş in the Turkish alphabet";"";"approved"
"2";"BT";"alphabet-pair";"";"İngiliz alfabesinde B ve T harfleri";"Letters B and T in the English alphabet";"";"approved"
"2";"BU";"alphabet-pair";"";"İngiliz alfabesinde B ve U harfleri";"Letters B and U in the English alphabet";"";"approved"
"2";"BÜ";"alphabet-pair";"";"Türk alfabesinde B ve Ü harfleri";"Letters B and Ü in the Turkish alphabet";"";"approved"
"2";"BV";"alphabet-pair";"";"İngiliz alfabesinde B ve V harfleri";"Letters B and V in the English alphabet";"";"approved"
"2";"BW";"alphabet-pair";"";"İngiliz alfabesinde B ve W harfleri";"Letters B and W in the English alphabet";"";"approved"
"2";"BX";"alphabet-pair";"";"İngiliz alfabesinde B ve X harfleri";"Letters B and X in the English alphabet";"";"approved"
"2";"BY";"alphabet-pair";"";"İngiliz alfabesinde B ve Y harfleri";"Letters B and Y in the English alphabet";"";"approved"
"2";"BZ";"alphabet-pair";"";"İngiliz alfabesinde B ve Z harfleri";"Letters B and Z in the English alphabet";"";"approved"
"2";"CA";"element-symbol";"20";"Atom numarası 20 olan elementin simgesi";"Symbol of the element with atomic number 20";"İngiliz alfabesinde C ve A harfleri";"approved"
"2";"ÇA";"alphabet-pair";"";"Türk alfabesinde Ç ve A harfleri";"Letters Ç and A in the Turkish alphabet";"";"approved"
"2";"CB";"alphabet-pair";"";"İngiliz alfabesinde C ve B harfleri";"Letters C and B in the English alphabet";"";"approved"
"2";"ÇB";"alphabet-pair";"";"Türk alfabesinde Ç ve B harfleri";"Letters Ç and B in the Turkish alphabet";"";"approved"
"2";"CC";"alphabet-pair";"";"İngiliz alfabesinde C ve C harfleri";"Letters C and C in the English alphabet";"";"approved"
"2";"CÇ";"alphabet-pair";"";"Türk alfabesinde C ve Ç harfleri";"Letters C and Ç in the Turkish alphabet";"";"approved"
"2";"ÇC";"alphabet-pair";"";"Türk alfabesinde Ç ve C harfleri";"Letters Ç and C in the Turkish alphabet";"";"approved"
"2";"ÇÇ";"alphabet-pair";"";"Türk alfabesinde Ç ve Ç harfleri";"Letters Ç and Ç in the Turkish alphabet";"";"approved"
"2";"CD";"element-symbol";"48";"Atom numarası 48 olan elementin simgesi";"Symbol of the element with atomic number 48";"İngiliz alfabesinde C ve D harfleri";"approved"
"2";"ÇD";"alphabet-pair";"";"Türk alfabesinde Ç ve D harfleri";"Letters Ç and D in the Turkish alphabet";"";"approved"
"2";"CE";"element-symbol";"58";"Atom numarası 58 olan elementin simgesi";"Symbol of the element with atomic number 58";"İngiliz alfabesinde C ve E harfleri";"approved"
"2";"ÇE";"alphabet-pair";"";"Türk alfabesinde Ç ve E harfleri";"Letters Ç and E in the Turkish alphabet";"";"approved"
"2";"CF";"element-symbol";"98";"Atom numarası 98 olan elementin simgesi";"Symbol of the element with atomic number 98";"İngiliz alfabesinde C ve F harfleri";"approved"
"2";"ÇF";"alphabet-pair";"";"Türk alfabesinde Ç ve F harfleri";"Letters Ç and F in the Turkish alphabet";"";"approved"
"2";"CG";"alphabet-pair";"";"İngiliz alfabesinde C ve G harfleri";"Letters C and G in the English alphabet";"";"approved"
"2";"CĞ";"alphabet-pair";"";"Türk alfabesinde C ve Ğ harfleri";"Letters C and Ğ in the Turkish alphabet";"";"approved"
"2";"ÇG";"alphabet-pair";"";"Türk alfabesinde Ç ve G harfleri";"Letters Ç and G in the Turkish alphabet";"";"approved"
"2";"ÇĞ";"alphabet-pair";"";"Türk alfabesinde Ç ve Ğ harfleri";"Letters Ç and Ğ in the Turkish alphabet";"";"approved"
"2";"CH";"alphabet-pair";"";"İngiliz alfabesinde C ve H harfleri";"Letters C and H in the English alphabet";"";"approved"
"2";"ÇH";"alphabet-pair";"";"Türk alfabesinde Ç ve H harfleri";"Letters Ç and H in the Turkish alphabet";"";"approved"
"2";"CI";"alphabet-pair";"";"İngiliz alfabesinde C ve I harfleri";"Letters C and I in the English alphabet";"";"approved"
"2";"Cİ";"alphabet-pair";"";"Türk alfabesinde C ve İ harfleri";"Letters C and İ in the Turkish alphabet";"";"approved"
"2";"ÇI";"alphabet-pair";"";"Türk alfabesinde Ç ve I harfleri";"Letters Ç and I in the Turkish alphabet";"";"approved"
"2";"Çİ";"alphabet-pair";"";"Türk alfabesinde Ç ve İ harfleri";"Letters Ç and İ in the Turkish alphabet";"";"approved"
"2";"CJ";"alphabet-pair";"";"İngiliz alfabesinde C ve J harfleri";"Letters C and J in the English alphabet";"";"approved"
"2";"ÇJ";"alphabet-pair";"";"Türk alfabesinde Ç ve J harfleri";"Letters Ç and J in the Turkish alphabet";"";"approved"
"2";"CK";"alphabet-pair";"";"İngiliz alfabesinde C ve K harfleri";"Letters C and K in the English alphabet";"";"approved"
"2";"ÇK";"alphabet-pair";"";"Türk alfabesinde Ç ve K harfleri";"Letters Ç and K in the Turkish alphabet";"";"approved"
"2";"CL";"element-symbol";"17";"Atom numarası 17 olan elementin simgesi";"Symbol of the element with atomic number 17";"İngiliz alfabesinde C ve L harfleri";"approved"
"2";"ÇL";"alphabet-pair";"";"Türk alfabesinde Ç ve L harfleri";"Letters Ç and L in the Turkish alphabet";"";"approved"
"2";"CM";"element-symbol";"96";"Atom numarası 96 olan elementin simgesi";"Symbol of the element with atomic number 96";"İngiliz alfabesinde C ve M harfleri";"approved"
"2";"ÇM";"alphabet-pair";"";"Türk alfabesinde Ç ve M harfleri";"Letters Ç and M in the Turkish alphabet";"";"approved"
"2";"CN";"element-symbol";"112";"Atom numarası 112 olan elementin simgesi";"Symbol of the element with atomic number 112";"İngiliz alfabesinde C ve N harfleri";"approved"
"2";"ÇN";"alphabet-pair";"";"Türk alfabesinde Ç ve N harfleri";"Letters Ç and N in the Turkish alphabet";"";"approved"
"2";"CO";"element-symbol";"27";"Atom numarası 27 olan elementin simgesi";"Symbol of the element with atomic number 27";"İngiliz alfabesinde C ve O harfleri";"approved"
"2";"CÖ";"alphabet-pair";"";"Türk alfabesinde C ve Ö harfleri";"Letters C and Ö in the Turkish alphabet";"";"approved"
"2";"ÇO";"alphabet-pair";"";"Türk alfabesinde Ç ve O harfleri";"Letters Ç and O in the Turkish alphabet";"";"approved"
"2";"ÇÖ";"alphabet-pair";"";"Türk alfabesinde Ç ve Ö harfleri";"Letters Ç and Ö in the Turkish alphabet";"";"approved"
"2";"CP";"alphabet-pair";"";"İngiliz alfabesinde C ve P harfleri";"Letters C and P in the English alphabet";"";"approved"
"2";"ÇP";"alphabet-pair";"";"Türk alfabesinde Ç ve P harfleri";"Letters Ç and P in the Turkish alphabet";"";"approved"
"2";"CQ";"alphabet-pair";"";"İngiliz alfabesinde C ve Q harfleri";"Letters C and Q in the English alphabet";"";"approved"
"2";"CR";"element-symbol";"24";"Atom numarası 24 olan elementin simgesi";"Symbol of the element with atomic number 24";"İngiliz alfabesinde C ve R harfleri";"approved"
"2";"ÇR";"alphabet-pair";"";"Türk alfabesinde Ç ve R harfleri";"Letters Ç and R in the Turkish alphabet";"";"approved"
"2";"CS";"element-symbol";"55";"Atom numarası 55 olan elementin simgesi";"Symbol of the element with atomic number 55";"İngiliz alfabesinde C ve S harfleri";"approved"
"2";"CŞ";"alphabet-pair";"";"Türk alfabesinde C ve Ş harfleri";"Letters C and Ş in the Turkish alphabet";"";"approved"
"2";"ÇS";"alphabet-pair";"";"Türk alfabesinde Ç ve S harfleri";"Letters Ç and S in the Turkish alphabet";"";"approved"
"2";"ÇŞ";"alphabet-pair";"";"Türk alfabesinde Ç ve Ş harfleri";"Letters Ç and Ş in the Turkish alphabet";"";"approved"
"2";"CT";"alphabet-pair";"";"İngiliz alfabesinde C ve T harfleri";"Letters C and T in the English alphabet";"";"approved"
"2";"ÇT";"alphabet-pair";"";"Türk alfabesinde Ç ve T harfleri";"Letters Ç and T in the Turkish alphabet";"";"approved"
"2";"CU";"element-symbol";"29";"Atom numarası 29 olan elementin simgesi";"Symbol of the element with atomic number 29";"İngiliz alfabesinde C ve U harfleri";"approved"
"2";"CÜ";"alphabet-pair";"";"Türk alfabesinde C ve Ü harfleri";"Letters C and Ü in the Turkish alphabet";"";"approved"
"2";"ÇU";"alphabet-pair";"";"Türk alfabesinde Ç ve U harfleri";"Letters Ç and U in the Turkish alphabet";"";"approved"
"2";"ÇÜ";"alphabet-pair";"";"Türk alfabesinde Ç ve Ü harfleri";"Letters Ç and Ü in the Turkish alphabet";"";"approved"
"2";"CV";"alphabet-pair";"";"İngiliz alfabesinde C ve V harfleri";"Letters C and V in the English alphabet";"";"approved"
"2";"ÇV";"alphabet-pair";"";"Türk alfabesinde Ç ve V harfleri";"Letters Ç and V in the Turkish alphabet";"";"approved"
"2";"CW";"alphabet-pair";"";"İngiliz alfabesinde C ve W harfleri";"Letters C and W in the English alphabet";"";"approved"
"2";"CX";"alphabet-pair";"";"İngiliz alfabesinde C ve X harfleri";"Letters C and X in the English alphabet";"";"approved"
"2";"CY";"alphabet-pair";"";"İngiliz alfabesinde C ve Y harfleri";"Letters C and Y in the English alphabet";"";"approved"
"2";"ÇY";"alphabet-pair";"";"Türk alfabesinde Ç ve Y harfleri";"Letters Ç and Y in the Turkish alphabet";"";"approved"
"2";"CZ";"alphabet-pair";"";"İngiliz alfabesinde C ve Z harfleri";"Letters C and Z in the English alphabet";"";"approved"
"2";"ÇZ";"alphabet-pair";"";"Türk alfabesinde Ç ve Z harfleri";"Letters Ç and Z in the Turkish alphabet";"";"approved"
"2";"DA";"alphabet-pair";"";"İngiliz alfabesinde D ve A harfleri";"Letters D and A in the English alphabet";"";"approved"
"2";"DB";"element-symbol";"105";"Atom numarası 105 olan elementin simgesi";"Symbol of the element with atomic number 105";"İngiliz alfabesinde D ve B harfleri";"approved"
"2";"DC";"alphabet-pair";"";"İngiliz alfabesinde D ve C harfleri";"Letters D and C in the English alphabet";"";"approved"
"2";"DÇ";"alphabet-pair";"";"Türk alfabesinde D ve Ç harfleri";"Letters D and Ç in the Turkish alphabet";"";"approved"
"2";"DD";"alphabet-pair";"";"İngiliz alfabesinde D ve D harfleri";"Letters D and D in the English alphabet";"";"approved"
"2";"DE";"alphabet-pair";"";"İngiliz alfabesinde D ve E harfleri";"Letters D and E in the English alphabet";"";"approved"
"2";"DF";"alphabet-pair";"";"İngiliz alfabesinde D ve F harfleri";"Letters D and F in the English alphabet";"";"approved"
"2";"DG";"alphabet-pair";"";"İngiliz alfabesinde D ve G harfleri";"Letters D and G in the English alphabet";"";"approved"
"2";"DĞ";"alphabet-pair";"";"Türk alfabesinde D ve Ğ harfleri";"Letters D and Ğ in the Turkish alphabet";"";"approved"
"2";"DH";"alphabet-pair";"";"İngiliz alfabesinde D ve H harfleri";"Letters D and H in the English alphabet";"";"approved"
"2";"DI";"alphabet-pair";"";"İngiliz alfabesinde D ve I harfleri";"Letters D and I in the English alphabet";"";"approved"
"2";"Dİ";"alphabet-pair";"";"Türk alfabesinde D ve İ harfleri";"Letters D and İ in the Turkish alphabet";"";"approved"
"2";"DJ";"alphabet-pair";"";"İngiliz alfabesinde D ve J harfleri";"Letters D and J in the English alphabet";"";"approved"
"2";"DK";"alphabet-pair";"";"İngiliz alfabesinde D ve K harfleri";"Letters D and K in the English alphabet";"";"approved"
"2";"DL";"alphabet-pair";"";"İngiliz alfabesinde D ve L harfleri";"Letters D and L in the English alphabet";"";"approved"
"2";"DM";"alphabet-pair";"";"İngiliz alfabesinde D ve M harfleri";"Letters D and M in the English alphabet";"";"approved"
"2";"DN";"alphabet-pair";"";"İngiliz alfabesinde D ve N harfleri";"Letters D and N in the English alphabet";"";"approved"
"2";"DO";"alphabet-pair";"";"İngiliz alfabesinde D ve O harfleri";"Letters D and O in the English alphabet";"";"approved"
"2";"DÖ";"alphabet-pair";"";"Türk alfabesinde D ve Ö harfleri";"Letters D and Ö in the Turkish alphabet";"";"approved"
"2";"DP";"alphabet-pair";"";"İngiliz alfabesinde D ve P harfleri";"Letters D and P in the English alphabet";"";"approved"
"2";"DQ";"alphabet-pair";"";"İngiliz alfabesinde D ve Q harfleri";"Letters D and Q in the English alphabet";"";"approved"
"2";"DR";"alphabet-pair";"";"İngiliz alfabesinde D ve R harfleri";"Letters D and R in the English alphabet";"";"approved"
"2";"DS";"element-symbol";"110";"Atom numarası 110 olan elementin simgesi";"Symbol of the element with atomic number 110";"İngiliz alfabesinde D ve S harfleri";"approved"
"2";"DŞ";"alphabet-pair";"";"Türk alfabesinde D ve Ş harfleri";"Letters D and Ş in the Turkish alphabet";"";"approved"
"2";"DT";"alphabet-pair";"";"İngiliz alfabesinde D ve T harfleri";"Letters D and T in the English alphabet";"";"approved"
"2";"DU";"alphabet-pair";"";"İngiliz alfabesinde D ve U harfleri";"Letters D and U in the English alphabet";"";"approved"
"2";"DÜ";"alphabet-pair";"";"Türk alfabesinde D ve Ü harfleri";"Letters D and Ü in the Turkish alphabet";"";"approved"
"2";"DV";"alphabet-pair";"";"İngiliz alfabesinde D ve V harfleri";"Letters D and V in the English alphabet";"";"approved"
"2";"DW";"alphabet-pair";"";"İngiliz alfabesinde D ve W harfleri";"Letters D and W in the English alphabet";"";"approved"
"2";"DX";"alphabet-pair";"";"İngiliz alfabesinde D ve X harfleri";"Letters D and X in the English alphabet";"";"approved"
"2";"DY";"element-symbol";"66";"Atom numarası 66 olan elementin simgesi";"Symbol of the element with atomic number 66";"İngiliz alfabesinde D ve Y harfleri";"approved"
"2";"DZ";"alphabet-pair";"";"İngiliz alfabesinde D ve Z harfleri";"Letters D and Z in the English alphabet";"";"approved"
"2";"EA";"alphabet-pair";"";"İngiliz alfabesinde E ve A harfleri";"Letters E and A in the English alphabet";"";"approved"
"2";"EB";"alphabet-pair";"";"İngiliz alfabesinde E ve B harfleri";"Letters E and B in the English alphabet";"";"approved"
"2";"EC";"alphabet-pair";"";"İngiliz alfabesinde E ve C harfleri";"Letters E and C in the English alphabet";"";"approved"
"2";"EÇ";"alphabet-pair";"";"Türk alfabesinde E ve Ç harfleri";"Letters E and Ç in the Turkish alphabet";"";"approved"
"2";"ED";"alphabet-pair";"";"İngiliz alfabesinde E ve D harfleri";"Letters E and D in the English alphabet";"";"approved"
"2";"EE";"alphabet-pair";"";"İngiliz alfabesinde E ve E harfleri";"Letters E and E in the English alphabet";"";"approved"
"2";"EF";"alphabet-pair";"";"İngiliz alfabesinde E ve F harfleri";"Letters E and F in the English alphabet";"";"approved"
"2";"EG";"alphabet-pair";"";"İngiliz alfabesinde E ve G harfleri";"Letters E and G in the English alphabet";"";"approved"
"2";"EĞ";"alphabet-pair";"";"Türk alfabesinde E ve Ğ harfleri";"Letters E and Ğ in the Turkish alphabet";"";"approved"
"2";"EH";"alphabet-pair";"";"İngiliz alfabesinde E ve H harfleri";"Letters E and H in the English alphabet";"";"approved"
"2";"EI";"alphabet-pair";"";"İngiliz alfabesinde E ve I harfleri";"Letters E and I in the English alphabet";"";"approved"
"2";"Eİ";"alphabet-pair";"";"Türk alfabesinde E ve İ harfleri";"Letters E and İ in the Turkish alphabet";"";"approved"
"2";"EJ";"alphabet-pair";"";"İngiliz alfabesinde E ve J harfleri";"Letters E and J in the English alphabet";"";"approved"
"2";"EK";"alphabet-pair";"";"İngiliz alfabesinde E ve K harfleri";"Letters E and K in the English alphabet";"";"approved"
"2";"EL";"alphabet-pair";"";"İngiliz alfabesinde E ve L harfleri";"Letters E and L in the English alphabet";"";"approved"
"2";"EM";"alphabet-pair";"";"İngiliz alfabesinde E ve M harfleri";"Letters E and M in the English alphabet";"";"approved"
"2";"EN";"alphabet-pair";"";"İngiliz alfabesinde E ve N harfleri";"Letters E and N in the English alphabet";"";"approved"
"2";"EO";"alphabet-pair";"";"İngiliz alfabesinde E ve O harfleri";"Letters E and O in the English alphabet";"";"approved"
"2";"EÖ";"alphabet-pair";"";"Türk alfabesinde E ve Ö harfleri";"Letters E and Ö in the Turkish alphabet";"";"approved"
"2";"EP";"alphabet-pair";"";"İngiliz alfabesinde E ve P harfleri";"Letters E and P in the English alphabet";"";"approved"
"2";"EQ";"alphabet-pair";"";"İngiliz alfabesinde E ve Q harfleri";"Letters E and Q in the English alphabet";"";"approved"
"2";"ER";"element-symbol";"68";"Atom numarası 68 olan elementin simgesi";"Symbol of the element with atomic number 68";"İngiliz alfabesinde E ve R harfleri";"approved"
"2";"ES";"element-symbol";"99";"Atom numarası 99 olan elementin simgesi";"Symbol of the element with atomic number 99";"İngiliz alfabesinde E ve S harfleri";"approved"
"2";"EŞ";"alphabet-pair";"";"Türk alfabesinde E ve Ş harfleri";"Letters E and Ş in the Turkish alphabet";"";"approved"
"2";"ET";"alphabet-pair";"";"İngiliz alfabesinde E ve T harfleri";"Letters E and T in the English alphabet";"";"approved"
"2";"EU";"element-symbol";"63";"Atom numarası 63 olan elementin simgesi";"Symbol of the element with atomic number 63";"İngiliz alfabesinde E ve U harfleri";"approved"
"2";"EÜ";"alphabet-pair";"";"Türk alfabesinde E ve Ü harfleri";"Letters E and Ü in the Turkish alphabet";"";"approved"
"2";"EV";"alphabet-pair";"";"İngiliz alfabesinde E ve V harfleri";"Letters E and V in the English alphabet";"";"approved"
"2";"EW";"alphabet-pair";"";"İngiliz alfabesinde E ve W harfleri";"Letters E and W in the English alphabet";"";"approved"
"2";"EX";"alphabet-pair";"";"İngiliz alfabesinde E ve X harfleri";"Letters E and X in the English alphabet";"";"approved"
"2";"EY";"alphabet-pair";"";"İngiliz alfabesinde E ve Y harfleri";"Letters E and Y in the English alphabet";"";"approved"
"2";"EZ";"alphabet-pair";"";"İngiliz alfabesinde E ve Z harfleri";"Letters E and Z in the English alphabet";"";"approved"
"2";"FA";"alphabet-pair";"";"İngiliz alfabesinde F ve A harfleri";"Letters F and A in the English alphabet";"";"approved"
"2";"FB";"alphabet-pair";"";"İngiliz alfabesinde F ve B harfleri";"Letters F and B in the English alphabet";"";"approved"
"2";"FC";"alphabet-pair";"";"İngiliz alfabesinde F ve C harfleri";"Letters F and C in the English alphabet";"";"approved"
"2";"FÇ";"alphabet-pair";"";"Türk alfabesinde F ve Ç harfleri";"Letters F and Ç in the Turkish alphabet";"";"approved"
"2";"FD";"alphabet-pair";"";"İngiliz alfabesinde F ve D harfleri";"Letters F and D in the English alphabet";"";"approved"
"2";"FE";"element-symbol";"26";"Atom numarası 26 olan elementin simgesi";"Symbol of the element with atomic number 26";"İngiliz alfabesinde F ve E harfleri";"approved"
"2";"FF";"alphabet-pair";"";"İngiliz alfabesinde F ve F harfleri";"Letters F and F in the English alphabet";"";"approved"
"2";"FG";"alphabet-pair";"";"İngiliz alfabesinde F ve G harfleri";"Letters F and G in the English alphabet";"";"approved"
"2";"FĞ";"alphabet-pair";"";"Türk alfabesinde F ve Ğ harfleri";"Letters F and Ğ in the Turkish alphabet";"";"approved"
"2";"FH";"alphabet-pair";"";"İngiliz alfabesinde F ve H harfleri";"Letters F and H in the English alphabet";"";"approved"
"2";"FI";"alphabet-pair";"";"İngiliz alfabesinde F ve I harfleri";"Letters F and I in the English alphabet";"";"approved"
"2";"Fİ";"alphabet-pair";"";"Türk alfabesinde F ve İ harfleri";"Letters F and İ in the Turkish alphabet";"";"approved"
"2";"FJ";"alphabet-pair";"";"İngiliz alfabesinde F ve J harfleri";"Letters F and J in the English alphabet";"";"approved"
"2";"FK";"alphabet-pair";"";"İngiliz alfabesinde F ve K harfleri";"Letters F and K in the English alphabet";"";"approved"
"2";"FL";"element-symbol";"114";"Atom numarası 114 olan elementin simgesi";"Symbol of the element with atomic number 114";"İngiliz alfabesinde F ve L harfleri";"approved"
"2";"FM";"element-symbol";"100";"Atom numarası 100 olan elementin simgesi";"Symbol of the element with atomic number 100";"İngiliz alfabesinde F ve M harfleri";"approved"
"2";"FN";"alphabet-pair";"";"İngiliz alfabesinde F ve N harfleri";"Letters F and N in the English alphabet";"";"approved"
"2";"FO";"alphabet-pair";"";"İngiliz alfabesinde F ve O harfleri";"Letters F and O in the English alphabet";"";"approved"
"2";"FÖ";"alphabet-pair";"";"Türk alfabesinde F ve Ö harfleri";"Letters F and Ö in the Turkish alphabet";"";"approved"
"2";"FP";"alphabet-pair";"";"İngiliz alfabesinde F ve P harfleri";"Letters F and P in the English alphabet";"";"approved"
"2";"FQ";"alphabet-pair";"";"İngiliz alfabesinde F ve Q harfleri";"Letters F and Q in the English alphabet";"";"approved"
"2";"FR";"element-symbol";"87";"Atom numarası 87 olan elementin simgesi";"Symbol of the element with atomic number 87";"İngiliz alfabesinde F ve R harfleri";"approved"
"2";"FS";"alphabet-pair";"";"İngiliz alfabesinde F ve S harfleri";"Letters F and S in the English alphabet";"";"approved"
"2";"FŞ";"alphabet-pair";"";"Türk alfabesinde F ve Ş harfleri";"Letters F and Ş in the Turkish alphabet";"";"approved"
"2";"FT";"alphabet-pair";"";"İngiliz alfabesinde F ve T harfleri";"Letters F and T in the English alphabet";"";"approved"
"2";"FU";"alphabet-pair";"";"İngiliz alfabesinde F ve U harfleri";"Letters F and U in the English alphabet";"";"approved"
"2";"FÜ";"alphabet-pair";"";"Türk alfabesinde F ve Ü harfleri";"Letters F and Ü in the Turkish alphabet";"";"approved"
"2";"FV";"alphabet-pair";"";"İngiliz alfabesinde F ve V harfleri";"Letters F and V in the English alphabet";"";"approved"
"2";"FW";"alphabet-pair";"";"İngiliz alfabesinde F ve W harfleri";"Letters F and W in the English alphabet";"";"approved"
"2";"FX";"alphabet-pair";"";"İngiliz alfabesinde F ve X harfleri";"Letters F and X in the English alphabet";"";"approved"
"2";"FY";"alphabet-pair";"";"İngiliz alfabesinde F ve Y harfleri";"Letters F and Y in the English alphabet";"";"approved"
"2";"FZ";"alphabet-pair";"";"İngiliz alfabesinde F ve Z harfleri";"Letters F and Z in the English alphabet";"";"approved"
"2";"GA";"element-symbol";"31";"Atom numarası 31 olan elementin simgesi";"Symbol of the element with atomic number 31";"İngiliz alfabesinde G ve A harfleri";"approved"
"2";"ĞA";"alphabet-pair";"";"Türk alfabesinde Ğ ve A harfleri";"Letters Ğ and A in the Turkish alphabet";"";"approved"
"2";"GB";"alphabet-pair";"";"İngiliz alfabesinde G ve B harfleri";"Letters G and B in the English alphabet";"";"approved"
"2";"ĞB";"alphabet-pair";"";"Türk alfabesinde Ğ ve B harfleri";"Letters Ğ and B in the Turkish alphabet";"";"approved"
"2";"GC";"alphabet-pair";"";"İngiliz alfabesinde G ve C harfleri";"Letters G and C in the English alphabet";"";"approved"
"2";"GÇ";"alphabet-pair";"";"Türk alfabesinde G ve Ç harfleri";"Letters G and Ç in the Turkish alphabet";"";"approved"
"2";"ĞC";"alphabet-pair";"";"Türk alfabesinde Ğ ve C harfleri";"Letters Ğ and C in the Turkish alphabet";"";"approved"
"2";"ĞÇ";"alphabet-pair";"";"Türk alfabesinde Ğ ve Ç harfleri";"Letters Ğ and Ç in the Turkish alphabet";"";"approved"
"2";"GD";"element-symbol";"64";"Atom numarası 64 olan elementin simgesi";"Symbol of the element with atomic number 64";"İngiliz alfabesinde G ve D harfleri";"approved"
"2";"ĞD";"alphabet-pair";"";"Türk alfabesinde Ğ ve D harfleri";"Letters Ğ and D in the Turkish alphabet";"";"approved"
"2";"GE";"element-symbol";"32";"Atom numarası 32 olan elementin simgesi";"Symbol of the element with atomic number 32";"İngiliz alfabesinde G ve E harfleri";"approved"
"2";"ĞE";"alphabet-pair";"";"Türk alfabesinde Ğ ve E harfleri";"Letters Ğ and E in the Turkish alphabet";"";"approved"
"2";"GF";"alphabet-pair";"";"İngiliz alfabesinde G ve F harfleri";"Letters G and F in the English alphabet";"";"approved"
"2";"ĞF";"alphabet-pair";"";"Türk alfabesinde Ğ ve F harfleri";"Letters Ğ and F in the Turkish alphabet";"";"approved"
"2";"GG";"alphabet-pair";"";"İngiliz alfabesinde G ve G harfleri";"Letters G and G in the English alphabet";"";"approved"
"2";"GĞ";"alphabet-pair";"";"Türk alfabesinde G ve Ğ harfleri";"Letters G and Ğ in the Turkish alphabet";"";"approved"
"2";"ĞG";"alphabet-pair";"";"Türk alfabesinde Ğ ve G harfleri";"Letters Ğ and G in the Turkish alphabet";"";"approved"
"2";"ĞĞ";"alphabet-pair";"";"Türk alfabesinde Ğ ve Ğ harfleri";"Letters Ğ and Ğ in the Turkish alphabet";"";"approved"
"2";"GH";"alphabet-pair";"";"İngiliz alfabesinde G ve H harfleri";"Letters G and H in the English alphabet";"";"approved"
"2";"ĞH";"alphabet-pair";"";"Türk alfabesinde Ğ ve H harfleri";"Letters Ğ and H in the Turkish alphabet";"";"approved"
"2";"GI";"alphabet-pair";"";"İngiliz alfabesinde G ve I harfleri";"Letters G and I in the English alphabet";"";"approved"
"2";"Gİ";"alphabet-pair";"";"Türk alfabesinde G ve İ harfleri";"Letters G and İ in the Turkish alphabet";"";"approved"
"2";"ĞI";"alphabet-pair";"";"Türk alfabesinde Ğ ve I harfleri";"Letters Ğ and I in the Turkish alphabet";"";"approved"
"2";"Ğİ";"alphabet-pair";"";"Türk alfabesinde Ğ ve İ harfleri";"Letters Ğ and İ in the Turkish alphabet";"";"approved"
"2";"GJ";"alphabet-pair";"";"İngiliz alfabesinde G ve J harfleri";"Letters G and J in the English alphabet";"";"approved"
"2";"ĞJ";"alphabet-pair";"";"Türk alfabesinde Ğ ve J harfleri";"Letters Ğ and J in the Turkish alphabet";"";"approved"
"2";"GK";"alphabet-pair";"";"İngiliz alfabesinde G ve K harfleri";"Letters G and K in the English alphabet";"";"approved"
"2";"ĞK";"alphabet-pair";"";"Türk alfabesinde Ğ ve K harfleri";"Letters Ğ and K in the Turkish alphabet";"";"approved"
"2";"GL";"alphabet-pair";"";"İngiliz alfabesinde G ve L harfleri";"Letters G and L in the English alphabet";"";"approved"
"2";"ĞL";"alphabet-pair";"";"Türk alfabesinde Ğ ve L harfleri";"Letters Ğ and L in the Turkish alphabet";"";"approved"
"2";"GM";"alphabet-pair";"";"İngiliz alfabesinde G ve M harfleri";"Letters G and M in the English alphabet";"";"approved"
"2";"ĞM";"alphabet-pair";"";"Türk alfabesinde Ğ ve M harfleri";"Letters Ğ and M in the Turkish alphabet";"";"approved"
"2";"GN";"alphabet-pair";"";"İngiliz alfabesinde G ve N harfleri";"Letters G and N in the English alphabet";"";"approved"
"2";"ĞN";"alphabet-pair";"";"Türk alfabesinde Ğ ve N harfleri";"Letters Ğ and N in the Turkish alphabet";"";"approved"
"2";"GO";"alphabet-pair";"";"İngiliz alfabesinde G ve O harfleri";"Letters G and O in the English alphabet";"";"approved"
"2";"GÖ";"alphabet-pair";"";"Türk alfabesinde G ve Ö harfleri";"Letters G and Ö in the Turkish alphabet";"";"approved"
"2";"ĞO";"alphabet-pair";"";"Türk alfabesinde Ğ ve O harfleri";"Letters Ğ and O in the Turkish alphabet";"";"approved"
"2";"ĞÖ";"alphabet-pair";"";"Türk alfabesinde Ğ ve Ö harfleri";"Letters Ğ and Ö in the Turkish alphabet";"";"approved"
"2";"GP";"alphabet-pair";"";"İngiliz alfabesinde G ve P harfleri";"Letters G and P in the English alphabet";"";"approved"
"2";"ĞP";"alphabet-pair";"";"Türk alfabesinde Ğ ve P harfleri";"Letters Ğ and P in the Turkish alphabet";"";"approved"
"2";"GQ";"alphabet-pair";"";"İngiliz alfabesinde G ve Q harfleri";"Letters G and Q in the English alphabet";"";"approved"
"2";"GR";"alphabet-pair";"";"İngiliz alfabesinde G ve R harfleri";"Letters G and R in the English alphabet";"";"approved"
"2";"ĞR";"alphabet-pair";"";"Türk alfabesinde Ğ ve R harfleri";"Letters Ğ and R in the Turkish alphabet";"";"approved"
"2";"GS";"alphabet-pair";"";"İngiliz alfabesinde G ve S harfleri";"Letters G and S in the English alphabet";"";"approved"
"2";"GŞ";"alphabet-pair";"";"Türk alfabesinde G ve Ş harfleri";"Letters G and Ş in the Turkish alphabet";"";"approved"
"2";"ĞS";"alphabet-pair";"";"Türk alfabesinde Ğ ve S harfleri";"Letters Ğ and S in the Turkish alphabet";"";"approved"
"2";"ĞŞ";"alphabet-pair";"";"Türk alfabesinde Ğ ve Ş harfleri";"Letters Ğ and Ş in the Turkish alphabet";"";"approved"
"2";"GT";"alphabet-pair";"";"İngiliz alfabesinde G ve T harfleri";"Letters G and T in the English alphabet";"";"approved"
"2";"ĞT";"alphabet-pair";"";"Türk alfabesinde Ğ ve T harfleri";"Letters Ğ and T in the Turkish alphabet";"";"approved"
"2";"GU";"alphabet-pair";"";"İngiliz alfabesinde G ve U harfleri";"Letters G and U in the English alphabet";"";"approved"
"2";"GÜ";"alphabet-pair";"";"Türk alfabesinde G ve Ü harfleri";"Letters G and Ü in the Turkish alphabet";"";"approved"
"2";"ĞU";"alphabet-pair";"";"Türk alfabesinde Ğ ve U harfleri";"Letters Ğ and U in the Turkish alphabet";"";"approved"
"2";"ĞÜ";"alphabet-pair";"";"Türk alfabesinde Ğ ve Ü harfleri";"Letters Ğ and Ü in the Turkish alphabet";"";"approved"
"2";"GV";"alphabet-pair";"";"İngiliz alfabesinde G ve V harfleri";"Letters G and V in the English alphabet";"";"approved"
"2";"ĞV";"alphabet-pair";"";"Türk alfabesinde Ğ ve V harfleri";"Letters Ğ and V in the Turkish alphabet";"";"approved"
"2";"GW";"alphabet-pair";"";"İngiliz alfabesinde G ve W harfleri";"Letters G and W in the English alphabet";"";"approved"
"2";"GX";"alphabet-pair";"";"İngiliz alfabesinde G ve X harfleri";"Letters G and X in the English alphabet";"";"approved"
"2";"GY";"alphabet-pair";"";"İngiliz alfabesinde G ve Y harfleri";"Letters G and Y in the English alphabet";"";"approved"
"2";"ĞY";"alphabet-pair";"";"Türk alfabesinde Ğ ve Y harfleri";"Letters Ğ and Y in the Turkish alphabet";"";"approved"
"2";"GZ";"alphabet-pair";"";"İngiliz alfabesinde G ve Z harfleri";"Letters G and Z in the English alphabet";"";"approved"
"2";"ĞZ";"alphabet-pair";"";"Türk alfabesinde Ğ ve Z harfleri";"Letters Ğ and Z in the Turkish alphabet";"";"approved"
"2";"HA";"alphabet-pair";"";"İngiliz alfabesinde H ve A harfleri";"Letters H and A in the English alphabet";"";"approved"
"2";"HB";"alphabet-pair";"";"İngiliz alfabesinde H ve B harfleri";"Letters H and B in the English alphabet";"";"approved"
"2";"HC";"alphabet-pair";"";"İngiliz alfabesinde H ve C harfleri";"Letters H and C in the English alphabet";"";"approved"
"2";"HÇ";"alphabet-pair";"";"Türk alfabesinde H ve Ç harfleri";"Letters H and Ç in the Turkish alphabet";"";"approved"
"2";"HD";"alphabet-pair";"";"İngiliz alfabesinde H ve D harfleri";"Letters H and D in the English alphabet";"";"approved"
"2";"HE";"element-symbol";"2";"Atom numarası 2 olan elementin simgesi";"Symbol of the element with atomic number 2";"İngiliz alfabesinde H ve E harfleri";"approved"
"2";"HF";"element-symbol";"72";"Atom numarası 72 olan elementin simgesi";"Symbol of the element with atomic number 72";"İngiliz alfabesinde H ve F harfleri";"approved"
"2";"HG";"element-symbol";"80";"Atom numarası 80 olan elementin simgesi";"Symbol of the element with atomic number 80";"İngiliz alfabesinde H ve G harfleri";"approved"
"2";"HĞ";"alphabet-pair";"";"Türk alfabesinde H ve Ğ harfleri";"Letters H and Ğ in the Turkish alphabet";"";"approved"
"2";"HH";"alphabet-pair";"";"İngiliz alfabesinde H ve H harfleri";"Letters H and H in the English alphabet";"";"approved"
"2";"HI";"alphabet-pair";"";"İngiliz alfabesinde H ve I harfleri";"Letters H and I in the English alphabet";"";"approved"
"2";"Hİ";"alphabet-pair";"";"Türk alfabesinde H ve İ harfleri";"Letters H and İ in the Turkish alphabet";"";"approved"
"2";"HJ";"alphabet-pair";"";"İngiliz alfabesinde H ve J harfleri";"Letters H and J in the English alphabet";"";"approved"
"2";"HK";"alphabet-pair";"";"İngiliz alfabesinde H ve K harfleri";"Letters H and K in the English alphabet";"";"approved"
"2";"HL";"alphabet-pair";"";"İngiliz alfabesinde H ve L harfleri";"Letters H and L in the English alphabet";"";"approved"
"2";"HM";"alphabet-pair";"";"İngiliz alfabesinde H ve M harfleri";"Letters H and M in the English alphabet";"";"approved"
"2";"HN";"alphabet-pair";"";"İngiliz alfabesinde H ve N harfleri";"Letters H and N in the English alphabet";"";"approved"
"2";"HO";"element-symbol";"67";"Atom numarası 67 olan elementin simgesi";"Symbol of the element with atomic number 67";"İngiliz alfabesinde H ve O harfleri";"approved"
"2";"HÖ";"alphabet-pair";"";"Türk alfabesinde H ve Ö harfleri";"Letters H and Ö in the Turkish alphabet";"";"approved"
"2";"HP";"alphabet-pair";"";"İngiliz alfabesinde H ve P harfleri";"Letters H and P in the English alphabet";"";"approved"
"2";"HQ";"alphabet-pair";"";"İngiliz alfabesinde H ve Q harfleri";"Letters H and Q in the English alphabet";"";"approved"
"2";"HR";"alphabet-pair";"";"İngiliz alfabesinde H ve R harfleri";"Letters H and R in the English alphabet";"";"approved"
"2";"HS";"element-symbol";"108";"Atom numarası 108 olan elementin simgesi";"Symbol of the element with atomic number 108";"İngiliz alfabesinde H ve S harfleri";"approved"
"2";"HŞ";"alphabet-pair";"";"Türk alfabesinde H ve Ş harfleri";"Letters H and Ş in the Turkish alphabet";"";"approved"
"2";"HT";"alphabet-pair";"";"İngiliz alfabesinde H ve T harfleri";"Letters H and T in the English alphabet";"";"approved"
"2";"HU";"alphabet-pair";"";"İngiliz alfabesinde H ve U harfleri";"Letters H and U in the English alphabet";"";"approved"
"2";"HÜ";"alphabet-pair";"";"Türk alfabesinde H ve Ü harfleri";"Letters H and Ü in the Turkish alphabet";"";"approved"
"2";"HV";"alphabet-pair";"";"İngiliz alfabesinde H ve V harfleri";"Letters H and V in the English alphabet";"";"approved"
"2";"HW";"alphabet-pair";"";"İngiliz alfabesinde H ve W harfleri";"Letters H and W in the English alphabet";"";"approved"
"2";"HX";"alphabet-pair";"";"İngiliz alfabesinde H ve X harfleri";"Letters H and X in the English alphabet";"";"approved"
"2";"HY";"alphabet-pair";"";"İngiliz alfabesinde H ve Y harfleri";"Letters H and Y in the English alphabet";"";"approved"
"2";"HZ";"alphabet-pair";"";"İngiliz alfabesinde H ve Z harfleri";"Letters H and Z in the English alphabet";"";"approved"
"2";"IA";"alphabet-pair";"";"İngiliz alfabesinde I ve A harfleri";"Letters I and A in the English alphabet";"";"approved"
"2";"İA";"alphabet-pair";"";"Türk alfabesinde İ ve A harfleri";"Letters İ and A in the Turkish alphabet";"";"approved"
"2";"IB";"alphabet-pair";"";"İngiliz alfabesinde I ve B harfleri";"Letters I and B in the English alphabet";"";"approved"
"2";"İB";"alphabet-pair";"";"Türk alfabesinde İ ve B harfleri";"Letters İ and B in the Turkish alphabet";"";"approved"
"2";"IC";"alphabet-pair";"";"İngiliz alfabesinde I ve C harfleri";"Letters I and C in the English alphabet";"";"approved"
"2";"IÇ";"alphabet-pair";"";"Türk alfabesinde I ve Ç harfleri";"Letters I and Ç in the Turkish alphabet";"";"approved"
"2";"İC";"alphabet-pair";"";"Türk alfabesinde İ ve C harfleri";"Letters İ and C in the Turkish alphabet";"";"approved"
"2";"İÇ";"alphabet-pair";"";"Türk alfabesinde İ ve Ç harfleri";"Letters İ and Ç in the Turkish alphabet";"";"approved"
"2";"ID";"alphabet-pair";"";"İngiliz alfabesinde I ve D harfleri";"Letters I and D in the English alphabet";"";"approved"
"2";"İD";"alphabet-pair";"";"Türk alfabesinde İ ve D harfleri";"Letters İ and D in the Turkish alphabet";"";"approved"
"2";"IE";"alphabet-pair";"";"İngiliz alfabesinde I ve E harfleri";"Letters I and E in the English alphabet";"";"approved"
"2";"İE";"alphabet-pair";"";"Türk alfabesinde İ ve E harfleri";"Letters İ and E in the Turkish alphabet";"";"approved"
"2";"IF";"alphabet-pair";"";"İngiliz alfabesinde I ve F harfleri";"Letters I and F in the English alphabet";"";"approved"
"2";"İF";"alphabet-pair";"";"Türk alfabesinde İ ve F harfleri";"Letters İ and F in the Turkish alphabet";"";"approved"
"2";"IG";"alphabet-pair";"";"İngiliz alfabesinde I ve G harfleri";"Letters I and G in the English alphabet";"";"approved"
"2";"IĞ";"alphabet-pair";"";"Türk alfabesinde I ve Ğ harfleri";"Letters I and Ğ in the Turkish alphabet";"";"approved"
"2";"İG";"alphabet-pair";"";"Türk alfabesinde İ ve G harfleri";"Letters İ and G in the Turkish alphabet";"";"approved"
"2";"İĞ";"alphabet-pair";"";"Türk alfabesinde İ ve Ğ harfleri";"Letters İ and Ğ in the Turkish alphabet";"";"approved"
"2";"IH";"alphabet-pair";"";"İngiliz alfabesinde I ve H harfleri";"Letters I and H in the English alphabet";"";"approved"
"2";"İH";"alphabet-pair";"";"Türk alfabesinde İ ve H harfleri";"Letters İ and H in the Turkish alphabet";"";"approved"
"2";"II";"alphabet-pair";"";"İngiliz alfabesinde I ve I harfleri";"Letters I and I in the English alphabet";"";"approved"
"2";"Iİ";"alphabet-pair";"";"Türk alfabesinde I ve İ harfleri";"Letters I and İ in the Turkish alphabet";"";"approved"
"2";"İI";"alphabet-pair";"";"Türk alfabesinde İ ve I harfleri";"Letters İ and I in the Turkish alphabet";"";"approved"
"2";"İİ";"alphabet-pair";"";"Türk alfabesinde İ ve İ harfleri";"Letters İ and İ in the Turkish alphabet";"";"approved"
"2";"IJ";"alphabet-pair";"";"İngiliz alfabesinde I ve J harfleri";"Letters I and J in the English alphabet";"";"approved"
"2";"İJ";"alphabet-pair";"";"Türk alfabesinde İ ve J harfleri";"Letters İ and J in the Turkish alphabet";"";"approved"
"2";"IK";"alphabet-pair";"";"İngiliz alfabesinde I ve K harfleri";"Letters I and K in the English alphabet";"";"approved"
"2";"İK";"alphabet-pair";"";"Türk alfabesinde İ ve K harfleri";"Letters İ and K in the Turkish alphabet";"";"approved"
"2";"IL";"alphabet-pair";"";"İngiliz alfabesinde I ve L harfleri";"Letters I and L in the English alphabet";"";"approved"
"2";"İL";"alphabet-pair";"";"Türk alfabesinde İ ve L harfleri";"Letters İ and L in the Turkish alphabet";"";"approved"
"2";"IM";"alphabet-pair";"";"İngiliz alfabesinde I ve M harfleri";"Letters I and M in the English alphabet";"";"approved"
"2";"İM";"alphabet-pair";"";"Türk alfabesinde İ ve M harfleri";"Letters İ and M in the Turkish alphabet";"";"approved"
"2";"IN";"element-symbol";"49";"Atom numarası 49 olan elementin simgesi";"Symbol of the element with atomic number 49";"İngiliz alfabesinde I ve N harfleri";"approved"
"2";"İN";"alphabet-pair";"";"Türk alfabesinde İ ve N harfleri";"Letters İ and N in the Turkish alphabet";"";"approved"
"2";"IO";"alphabet-pair";"";"İngiliz alfabesinde I ve O harfleri";"Letters I and O in the English alphabet";"";"approved"
"2";"IÖ";"alphabet-pair";"";"Türk alfabesinde I ve Ö harfleri";"Letters I and Ö in the Turkish alphabet";"";"approved"
"2";"İO";"alphabet-pair";"";"Türk alfabesinde İ ve O harfleri";"Letters İ and O in the Turkish alphabet";"";"approved"
"2";"İÖ";"alphabet-pair";"";"Türk alfabesinde İ ve Ö harfleri";"Letters İ and Ö in the Turkish alphabet";"";"approved"
"2";"IP";"alphabet-pair";"";"İngiliz alfabesinde I ve P harfleri";"Letters I and P in the English alphabet";"";"approved"
"2";"İP";"alphabet-pair";"";"Türk alfabesinde İ ve P harfleri";"Letters İ and P in the Turkish alphabet";"";"approved"
"2";"IQ";"alphabet-pair";"";"İngiliz alfabesinde I ve Q harfleri";"Letters I and Q in the English alphabet";"";"approved"
"2";"IR";"element-symbol";"77";"Atom numarası 77 olan elementin simgesi";"Symbol of the element with atomic number 77";"İngiliz alfabesinde I ve R harfleri";"approved"
"2";"İR";"alphabet-pair";"";"Türk alfabesinde İ ve R harfleri";"Letters İ and R in the Turkish alphabet";"";"approved"
"2";"IS";"alphabet-pair";"";"İngiliz alfabesinde I ve S harfleri";"Letters I and S in the English alphabet";"";"approved"
"2";"IŞ";"alphabet-pair";"";"Türk alfabesinde I ve Ş harfleri";"Letters I and Ş in the Turkish alphabet";"";"approved"
"2";"İS";"alphabet-pair";"";"Türk alfabesinde İ ve S harfleri";"Letters İ and S in the Turkish alphabet";"";"approved"
"2";"İŞ";"alphabet-pair";"";"Türk alfabesinde İ ve Ş harfleri";"Letters İ and Ş in the Turkish alphabet";"";"approved"
"2";"IT";"alphabet-pair";"";"İngiliz alfabesinde I ve T harfleri";"Letters I and T in the English alphabet";"";"approved"
"2";"İT";"alphabet-pair";"";"Türk alfabesinde İ ve T harfleri";"Letters İ and T in the Turkish alphabet";"";"approved"
"2";"IU";"alphabet-pair";"";"İngiliz alfabesinde I ve U harfleri";"Letters I and U in the English alphabet";"";"approved"
"2";"IÜ";"alphabet-pair";"";"Türk alfabesinde I ve Ü harfleri";"Letters I and Ü in the Turkish alphabet";"";"approved"
"2";"İU";"alphabet-pair";"";"Türk alfabesinde İ ve U harfleri";"Letters İ and U in the Turkish alphabet";"";"approved"
"2";"İÜ";"alphabet-pair";"";"Türk alfabesinde İ ve Ü harfleri";"Letters İ and Ü in the Turkish alphabet";"";"approved"
"2";"IV";"alphabet-pair";"";"İngiliz alfabesinde I ve V harfleri";"Letters I and V in the English alphabet";"";"approved"
"2";"İV";"alphabet-pair";"";"Türk alfabesinde İ ve V harfleri";"Letters İ and V in the Turkish alphabet";"";"approved"
"2";"IW";"alphabet-pair";"";"İngiliz alfabesinde I ve W harfleri";"Letters I and W in the English alphabet";"";"approved"
"2";"IX";"alphabet-pair";"";"İngiliz alfabesinde I ve X harfleri";"Letters I and X in the English alphabet";"";"approved"
"2";"IY";"alphabet-pair";"";"İngiliz alfabesinde I ve Y harfleri";"Letters I and Y in the English alphabet";"";"approved"
"2";"İY";"alphabet-pair";"";"Türk alfabesinde İ ve Y harfleri";"Letters İ and Y in the Turkish alphabet";"";"approved"
"2";"IZ";"alphabet-pair";"";"İngiliz alfabesinde I ve Z harfleri";"Letters I and Z in the English alphabet";"";"approved"
"2";"İZ";"alphabet-pair";"";"Türk alfabesinde İ ve Z harfleri";"Letters İ and Z in the Turkish alphabet";"";"approved"
"2";"JA";"alphabet-pair";"";"İngiliz alfabesinde J ve A harfleri";"Letters J and A in the English alphabet";"";"approved"
"2";"JB";"alphabet-pair";"";"İngiliz alfabesinde J ve B harfleri";"Letters J and B in the English alphabet";"";"approved"
"2";"JC";"alphabet-pair";"";"İngiliz alfabesinde J ve C harfleri";"Letters J and C in the English alphabet";"";"approved"
"2";"JÇ";"alphabet-pair";"";"Türk alfabesinde J ve Ç harfleri";"Letters J and Ç in the Turkish alphabet";"";"approved"
"2";"JD";"alphabet-pair";"";"İngiliz alfabesinde J ve D harfleri";"Letters J and D in the English alphabet";"";"approved"
"2";"JE";"alphabet-pair";"";"İngiliz alfabesinde J ve E harfleri";"Letters J and E in the English alphabet";"";"approved"
"2";"JF";"alphabet-pair";"";"İngiliz alfabesinde J ve F harfleri";"Letters J and F in the English alphabet";"";"approved"
"2";"JG";"alphabet-pair";"";"İngiliz alfabesinde J ve G harfleri";"Letters J and G in the English alphabet";"";"approved"
"2";"JĞ";"alphabet-pair";"";"Türk alfabesinde J ve Ğ harfleri";"Letters J and Ğ in the Turkish alphabet";"";"approved"
"2";"JH";"alphabet-pair";"";"İngiliz alfabesinde J ve H harfleri";"Letters J and H in the English alphabet";"";"approved"
"2";"JI";"alphabet-pair";"";"İngiliz alfabesinde J ve I harfleri";"Letters J and I in the English alphabet";"";"approved"
"2";"Jİ";"alphabet-pair";"";"Türk alfabesinde J ve İ harfleri";"Letters J and İ in the Turkish alphabet";"";"approved"
"2";"JJ";"alphabet-pair";"";"İngiliz alfabesinde J ve J harfleri";"Letters J and J in the English alphabet";"";"approved"
"2";"JK";"alphabet-pair";"";"İngiliz alfabesinde J ve K harfleri";"Letters J and K in the English alphabet";"";"approved"
"2";"JL";"alphabet-pair";"";"İngiliz alfabesinde J ve L harfleri";"Letters J and L in the English alphabet";"";"approved"
"2";"JM";"alphabet-pair";"";"İngiliz alfabesinde J ve M harfleri";"Letters J and M in the English alphabet";"";"approved"
"2";"JN";"alphabet-pair";"";"İngiliz alfabesinde J ve N harfleri";"Letters J and N in the English alphabet";"";"approved"
"2";"JO";"alphabet-pair";"";"İngiliz alfabesinde J ve O harfleri";"Letters J and O in the English alphabet";"";"approved"
"2";"JÖ";"alphabet-pair";"";"Türk alfabesinde J ve Ö harfleri";"Letters J and Ö in the Turkish alphabet";"";"approved"
"2";"JP";"alphabet-pair";"";"İngiliz alfabesinde J ve P harfleri";"Letters J and P in the English alphabet";"";"approved"
"2";"JQ";"alphabet-pair";"";"İngiliz alfabesinde J ve Q harfleri";"Letters J and Q in the English alphabet";"";"approved"
"2";"JR";"alphabet-pair";"";"İngiliz alfabesinde J ve R harfleri";"Letters J and R in the English alphabet";"";"approved"
"2";"JS";"alphabet-pair";"";"İngiliz alfabesinde J ve S harfleri";"Letters J and S in the English alphabet";"";"approved"
"2";"JŞ";"alphabet-pair";"";"Türk alfabesinde J ve Ş harfleri";"Letters J and Ş in the Turkish alphabet";"";"approved"
"2";"JT";"alphabet-pair";"";"İngiliz alfabesinde J ve T harfleri";"Letters J and T in the English alphabet";"";"approved"
"2";"JU";"alphabet-pair";"";"İngiliz alfabesinde J ve U harfleri";"Letters J and U in the English alphabet";"";"approved"
"2";"JÜ";"alphabet-pair";"";"Türk alfabesinde J ve Ü harfleri";"Letters J and Ü in the Turkish alphabet";"";"approved"
"2";"JV";"alphabet-pair";"";"İngiliz alfabesinde J ve V harfleri";"Letters J and V in the English alphabet";"";"approved"
"2";"JW";"alphabet-pair";"";"İngiliz alfabesinde J ve W harfleri";"Letters J and W in the English alphabet";"";"approved"
"2";"JX";"alphabet-pair";"";"İngiliz alfabesinde J ve X harfleri";"Letters J and X in the English alphabet";"";"approved"
"2";"JY";"alphabet-pair";"";"İngiliz alfabesinde J ve Y harfleri";"Letters J and Y in the English alphabet";"";"approved"
"2";"JZ";"alphabet-pair";"";"İngiliz alfabesinde J ve Z harfleri";"Letters J and Z in the English alphabet";"";"approved"
"2";"KA";"alphabet-pair";"";"İngiliz alfabesinde K ve A harfleri";"Letters K and A in the English alphabet";"";"approved"
"2";"KB";"alphabet-pair";"";"İngiliz alfabesinde K ve B harfleri";"Letters K and B in the English alphabet";"";"approved"
"2";"KC";"alphabet-pair";"";"İngiliz alfabesinde K ve C harfleri";"Letters K and C in the English alphabet";"";"approved"
"2";"KÇ";"alphabet-pair";"";"Türk alfabesinde K ve Ç harfleri";"Letters K and Ç in the Turkish alphabet";"";"approved"
"2";"KD";"alphabet-pair";"";"İngiliz alfabesinde K ve D harfleri";"Letters K and D in the English alphabet";"";"approved"
"2";"KE";"alphabet-pair";"";"İngiliz alfabesinde K ve E harfleri";"Letters K and E in the English alphabet";"";"approved"
"2";"KF";"alphabet-pair";"";"İngiliz alfabesinde K ve F harfleri";"Letters K and F in the English alphabet";"";"approved"
"2";"KG";"alphabet-pair";"";"İngiliz alfabesinde K ve G harfleri";"Letters K and G in the English alphabet";"";"approved"
"2";"KĞ";"alphabet-pair";"";"Türk alfabesinde K ve Ğ harfleri";"Letters K and Ğ in the Turkish alphabet";"";"approved"
"2";"KH";"alphabet-pair";"";"İngiliz alfabesinde K ve H harfleri";"Letters K and H in the English alphabet";"";"approved"
"2";"KI";"alphabet-pair";"";"İngiliz alfabesinde K ve I harfleri";"Letters K and I in the English alphabet";"";"approved"
"2";"Kİ";"alphabet-pair";"";"Türk alfabesinde K ve İ harfleri";"Letters K and İ in the Turkish alphabet";"";"approved"
"2";"KJ";"alphabet-pair";"";"İngiliz alfabesinde K ve J harfleri";"Letters K and J in the English alphabet";"";"approved"
"2";"KK";"alphabet-pair";"";"İngiliz alfabesinde K ve K harfleri";"Letters K and K in the English alphabet";"";"approved"
"2";"KL";"alphabet-pair";"";"İngiliz alfabesinde K ve L harfleri";"Letters K and L in the English alphabet";"";"approved"
"2";"KM";"alphabet-pair";"";"İngiliz alfabesinde K ve M harfleri";"Letters K and M in the English alphabet";"";"approved"
"2";"KN";"alphabet-pair";"";"İngiliz alfabesinde K ve N harfleri";"Letters K and N in the English alphabet";"";"approved"
"2";"KO";"alphabet-pair";"";"İngiliz alfabesinde K ve O harfleri";"Letters K and O in the English alphabet";"";"approved"
"2";"KÖ";"alphabet-pair";"";"Türk alfabesinde K ve Ö harfleri";"Letters K and Ö in the Turkish alphabet";"";"approved"
"2";"KP";"alphabet-pair";"";"İngiliz alfabesinde K ve P harfleri";"Letters K and P in the English alphabet";"";"approved"
"2";"KQ";"alphabet-pair";"";"İngiliz alfabesinde K ve Q harfleri";"Letters K and Q in the English alphabet";"";"approved"
"2";"KR";"element-symbol";"36";"Atom numarası 36 olan elementin simgesi";"Symbol of the element with atomic number 36";"İngiliz alfabesinde K ve R harfleri";"approved"
"2";"KS";"alphabet-pair";"";"İngiliz alfabesinde K ve S harfleri";"Letters K and S in the English alphabet";"";"approved"
"2";"KŞ";"alphabet-pair";"";"Türk alfabesinde K ve Ş harfleri";"Letters K and Ş in the Turkish alphabet";"";"approved"
"2";"KT";"alphabet-pair";"";"İngiliz alfabesinde K ve T harfleri";"Letters K and T in the English alphabet";"";"approved"
"2";"KU";"alphabet-pair";"";"İngiliz alfabesinde K ve U harfleri";"Letters K and U in the English alphabet";"";"approved"
"2";"KÜ";"alphabet-pair";"";"Türk alfabesinde K ve Ü harfleri";"Letters K and Ü in the Turkish alphabet";"";"approved"
"2";"KV";"alphabet-pair";"";"İngiliz alfabesinde K ve V harfleri";"Letters K and V in the English alphabet";"";"approved"
"2";"KW";"alphabet-pair";"";"İngiliz alfabesinde K ve W harfleri";"Letters K and W in the English alphabet";"";"approved"
"2";"KX";"alphabet-pair";"";"İngiliz alfabesinde K ve X harfleri";"Letters K and X in the English alphabet";"";"approved"
"2";"KY";"alphabet-pair";"";"İngiliz alfabesinde K ve Y harfleri";"Letters K and Y in the English alphabet";"";"approved"
"2";"KZ";"alphabet-pair";"";"İngiliz alfabesinde K ve Z harfleri";"Letters K and Z in the English alphabet";"";"approved"
"2";"LA";"element-symbol";"57";"Atom numarası 57 olan elementin simgesi";"Symbol of the element with atomic number 57";"İngiliz alfabesinde L ve A harfleri";"approved"
"2";"LB";"alphabet-pair";"";"İngiliz alfabesinde L ve B harfleri";"Letters L and B in the English alphabet";"";"approved"
"2";"LC";"alphabet-pair";"";"İngiliz alfabesinde L ve C harfleri";"Letters L and C in the English alphabet";"";"approved"
"2";"LÇ";"alphabet-pair";"";"Türk alfabesinde L ve Ç harfleri";"Letters L and Ç in the Turkish alphabet";"";"approved"
"2";"LD";"alphabet-pair";"";"İngiliz alfabesinde L ve D harfleri";"Letters L and D in the English alphabet";"";"approved"
"2";"LE";"alphabet-pair";"";"İngiliz alfabesinde L ve E harfleri";"Letters L and E in the English alphabet";"";"approved"
"2";"LF";"alphabet-pair";"";"İngiliz alfabesinde L ve F harfleri";"Letters L and F in the English alphabet";"";"approved"
"2";"LG";"alphabet-pair";"";"İngiliz alfabesinde L ve G harfleri";"Letters L and G in the English alphabet";"";"approved"
"2";"LĞ";"alphabet-pair";"";"Türk alfabesinde L ve Ğ harfleri";"Letters L and Ğ in the Turkish alphabet";"";"approved"
"2";"LH";"alphabet-pair";"";"İngiliz alfabesinde L ve H harfleri";"Letters L and H in the English alphabet";"";"approved"
"2";"LI";"element-symbol";"3";"Atom numarası 3 olan elementin simgesi";"Symbol of the element with atomic number 3";"İngiliz alfabesinde L ve I harfleri";"approved"
"2";"Lİ";"alphabet-pair";"";"Türk alfabesinde L ve İ harfleri";"Letters L and İ in the Turkish alphabet";"";"approved"
"2";"LJ";"alphabet-pair";"";"İngiliz alfabesinde L ve J harfleri";"Letters L and J in the English alphabet";"";"approved"
"2";"LK";"alphabet-pair";"";"İngiliz alfabesinde L ve K harfleri";"Letters L and K in the English alphabet";"";"approved"
"2";"LL";"alphabet-pair";"";"İngiliz alfabesinde L ve L harfleri";"Letters L and L in the English alphabet";"";"approved"
"2";"LM";"alphabet-pair";"";"İngiliz alfabesinde L ve M harfleri";"Letters L and M in the English alphabet";"";"approved"
"2";"LN";"alphabet-pair";"";"İngiliz alfabesinde L ve N harfleri";"Letters L and N in the English alphabet";"";"approved"
"2";"LO";"alphabet-pair";"";"İngiliz alfabesinde L ve O harfleri";"Letters L and O in the English alphabet";"";"approved"
"2";"LÖ";"alphabet-pair";"";"Türk alfabesinde L ve Ö harfleri";"Letters L and Ö in the Turkish alphabet";"";"approved"
"2";"LP";"alphabet-pair";"";"İngiliz alfabesinde L ve P harfleri";"Letters L and P in the English alphabet";"";"approved"
"2";"LQ";"alphabet-pair";"";"İngiliz alfabesinde L ve Q harfleri";"Letters L and Q in the English alphabet";"";"approved"
"2";"LR";"element-symbol";"103";"Atom numarası 103 olan elementin simgesi";"Symbol of the element with atomic number 103";"İngiliz alfabesinde L ve R harfleri";"approved"
"2";"LS";"alphabet-pair";"";"İngiliz alfabesinde L ve S harfleri";"Letters L and S in the English alphabet";"";"approved"
"2";"LŞ";"alphabet-pair";"";"Türk alfabesinde L ve Ş harfleri";"Letters L and Ş in the Turkish alphabet";"";"approved"
"2";"LT";"alphabet-pair";"";"İngiliz alfabesinde L ve T harfleri";"Letters L and T in the English alphabet";"";"approved"
"2";"LU";"element-symbol";"71";"Atom numarası 71 olan elementin simgesi";"Symbol of the element with atomic number 71";"İngiliz alfabesinde L ve U harfleri";"approved"
"2";"LÜ";"alphabet-pair";"";"Türk alfabesinde L ve Ü harfleri";"Letters L and Ü in the Turkish alphabet";"";"approved"
"2";"LV";"element-symbol";"116";"Atom numarası 116 olan elementin simgesi";"Symbol of the element with atomic number 116";"İngiliz alfabesinde L ve V harfleri";"approved"
"2";"LW";"alphabet-pair";"";"İngiliz alfabesinde L ve W harfleri";"Letters L and W in the English alphabet";"";"approved"
"2";"LX";"alphabet-pair";"";"İngiliz alfabesinde L ve X harfleri";"Letters L and X in the English alphabet";"";"approved"
"2";"LY";"alphabet-pair";"";"İngiliz alfabesinde L ve Y harfleri";"Letters L and Y in the English alphabet";"";"approved"
"2";"LZ";"alphabet-pair";"";"İngiliz alfabesinde L ve Z harfleri";"Letters L and Z in the English alphabet";"";"approved"
"2";"MA";"alphabet-pair";"";"İngiliz alfabesinde M ve A harfleri";"Letters M and A in the English alphabet";"";"approved"
"2";"MB";"alphabet-pair";"";"İngiliz alfabesinde M ve B harfleri";"Letters M and B in the English alphabet";"";"approved"
"2";"MC";"element-symbol";"115";"Atom numarası 115 olan elementin simgesi";"Symbol of the element with atomic number 115";"İngiliz alfabesinde M ve C harfleri";"approved"
"2";"MÇ";"alphabet-pair";"";"Türk alfabesinde M ve Ç harfleri";"Letters M and Ç in the Turkish alphabet";"";"approved"
"2";"MD";"element-symbol";"101";"Atom numarası 101 olan elementin simgesi";"Symbol of the element with atomic number 101";"İngiliz alfabesinde M ve D harfleri";"approved"
"2";"ME";"alphabet-pair";"";"İngiliz alfabesinde M ve E harfleri";"Letters M and E in the English alphabet";"";"approved"
"2";"MF";"alphabet-pair";"";"İngiliz alfabesinde M ve F harfleri";"Letters M and F in the English alphabet";"";"approved"
"2";"MG";"element-symbol";"12";"Atom numarası 12 olan elementin simgesi";"Symbol of the element with atomic number 12";"İngiliz alfabesinde M ve G harfleri";"approved"
"2";"MĞ";"alphabet-pair";"";"Türk alfabesinde M ve Ğ harfleri";"Letters M and Ğ in the Turkish alphabet";"";"approved"
"2";"MH";"alphabet-pair";"";"İngiliz alfabesinde M ve H harfleri";"Letters M and H in the English alphabet";"";"approved"
"2";"MI";"alphabet-pair";"";"İngiliz alfabesinde M ve I harfleri";"Letters M and I in the English alphabet";"";"approved"
"2";"Mİ";"alphabet-pair";"";"Türk alfabesinde M ve İ harfleri";"Letters M and İ in the Turkish alphabet";"";"approved"
"2";"MJ";"alphabet-pair";"";"İngiliz alfabesinde M ve J harfleri";"Letters M and J in the English alphabet";"";"approved"
"2";"MK";"alphabet-pair";"";"İngiliz alfabesinde M ve K harfleri";"Letters M and K in the English alphabet";"";"approved"
"2";"ML";"alphabet-pair";"";"İngiliz alfabesinde M ve L harfleri";"Letters M and L in the English alphabet";"";"approved"
"2";"MM";"alphabet-pair";"";"İngiliz alfabesinde M ve M harfleri";"Letters M and M in the English alphabet";"";"approved"
"2";"MN";"element-symbol";"25";"Atom numarası 25 olan elementin simgesi";"Symbol of the element with atomic number 25";"İngiliz alfabesinde M ve N harfleri";"approved"
"2";"MO";"element-symbol";"42";"Atom numarası 42 olan elementin simgesi";"Symbol of the element with atomic number 42";"İngiliz alfabesinde M ve O harfleri";"approved"
"2";"MÖ";"alphabet-pair";"";"Türk alfabesinde M ve Ö harfleri";"Letters M and Ö in the Turkish alphabet";"";"approved"
"2";"MP";"alphabet-pair";"";"İngiliz alfabesinde M ve P harfleri";"Letters M and P in the English alphabet";"";"approved"
"2";"MQ";"alphabet-pair";"";"İngiliz alfabesinde M ve Q harfleri";"Letters M and Q in the English alphabet";"";"approved"
"2";"MR";"alphabet-pair";"";"İngiliz alfabesinde M ve R harfleri";"Letters M and R in the English alphabet";"";"approved"
"2";"MS";"alphabet-pair";"";"İngiliz alfabesinde M ve S harfleri";"Letters M and S in the English alphabet";"";"approved"
"2";"MŞ";"alphabet-pair";"";"Türk alfabesinde M ve Ş harfleri";"Letters M and Ş in the Turkish alphabet";"";"approved"
"2";"MT";"element-symbol";"109";"Atom numarası 109 olan elementin simgesi";"Symbol of the element with atomic number 109";"İngiliz alfabesinde M ve T harfleri";"approved"
"2";"MU";"alphabet-pair";"";"İngiliz alfabesinde M ve U harfleri";"Letters M and U in the English alphabet";"";"approved"
"2";"MÜ";"alphabet-pair";"";"Türk alfabesinde M ve Ü harfleri";"Letters M and Ü in the Turkish alphabet";"";"approved"
"2";"MV";"alphabet-pair";"";"İngiliz alfabesinde M ve V harfleri";"Letters M and V in the English alphabet";"";"approved"
"2";"MW";"alphabet-pair";"";"İngiliz alfabesinde M ve W harfleri";"Letters M and W in the English alphabet";"";"approved"
"2";"MX";"alphabet-pair";"";"İngiliz alfabesinde M ve X harfleri";"Letters M and X in the English alphabet";"";"approved"
"2";"MY";"alphabet-pair";"";"İngiliz alfabesinde M ve Y harfleri";"Letters M and Y in the English alphabet";"";"approved"
"2";"MZ";"alphabet-pair";"";"İngiliz alfabesinde M ve Z harfleri";"Letters M and Z in the English alphabet";"";"approved"
"2";"NA";"element-symbol";"11";"Atom numarası 11 olan elementin simgesi";"Symbol of the element with atomic number 11";"İngiliz alfabesinde N ve A harfleri";"approved"
"2";"NB";"element-symbol";"41";"Atom numarası 41 olan elementin simgesi";"Symbol of the element with atomic number 41";"İngiliz alfabesinde N ve B harfleri";"approved"
"2";"NC";"alphabet-pair";"";"İngiliz alfabesinde N ve C harfleri";"Letters N and C in the English alphabet";"";"approved"
"2";"NÇ";"alphabet-pair";"";"Türk alfabesinde N ve Ç harfleri";"Letters N and Ç in the Turkish alphabet";"";"approved"
"2";"ND";"element-symbol";"60";"Atom numarası 60 olan elementin simgesi";"Symbol of the element with atomic number 60";"İngiliz alfabesinde N ve D harfleri";"approved"
"2";"NE";"element-symbol";"10";"Atom numarası 10 olan elementin simgesi";"Symbol of the element with atomic number 10";"İngiliz alfabesinde N ve E harfleri";"approved"
"2";"NF";"alphabet-pair";"";"İngiliz alfabesinde N ve F harfleri";"Letters N and F in the English alphabet";"";"approved"
"2";"NG";"alphabet-pair";"";"İngiliz alfabesinde N ve G harfleri";"Letters N and G in the English alphabet";"";"approved"
"2";"NĞ";"alphabet-pair";"";"Türk alfabesinde N ve Ğ harfleri";"Letters N and Ğ in the Turkish alphabet";"";"approved"
"2";"NH";"element-symbol";"113";"Atom numarası 113 olan elementin simgesi";"Symbol of the element with atomic number 113";"İngiliz alfabesinde N ve H harfleri";"approved"
"2";"NI";"element-symbol";"28";"Atom numarası 28 olan elementin simgesi";"Symbol of the element with atomic number 28";"İngiliz alfabesinde N ve I harfleri";"approved"
"2";"Nİ";"alphabet-pair";"";"Türk alfabesinde N ve İ harfleri";"Letters N and İ in the Turkish alphabet";"";"approved"
"2";"NJ";"alphabet-pair";"";"İngiliz alfabesinde N ve J harfleri";"Letters N and J in the English alphabet";"";"approved"
"2";"NK";"alphabet-pair";"";"İngiliz alfabesinde N ve K harfleri";"Letters N and K in the English alphabet";"";"approved"
"2";"NL";"alphabet-pair";"";"İngiliz alfabesinde N ve L harfleri";"Letters N and L in the English alphabet";"";"approved"
"2";"NM";"alphabet-pair";"";"İngiliz alfabesinde N ve M harfleri";"Letters N and M in the English alphabet";"";"approved"
"2";"NN";"alphabet-pair";"";"İngiliz alfabesinde N ve N harfleri";"Letters N and N in the English alphabet";"";"approved"
"2";"NO";"element-symbol";"102";"Atom numarası 102 olan elementin simgesi";"Symbol of the element with atomic number 102";"İngiliz alfabesinde N ve O harfleri";"approved"
"2";"NÖ";"alphabet-pair";"";"Türk alfabesinde N ve Ö harfleri";"Letters N and Ö in the Turkish alphabet";"";"approved"
"2";"NP";"element-symbol";"93";"Atom numarası 93 olan elementin simgesi";"Symbol of the element with atomic number 93";"İngiliz alfabesinde N ve P harfleri";"approved"
"2";"NQ";"alphabet-pair";"";"İngiliz alfabesinde N ve Q harfleri";"Letters N and Q in the English alphabet";"";"approved"
"2";"NR";"alphabet-pair";"";"İngiliz alfabesinde N ve R harfleri";"Letters N and R in the English alphabet";"";"approved"
"2";"NS";"alphabet-pair";"";"İngiliz alfabesinde N ve S harfleri";"Letters N and S in the English alphabet";"";"approved"
"2";"NŞ";"alphabet-pair";"";"Türk alfabesinde N ve Ş harfleri";"Letters N and Ş in the Turkish alphabet";"";"approved"
"2";"NT";"alphabet-pair";"";"İngiliz alfabesinde N ve T harfleri";"Letters N and T in the English alphabet";"";"approved"
"2";"NU";"alphabet-pair";"";"İngiliz alfabesinde N ve U harfleri";"Letters N and U in the English alphabet";"";"approved"
"2";"NÜ";"alphabet-pair";"";"Türk alfabesinde N ve Ü harfleri";"Letters N and Ü in the Turkish alphabet";"";"approved"
"2";"NV";"alphabet-pair";"";"İngiliz alfabesinde N ve V harfleri";"Letters N and V in the English alphabet";"";"approved"
"2";"NW";"alphabet-pair";"";"İngiliz alfabesinde N ve W harfleri";"Letters N and W in the English alphabet";"";"approved"
"2";"NX";"alphabet-pair";"";"İngiliz alfabesinde N ve X harfleri";"Letters N and X in the English alphabet";"";"approved"
"2";"NY";"alphabet-pair";"";"İngiliz alfabesinde N ve Y harfleri";"Letters N and Y in the English alphabet";"";"approved"
"2";"NZ";"alphabet-pair";"";"İngiliz alfabesinde N ve Z harfleri";"Letters N and Z in the English alphabet";"";"approved"
"2";"OA";"alphabet-pair";"";"İngiliz alfabesinde O ve A harfleri";"Letters O and A in the English alphabet";"";"approved"
"2";"ÖA";"alphabet-pair";"";"Türk alfabesinde Ö ve A harfleri";"Letters Ö and A in the Turkish alphabet";"";"approved"
"2";"OB";"alphabet-pair";"";"İngiliz alfabesinde O ve B harfleri";"Letters O and B in the English alphabet";"";"approved"
"2";"ÖB";"alphabet-pair";"";"Türk alfabesinde Ö ve B harfleri";"Letters Ö and B in the Turkish alphabet";"";"approved"
"2";"OC";"alphabet-pair";"";"İngiliz alfabesinde O ve C harfleri";"Letters O and C in the English alphabet";"";"approved"
"2";"OÇ";"alphabet-pair";"";"Türk alfabesinde O ve Ç harfleri";"Letters O and Ç in the Turkish alphabet";"";"approved"
"2";"ÖC";"alphabet-pair";"";"Türk alfabesinde Ö ve C harfleri";"Letters Ö and C in the Turkish alphabet";"";"approved"
"2";"ÖÇ";"alphabet-pair";"";"Türk alfabesinde Ö ve Ç harfleri";"Letters Ö and Ç in the Turkish alphabet";"";"approved"
"2";"OD";"alphabet-pair";"";"İngiliz alfabesinde O ve D harfleri";"Letters O and D in the English alphabet";"";"approved"
"2";"ÖD";"alphabet-pair";"";"Türk alfabesinde Ö ve D harfleri";"Letters Ö and D in the Turkish alphabet";"";"approved"
"2";"OE";"alphabet-pair";"";"İngiliz alfabesinde O ve E harfleri";"Letters O and E in the English alphabet";"";"approved"
"2";"ÖE";"alphabet-pair";"";"Türk alfabesinde Ö ve E harfleri";"Letters Ö and E in the Turkish alphabet";"";"approved"
"2";"OF";"alphabet-pair";"";"İngiliz alfabesinde O ve F harfleri";"Letters O and F in the English alphabet";"";"approved"
"2";"ÖF";"alphabet-pair";"";"Türk alfabesinde Ö ve F harfleri";"Letters Ö and F in the Turkish alphabet";"";"approved"
"2";"OG";"element-symbol";"118";"Atom numarası 118 olan elementin simgesi";"Symbol of the element with atomic number 118";"İngiliz alfabesinde O ve G harfleri";"approved"
"2";"OĞ";"alphabet-pair";"";"Türk alfabesinde O ve Ğ harfleri";"Letters O and Ğ in the Turkish alphabet";"";"approved"
"2";"ÖG";"alphabet-pair";"";"Türk alfabesinde Ö ve G harfleri";"Letters Ö and G in the Turkish alphabet";"";"approved"
"2";"ÖĞ";"alphabet-pair";"";"Türk alfabesinde Ö ve Ğ harfleri";"Letters Ö and Ğ in the Turkish alphabet";"";"approved"
"2";"OH";"alphabet-pair";"";"İngiliz alfabesinde O ve H harfleri";"Letters O and H in the English alphabet";"";"approved"
"2";"ÖH";"alphabet-pair";"";"Türk alfabesinde Ö ve H harfleri";"Letters Ö and H in the Turkish alphabet";"";"approved"
"2";"OI";"alphabet-pair";"";"İngiliz alfabesinde O ve I harfleri";"Letters O and I in the English alphabet";"";"approved"
"2";"Oİ";"alphabet-pair";"";"Türk alfabesinde O ve İ harfleri";"Letters O and İ in the Turkish alphabet";"";"approved"
"2";"ÖI";"alphabet-pair";"";"Türk alfabesinde Ö ve I harfleri";"Letters Ö and I in the Turkish alphabet";"";"approved"
"2";"Öİ";"alphabet-pair";"";"Türk alfabesinde Ö ve İ harfleri";"Letters Ö and İ in the Turkish alphabet";"";"approved"
"2";"OJ";"alphabet-pair";"";"İngiliz alfabesinde O ve J harfleri";"Letters O and J in the English alphabet";"";"approved"
"2";"ÖJ";"alphabet-pair";"";"Türk alfabesinde Ö ve J harfleri";"Letters Ö and J in the Turkish alphabet";"";"approved"
"2";"OK";"alphabet-pair";"";"İngiliz alfabesinde O ve K harfleri";"Letters O and K in the English alphabet";"";"approved"
"2";"ÖK";"alphabet-pair";"";"Türk alfabesinde Ö ve K harfleri";"Letters Ö and K in the Turkish alphabet";"";"approved"
"2";"OL";"alphabet-pair";"";"İngiliz alfabesinde O ve L harfleri";"Letters O and L in the English alphabet";"";"approved"
"2";"ÖL";"alphabet-pair";"";"Türk alfabesinde Ö ve L harfleri";"Letters Ö and L in the Turkish alphabet";"";"approved"
"2";"OM";"alphabet-pair";"";"İngiliz alfabesinde O ve M harfleri";"Letters O and M in the English alphabet";"";"approved"
"2";"ÖM";"alphabet-pair";"";"Türk alfabesinde Ö ve M harfleri";"Letters Ö and M in the Turkish alphabet";"";"approved"
"2";"ON";"alphabet-pair";"";"İngiliz alfabesinde O ve N harfleri";"Letters O and N in the English alphabet";"";"approved"
"2";"ÖN";"alphabet-pair";"";"Türk alfabesinde Ö ve N harfleri";"Letters Ö and N in the Turkish alphabet";"";"approved"
"2";"OO";"alphabet-pair";"";"İngiliz alfabesinde O ve O harfleri";"Letters O and O in the English alphabet";"";"approved"
"2";"OÖ";"alphabet-pair";"";"Türk alfabesinde O ve Ö harfleri";"Letters O and Ö in the Turkish alphabet";"";"approved"
"2";"ÖO";"alphabet-pair";"";"Türk alfabesinde Ö ve O harfleri";"Letters Ö and O in the Turkish alphabet";"";"approved"
"2";"ÖÖ";"alphabet-pair";"";"Türk alfabesinde Ö ve Ö harfleri";"Letters Ö and Ö in the Turkish alphabet";"";"approved"
"2";"OP";"alphabet-pair";"";"İngiliz alfabesinde O ve P harfleri";"Letters O and P in the English alphabet";"";"approved"
"2";"ÖP";"alphabet-pair";"";"Türk alfabesinde Ö ve P harfleri";"Letters Ö and P in the Turkish alphabet";"";"approved"
"2";"OQ";"alphabet-pair";"";"İngiliz alfabesinde O ve Q harfleri";"Letters O and Q in the English alphabet";"";"approved"
"2";"OR";"alphabet-pair";"";"İngiliz alfabesinde O ve R harfleri";"Letters O and R in the English alphabet";"";"approved"
"2";"ÖR";"alphabet-pair";"";"Türk alfabesinde Ö ve R harfleri";"Letters Ö and R in the Turkish alphabet";"";"approved"
"2";"OS";"element-symbol";"76";"Atom numarası 76 olan elementin simgesi";"Symbol of the element with atomic number 76";"İngiliz alfabesinde O ve S harfleri";"approved"
"2";"OŞ";"alphabet-pair";"";"Türk alfabesinde O ve Ş harfleri";"Letters O and Ş in the Turkish alphabet";"";"approved"
"2";"ÖS";"alphabet-pair";"";"Türk alfabesinde Ö ve S harfleri";"Letters Ö and S in the Turkish alphabet";"";"approved"
"2";"ÖŞ";"alphabet-pair";"";"Türk alfabesinde Ö ve Ş harfleri";"Letters Ö and Ş in the Turkish alphabet";"";"approved"
"2";"OT";"alphabet-pair";"";"İngiliz alfabesinde O ve T harfleri";"Letters O and T in the English alphabet";"";"approved"
"2";"ÖT";"alphabet-pair";"";"Türk alfabesinde Ö ve T harfleri";"Letters Ö and T in the Turkish alphabet";"";"approved"
"2";"OU";"alphabet-pair";"";"İngiliz alfabesinde O ve U harfleri";"Letters O and U in the English alphabet";"";"approved"
"2";"OÜ";"alphabet-pair";"";"Türk alfabesinde O ve Ü harfleri";"Letters O and Ü in the Turkish alphabet";"";"approved"
"2";"ÖU";"alphabet-pair";"";"Türk alfabesinde Ö ve U harfleri";"Letters Ö and U in the Turkish alphabet";"";"approved"
"2";"ÖÜ";"alphabet-pair";"";"Türk alfabesinde Ö ve Ü harfleri";"Letters Ö and Ü in the Turkish alphabet";"";"approved"
"2";"OV";"alphabet-pair";"";"İngiliz alfabesinde O ve V harfleri";"Letters O and V in the English alphabet";"";"approved"
"2";"ÖV";"alphabet-pair";"";"Türk alfabesinde Ö ve V harfleri";"Letters Ö and V in the Turkish alphabet";"";"approved"
"2";"OW";"alphabet-pair";"";"İngiliz alfabesinde O ve W harfleri";"Letters O and W in the English alphabet";"";"approved"
"2";"OX";"alphabet-pair";"";"İngiliz alfabesinde O ve X harfleri";"Letters O and X in the English alphabet";"";"approved"
"2";"OY";"alphabet-pair";"";"İngiliz alfabesinde O ve Y harfleri";"Letters O and Y in the English alphabet";"";"approved"
"2";"ÖY";"alphabet-pair";"";"Türk alfabesinde Ö ve Y harfleri";"Letters Ö and Y in the Turkish alphabet";"";"approved"
"2";"OZ";"alphabet-pair";"";"İngiliz alfabesinde O ve Z harfleri";"Letters O and Z in the English alphabet";"";"approved"
"2";"ÖZ";"alphabet-pair";"";"Türk alfabesinde Ö ve Z harfleri";"Letters Ö and Z in the Turkish alphabet";"";"approved"
"2";"PA";"element-symbol";"91";"Atom numarası 91 olan elementin simgesi";"Symbol of the element with atomic number 91";"İngiliz alfabesinde P ve A harfleri";"approved"
"2";"PB";"element-symbol";"82";"Atom numarası 82 olan elementin simgesi";"Symbol of the element with atomic number 82";"İngiliz alfabesinde P ve B harfleri";"approved"
"2";"PC";"alphabet-pair";"";"İngiliz alfabesinde P ve C harfleri";"Letters P and C in the English alphabet";"";"approved"
"2";"PÇ";"alphabet-pair";"";"Türk alfabesinde P ve Ç harfleri";"Letters P and Ç in the Turkish alphabet";"";"approved"
"2";"PD";"element-symbol";"46";"Atom numarası 46 olan elementin simgesi";"Symbol of the element with atomic number 46";"İngiliz alfabesinde P ve D harfleri";"approved"
"2";"PE";"alphabet-pair";"";"İngiliz alfabesinde P ve E harfleri";"Letters P and E in the English alphabet";"";"approved"
"2";"PF";"alphabet-pair";"";"İngiliz alfabesinde P ve F harfleri";"Letters P and F in the English alphabet";"";"approved"
"2";"PG";"alphabet-pair";"";"İngiliz alfabesinde P ve G harfleri";"Letters P and G in the English alphabet";"";"approved"
"2";"PĞ";"alphabet-pair";"";"Türk alfabesinde P ve Ğ harfleri";"Letters P and Ğ in the Turkish alphabet";"";"approved"
"2";"PH";"alphabet-pair";"";"İngiliz alfabesinde P ve H harfleri";"Letters P and H in the English alphabet";"";"approved"
"2";"PI";"alphabet-pair";"";"İngiliz alfabesinde P ve I harfleri";"Letters P and I in the English alphabet";"";"approved"
"2";"Pİ";"alphabet-pair";"";"Türk alfabesinde P ve İ harfleri";"Letters P and İ in the Turkish alphabet";"";"approved"
"2";"PJ";"alphabet-pair";"";"İngiliz alfabesinde P ve J harfleri";"Letters P and J in the English alphabet";"";"approved"
"2";"PK";"alphabet-pair";"";"İngiliz alfabesinde P ve K harfleri";"Letters P and K in the English alphabet";"";"approved"
"2";"PL";"alphabet-pair";"";"İngiliz alfabesinde P ve L harfleri";"Letters P and L in the English alphabet";"";"approved"
"2";"PM";"element-symbol";"61";"Atom numarası 61 olan elementin simgesi";"Symbol of the element with atomic number 61";"İngiliz alfabesinde P ve M harfleri";"approved"
"2";"PN";"alphabet-pair";"";"İngiliz alfabesinde P ve N harfleri";"Letters P and N in the English alphabet";"";"approved"
"2";"PO";"element-symbol";"84";"Atom numarası 84 olan elementin simgesi";"Symbol of the element with atomic number 84";"İngiliz alfabesinde P ve O harfleri";"approved"
"2";"PÖ";"alphabet-pair";"";"Türk alfabesinde P ve Ö harfleri";"Letters P and Ö in the Turkish alphabet";"";"approved"
"2";"PP";"alphabet-pair";"";"İngiliz alfabesinde P ve P harfleri";"Letters P and P in the English alphabet";"";"approved"
"2";"PQ";"alphabet-pair";"";"İngiliz alfabesinde P ve Q harfleri";"Letters P and Q in the English alphabet";"";"approved"
"2";"PR";"element-symbol";"59";"Atom numarası 59 olan elementin simgesi";"Symbol of the element with atomic number 59";"İngiliz alfabesinde P ve R harfleri";"approved"
"2";"PS";"alphabet-pair";"";"İngiliz alfabesinde P ve S harfleri";"Letters P and S in the English alphabet";"";"approved"
"2";"PŞ";"alphabet-pair";"";"Türk alfabesinde P ve Ş harfleri";"Letters P and Ş in the Turkish alphabet";"";"approved"
"2";"PT";"element-symbol";"78";"Atom numarası 78 olan elementin simgesi";"Symbol of the element with atomic number 78";"İngiliz alfabesinde P ve T harfleri";"approved"
"2";"PU";"element-symbol";"94";"Atom numarası 94 olan elementin simgesi";"Symbol of the element with atomic number 94";"İngiliz alfabesinde P ve U harfleri";"approved"
"2";"PÜ";"alphabet-pair";"";"Türk alfabesinde P ve Ü harfleri";"Letters P and Ü in the Turkish alphabet";"";"approved"
"2";"PV";"alphabet-pair";"";"İngiliz alfabesinde P ve V harfleri";"Letters P and V in the English alphabet";"";"approved"
"2";"PW";"alphabet-pair";"";"İngiliz alfabesinde P ve W harfleri";"Letters P and W in the English alphabet";"";"approved"
"2";"PX";"alphabet-pair";"";"İngiliz alfabesinde P ve X harfleri";"Letters P and X in the English alphabet";"";"approved"
"2";"PY";"alphabet-pair";"";"İngiliz alfabesinde P ve Y harfleri";"Letters P and Y in the English alphabet";"";"approved"
"2";"PZ";"alphabet-pair";"";"İngiliz alfabesinde P ve Z harfleri";"Letters P and Z in the English alphabet";"";"approved"
"2";"QA";"alphabet-pair";"";"İngiliz alfabesinde Q ve A harfleri";"Letters Q and A in the English alphabet";"";"approved"
"2";"QB";"alphabet-pair";"";"İngiliz alfabesinde Q ve B harfleri";"Letters Q and B in the English alphabet";"";"approved"
"2";"QC";"alphabet-pair";"";"İngiliz alfabesinde Q ve C harfleri";"Letters Q and C in the English alphabet";"";"approved"
"2";"QD";"alphabet-pair";"";"İngiliz alfabesinde Q ve D harfleri";"Letters Q and D in the English alphabet";"";"approved"
"2";"QE";"alphabet-pair";"";"İngiliz alfabesinde Q ve E harfleri";"Letters Q and E in the English alphabet";"";"approved"
"2";"QF";"alphabet-pair";"";"İngiliz alfabesinde Q ve F harfleri";"Letters Q and F in the English alphabet";"";"approved"
"2";"QG";"alphabet-pair";"";"İngiliz alfabesinde Q ve G harfleri";"Letters Q and G in the English alphabet";"";"approved"
"2";"QH";"alphabet-pair";"";"İngiliz alfabesinde Q ve H harfleri";"Letters Q and H in the English alphabet";"";"approved"
"2";"QI";"alphabet-pair";"";"İngiliz alfabesinde Q ve I harfleri";"Letters Q and I in the English alphabet";"";"approved"
"2";"QJ";"alphabet-pair";"";"İngiliz alfabesinde Q ve J harfleri";"Letters Q and J in the English alphabet";"";"approved"
"2";"QK";"alphabet-pair";"";"İngiliz alfabesinde Q ve K harfleri";"Letters Q and K in the English alphabet";"";"approved"
"2";"QL";"alphabet-pair";"";"İngiliz alfabesinde Q ve L harfleri";"Letters Q and L in the English alphabet";"";"approved"
"2";"QM";"alphabet-pair";"";"İngiliz alfabesinde Q ve M harfleri";"Letters Q and M in the English alphabet";"";"approved"
"2";"QN";"alphabet-pair";"";"İngiliz alfabesinde Q ve N harfleri";"Letters Q and N in the English alphabet";"";"approved"
"2";"QO";"alphabet-pair";"";"İngiliz alfabesinde Q ve O harfleri";"Letters Q and O in the English alphabet";"";"approved"
"2";"QP";"alphabet-pair";"";"İngiliz alfabesinde Q ve P harfleri";"Letters Q and P in the English alphabet";"";"approved"
"2";"QQ";"alphabet-pair";"";"İngiliz alfabesinde Q ve Q harfleri";"Letters Q and Q in the English alphabet";"";"approved"
"2";"QR";"alphabet-pair";"";"İngiliz alfabesinde Q ve R harfleri";"Letters Q and R in the English alphabet";"";"approved"
"2";"QS";"alphabet-pair";"";"İngiliz alfabesinde Q ve S harfleri";"Letters Q and S in the English alphabet";"";"approved"
"2";"QT";"alphabet-pair";"";"İngiliz alfabesinde Q ve T harfleri";"Letters Q and T in the English alphabet";"";"approved"
"2";"QU";"alphabet-pair";"";"İngiliz alfabesinde Q ve U harfleri";"Letters Q and U in the English alphabet";"";"approved"
"2";"QV";"alphabet-pair";"";"İngiliz alfabesinde Q ve V harfleri";"Letters Q and V in the English alphabet";"";"approved"
"2";"QW";"alphabet-pair";"";"İngiliz alfabesinde Q ve W harfleri";"Letters Q and W in the English alphabet";"";"approved"
"2";"QX";"alphabet-pair";"";"İngiliz alfabesinde Q ve X harfleri";"Letters Q and X in the English alphabet";"";"approved"
"2";"QY";"alphabet-pair";"";"İngiliz alfabesinde Q ve Y harfleri";"Letters Q and Y in the English alphabet";"";"approved"
"2";"QZ";"alphabet-pair";"";"İngiliz alfabesinde Q ve Z harfleri";"Letters Q and Z in the English alphabet";"";"approved"
"2";"RA";"element-symbol";"88";"Atom numarası 88 olan elementin simgesi";"Symbol of the element with atomic number 88";"İngiliz alfabesinde R ve A harfleri";"approved"
"2";"RB";"element-symbol";"37";"Atom numarası 37 olan elementin simgesi";"Symbol of the element with atomic number 37";"İngiliz alfabesinde R ve B harfleri";"approved"
"2";"RC";"alphabet-pair";"";"İngiliz alfabesinde R ve C harfleri";"Letters R and C in the English alphabet";"";"approved"
"2";"RÇ";"alphabet-pair";"";"Türk alfabesinde R ve Ç harfleri";"Letters R and Ç in the Turkish alphabet";"";"approved"
"2";"RD";"alphabet-pair";"";"İngiliz alfabesinde R ve D harfleri";"Letters R and D in the English alphabet";"";"approved"
"2";"RE";"element-symbol";"75";"Atom numarası 75 olan elementin simgesi";"Symbol of the element with atomic number 75";"İngiliz alfabesinde R ve E harfleri";"approved"
"2";"RF";"element-symbol";"104";"Atom numarası 104 olan elementin simgesi";"Symbol of the element with atomic number 104";"İngiliz alfabesinde R ve F harfleri";"approved"
"2";"RG";"element-symbol";"111";"Atom numarası 111 olan elementin simgesi";"Symbol of the element with atomic number 111";"İngiliz alfabesinde R ve G harfleri";"approved"
"2";"RĞ";"alphabet-pair";"";"Türk alfabesinde R ve Ğ harfleri";"Letters R and Ğ in the Turkish alphabet";"";"approved"
"2";"RH";"element-symbol";"45";"Atom numarası 45 olan elementin simgesi";"Symbol of the element with atomic number 45";"İngiliz alfabesinde R ve H harfleri";"approved"
"2";"RI";"alphabet-pair";"";"İngiliz alfabesinde R ve I harfleri";"Letters R and I in the English alphabet";"";"approved"
"2";"Rİ";"alphabet-pair";"";"Türk alfabesinde R ve İ harfleri";"Letters R and İ in the Turkish alphabet";"";"approved"
"2";"RJ";"alphabet-pair";"";"İngiliz alfabesinde R ve J harfleri";"Letters R and J in the English alphabet";"";"approved"
"2";"RK";"alphabet-pair";"";"İngiliz alfabesinde R ve K harfleri";"Letters R and K in the English alphabet";"";"approved"
"2";"RL";"alphabet-pair";"";"İngiliz alfabesinde R ve L harfleri";"Letters R and L in the English alphabet";"";"approved"
"2";"RM";"alphabet-pair";"";"İngiliz alfabesinde R ve M harfleri";"Letters R and M in the English alphabet";"";"approved"
"2";"RN";"element-symbol";"86";"Atom numarası 86 olan elementin simgesi";"Symbol of the element with atomic number 86";"İngiliz alfabesinde R ve N harfleri";"approved"
"2";"RO";"alphabet-pair";"";"İngiliz alfabesinde R ve O harfleri";"Letters R and O in the English alphabet";"";"approved"
"2";"RÖ";"alphabet-pair";"";"Türk alfabesinde R ve Ö harfleri";"Letters R and Ö in the Turkish alphabet";"";"approved"
"2";"RP";"alphabet-pair";"";"İngiliz alfabesinde R ve P harfleri";"Letters R and P in the English alphabet";"";"approved"
"2";"RQ";"alphabet-pair";"";"İngiliz alfabesinde R ve Q harfleri";"Letters R and Q in the English alphabet";"";"approved"
"2";"RR";"alphabet-pair";"";"İngiliz alfabesinde R ve R harfleri";"Letters R and R in the English alphabet";"";"approved"
"2";"RS";"alphabet-pair";"";"İngiliz alfabesinde R ve S harfleri";"Letters R and S in the English alphabet";"";"approved"
"2";"RŞ";"alphabet-pair";"";"Türk alfabesinde R ve Ş harfleri";"Letters R and Ş in the Turkish alphabet";"";"approved"
"2";"RT";"alphabet-pair";"";"İngiliz alfabesinde R ve T harfleri";"Letters R and T in the English alphabet";"";"approved"
"2";"RU";"element-symbol";"44";"Atom numarası 44 olan elementin simgesi";"Symbol of the element with atomic number 44";"İngiliz alfabesinde R ve U harfleri";"approved"
"2";"RÜ";"alphabet-pair";"";"Türk alfabesinde R ve Ü harfleri";"Letters R and Ü in the Turkish alphabet";"";"approved"
"2";"RV";"alphabet-pair";"";"İngiliz alfabesinde R ve V harfleri";"Letters R and V in the English alphabet";"";"approved"
"2";"RW";"alphabet-pair";"";"İngiliz alfabesinde R ve W harfleri";"Letters R and W in the English alphabet";"";"approved"
"2";"RX";"alphabet-pair";"";"İngiliz alfabesinde R ve X harfleri";"Letters R and X in the English alphabet";"";"approved"
"2";"RY";"alphabet-pair";"";"İngiliz alfabesinde R ve Y harfleri";"Letters R and Y in the English alphabet";"";"approved"
"2";"RZ";"alphabet-pair";"";"İngiliz alfabesinde R ve Z harfleri";"Letters R and Z in the English alphabet";"";"approved"
"2";"SA";"alphabet-pair";"";"İngiliz alfabesinde S ve A harfleri";"Letters S and A in the English alphabet";"";"approved"
"2";"ŞA";"alphabet-pair";"";"Türk alfabesinde Ş ve A harfleri";"Letters Ş and A in the Turkish alphabet";"";"approved"
"2";"SB";"element-symbol";"51";"Atom numarası 51 olan elementin simgesi";"Symbol of the element with atomic number 51";"İngiliz alfabesinde S ve B harfleri";"approved"
"2";"ŞB";"alphabet-pair";"";"Türk alfabesinde Ş ve B harfleri";"Letters Ş and B in the Turkish alphabet";"";"approved"
"2";"SC";"element-symbol";"21";"Atom numarası 21 olan elementin simgesi";"Symbol of the element with atomic number 21";"İngiliz alfabesinde S ve C harfleri";"approved"
"2";"SÇ";"alphabet-pair";"";"Türk alfabesinde S ve Ç harfleri";"Letters S and Ç in the Turkish alphabet";"";"approved"
"2";"ŞC";"alphabet-pair";"";"Türk alfabesinde Ş ve C harfleri";"Letters Ş and C in the Turkish alphabet";"";"approved"
"2";"ŞÇ";"alphabet-pair";"";"Türk alfabesinde Ş ve Ç harfleri";"Letters Ş and Ç in the Turkish alphabet";"";"approved"
"2";"SD";"alphabet-pair";"";"İngiliz alfabesinde S ve D harfleri";"Letters S and D in the English alphabet";"";"approved"
"2";"ŞD";"alphabet-pair";"";"Türk alfabesinde Ş ve D harfleri";"Letters Ş and D in the Turkish alphabet";"";"approved"
"2";"SE";"element-symbol";"34";"Atom numarası 34 olan elementin simgesi";"Symbol of the element with atomic number 34";"İngiliz alfabesinde S ve E harfleri";"approved"
"2";"ŞE";"alphabet-pair";"";"Türk alfabesinde Ş ve E harfleri";"Letters Ş and E in the Turkish alphabet";"";"approved"
"2";"SF";"alphabet-pair";"";"İngiliz alfabesinde S ve F harfleri";"Letters S and F in the English alphabet";"";"approved"
"2";"ŞF";"alphabet-pair";"";"Türk alfabesinde Ş ve F harfleri";"Letters Ş and F in the Turkish alphabet";"";"approved"
"2";"SG";"element-symbol";"106";"Atom numarası 106 olan elementin simgesi";"Symbol of the element with atomic number 106";"İngiliz alfabesinde S ve G harfleri";"approved"
"2";"SĞ";"alphabet-pair";"";"Türk alfabesinde S ve Ğ harfleri";"Letters S and Ğ in the Turkish alphabet";"";"approved"
"2";"ŞG";"alphabet-pair";"";"Türk alfabesinde Ş ve G harfleri";"Letters Ş and G in the Turkish alphabet";"";"approved"
"2";"ŞĞ";"alphabet-pair";"";"Türk alfabesinde Ş ve Ğ harfleri";"Letters Ş and Ğ in the Turkish alphabet";"";"approved"
"2";"SH";"alphabet-pair";"";"İngiliz alfabesinde S ve H harfleri";"Letters S and H in the English alphabet";"";"approved"
"2";"ŞH";"alphabet-pair";"";"Türk alfabesinde Ş ve H harfleri";"Letters Ş and H in the Turkish alphabet";"";"approved"
"2";"SI";"element-symbol";"14";"Atom numarası 14 olan elementin simgesi";"Symbol of the element with atomic number 14";"İngiliz alfabesinde S ve I harfleri";"approved"
"2";"Sİ";"alphabet-pair";"";"Türk alfabesinde S ve İ harfleri";"Letters S and İ in the Turkish alphabet";"";"approved"
"2";"ŞI";"alphabet-pair";"";"Türk alfabesinde Ş ve I harfleri";"Letters Ş and I in the Turkish alphabet";"";"approved"
"2";"Şİ";"alphabet-pair";"";"Türk alfabesinde Ş ve İ harfleri";"Letters Ş and İ in the Turkish alphabet";"";"approved"
"2";"SJ";"alphabet-pair";"";"İngiliz alfabesinde S ve J harfleri";"Letters S and J in the English alphabet";"";"approved"
"2";"ŞJ";"alphabet-pair";"";"Türk alfabesinde Ş ve J harfleri";"Letters Ş and J in the Turkish alphabet";"";"approved"
"2";"SK";"alphabet-pair";"";"İngiliz alfabesinde S ve K harfleri";"Letters S and K in the English alphabet";"";"approved"
"2";"ŞK";"alphabet-pair";"";"Türk alfabesinde Ş ve K harfleri";"Letters Ş and K in the Turkish alphabet";"";"approved"
"2";"SL";"alphabet-pair";"";"İngiliz alfabesinde S ve L harfleri";"Letters S and L in the English alphabet";"";"approved"
"2";"ŞL";"alphabet-pair";"";"Türk alfabesinde Ş ve L harfleri";"Letters Ş and L in the Turkish alphabet";"";"approved"
"2";"SM";"element-symbol";"62";"Atom numarası 62 olan elementin simgesi";"Symbol of the element with atomic number 62";"İngiliz alfabesinde S ve M harfleri";"approved"
"2";"ŞM";"alphabet-pair";"";"Türk alfabesinde Ş ve M harfleri";"Letters Ş and M in the Turkish alphabet";"";"approved"
"2";"SN";"element-symbol";"50";"Atom numarası 50 olan elementin simgesi";"Symbol of the element with atomic number 50";"İngiliz alfabesinde S ve N harfleri";"approved"
"2";"ŞN";"alphabet-pair";"";"Türk alfabesinde Ş ve N harfleri";"Letters Ş and N in the Turkish alphabet";"";"approved"
"2";"SO";"alphabet-pair";"";"İngiliz alfabesinde S ve O harfleri";"Letters S and O in the English alphabet";"";"approved"
"2";"SÖ";"alphabet-pair";"";"Türk alfabesinde S ve Ö harfleri";"Letters S and Ö in the Turkish alphabet";"";"approved"
"2";"ŞO";"alphabet-pair";"";"Türk alfabesinde Ş ve O harfleri";"Letters Ş and O in the Turkish alphabet";"";"approved"
"2";"ŞÖ";"alphabet-pair";"";"Türk alfabesinde Ş ve Ö harfleri";"Letters Ş and Ö in the Turkish alphabet";"";"approved"
"2";"SP";"alphabet-pair";"";"İngiliz alfabesinde S ve P harfleri";"Letters S and P in the English alphabet";"";"approved"
"2";"ŞP";"alphabet-pair";"";"Türk alfabesinde Ş ve P harfleri";"Letters Ş and P in the Turkish alphabet";"";"approved"
"2";"SQ";"alphabet-pair";"";"İngiliz alfabesinde S ve Q harfleri";"Letters S and Q in the English alphabet";"";"approved"
"2";"SR";"element-symbol";"38";"Atom numarası 38 olan elementin simgesi";"Symbol of the element with atomic number 38";"İngiliz alfabesinde S ve R harfleri";"approved"
"2";"ŞR";"alphabet-pair";"";"Türk alfabesinde Ş ve R harfleri";"Letters Ş and R in the Turkish alphabet";"";"approved"
"2";"SS";"alphabet-pair";"";"İngiliz alfabesinde S ve S harfleri";"Letters S and S in the English alphabet";"";"approved"
"2";"SŞ";"alphabet-pair";"";"Türk alfabesinde S ve Ş harfleri";"Letters S and Ş in the Turkish alphabet";"";"approved"
"2";"ŞS";"alphabet-pair";"";"Türk alfabesinde Ş ve S harfleri";"Letters Ş and S in the Turkish alphabet";"";"approved"
"2";"ŞŞ";"alphabet-pair";"";"Türk alfabesinde Ş ve Ş harfleri";"Letters Ş and Ş in the Turkish alphabet";"";"approved"
"2";"ST";"alphabet-pair";"";"İngiliz alfabesinde S ve T harfleri";"Letters S and T in the English alphabet";"";"approved"
"2";"ŞT";"alphabet-pair";"";"Türk alfabesinde Ş ve T harfleri";"Letters Ş and T in the Turkish alphabet";"";"approved"
"2";"SU";"alphabet-pair";"";"İngiliz alfabesinde S ve U harfleri";"Letters S and U in the English alphabet";"";"approved"
"2";"SÜ";"alphabet-pair";"";"Türk alfabesinde S ve Ü harfleri";"Letters S and Ü in the Turkish alphabet";"";"approved"
"2";"ŞU";"alphabet-pair";"";"Türk alfabesinde Ş ve U harfleri";"Letters Ş and U in the Turkish alphabet";"";"approved"
"2";"ŞÜ";"alphabet-pair";"";"Türk alfabesinde Ş ve Ü harfleri";"Letters Ş and Ü in the Turkish alphabet";"";"approved"
"2";"SV";"alphabet-pair";"";"İngiliz alfabesinde S ve V harfleri";"Letters S and V in the English alphabet";"";"approved"
"2";"ŞV";"alphabet-pair";"";"Türk alfabesinde Ş ve V harfleri";"Letters Ş and V in the Turkish alphabet";"";"approved"
"2";"SW";"alphabet-pair";"";"İngiliz alfabesinde S ve W harfleri";"Letters S and W in the English alphabet";"";"approved"
"2";"SX";"alphabet-pair";"";"İngiliz alfabesinde S ve X harfleri";"Letters S and X in the English alphabet";"";"approved"
"2";"SY";"alphabet-pair";"";"İngiliz alfabesinde S ve Y harfleri";"Letters S and Y in the English alphabet";"";"approved"
"2";"ŞY";"alphabet-pair";"";"Türk alfabesinde Ş ve Y harfleri";"Letters Ş and Y in the Turkish alphabet";"";"approved"
"2";"SZ";"alphabet-pair";"";"İngiliz alfabesinde S ve Z harfleri";"Letters S and Z in the English alphabet";"";"approved"
"2";"ŞZ";"alphabet-pair";"";"Türk alfabesinde Ş ve Z harfleri";"Letters Ş and Z in the Turkish alphabet";"";"approved"
"2";"TA";"element-symbol";"73";"Atom numarası 73 olan elementin simgesi";"Symbol of the element with atomic number 73";"İngiliz alfabesinde T ve A harfleri";"approved"
"2";"TB";"element-symbol";"65";"Atom numarası 65 olan elementin simgesi";"Symbol of the element with atomic number 65";"İngiliz alfabesinde T ve B harfleri";"approved"
"2";"TC";"element-symbol";"43";"Atom numarası 43 olan elementin simgesi";"Symbol of the element with atomic number 43";"İngiliz alfabesinde T ve C harfleri";"approved"
"2";"TÇ";"alphabet-pair";"";"Türk alfabesinde T ve Ç harfleri";"Letters T and Ç in the Turkish alphabet";"";"approved"
"2";"TD";"alphabet-pair";"";"İngiliz alfabesinde T ve D harfleri";"Letters T and D in the English alphabet";"";"approved"
"2";"TE";"element-symbol";"52";"Atom numarası 52 olan elementin simgesi";"Symbol of the element with atomic number 52";"İngiliz alfabesinde T ve E harfleri";"approved"
"2";"TF";"alphabet-pair";"";"İngiliz alfabesinde T ve F harfleri";"Letters T and F in the English alphabet";"";"approved"
"2";"TG";"alphabet-pair";"";"İngiliz alfabesinde T ve G harfleri";"Letters T and G in the English alphabet";"";"approved"
"2";"TĞ";"alphabet-pair";"";"Türk alfabesinde T ve Ğ harfleri";"Letters T and Ğ in the Turkish alphabet";"";"approved"
"2";"TH";"element-symbol";"90";"Atom numarası 90 olan elementin simgesi";"Symbol of the element with atomic number 90";"İngiliz alfabesinde T ve H harfleri";"approved"
"2";"TI";"element-symbol";"22";"Atom numarası 22 olan elementin simgesi";"Symbol of the element with atomic number 22";"İngiliz alfabesinde T ve I harfleri";"approved"
"2";"Tİ";"alphabet-pair";"";"Türk alfabesinde T ve İ harfleri";"Letters T and İ in the Turkish alphabet";"";"approved"
"2";"TJ";"alphabet-pair";"";"İngiliz alfabesinde T ve J harfleri";"Letters T and J in the English alphabet";"";"approved"
"2";"TK";"alphabet-pair";"";"İngiliz alfabesinde T ve K harfleri";"Letters T and K in the English alphabet";"";"approved"
"2";"TL";"element-symbol";"81";"Atom numarası 81 olan elementin simgesi";"Symbol of the element with atomic number 81";"İngiliz alfabesinde T ve L harfleri";"approved"
"2";"TM";"element-symbol";"69";"Atom numarası 69 olan elementin simgesi";"Symbol of the element with atomic number 69";"İngiliz alfabesinde T ve M harfleri";"approved"
"2";"TN";"alphabet-pair";"";"İngiliz alfabesinde T ve N harfleri";"Letters T and N in the English alphabet";"";"approved"
"2";"TO";"alphabet-pair";"";"İngiliz alfabesinde T ve O harfleri";"Letters T and O in the English alphabet";"";"approved"
"2";"TÖ";"alphabet-pair";"";"Türk alfabesinde T ve Ö harfleri";"Letters T and Ö in the Turkish alphabet";"";"approved"
"2";"TP";"alphabet-pair";"";"İngiliz alfabesinde T ve P harfleri";"Letters T and P in the English alphabet";"";"approved"
"2";"TQ";"alphabet-pair";"";"İngiliz alfabesinde T ve Q harfleri";"Letters T and Q in the English alphabet";"";"approved"
"2";"TR";"alphabet-pair";"";"İngiliz alfabesinde T ve R harfleri";"Letters T and R in the English alphabet";"";"approved"
"2";"TS";"element-symbol";"117";"Atom numarası 117 olan elementin simgesi";"Symbol of the element with atomic number 117";"İngiliz alfabesinde T ve S harfleri";"approved"
"2";"TŞ";"alphabet-pair";"";"Türk alfabesinde T ve Ş harfleri";"Letters T and Ş in the Turkish alphabet";"";"approved"
"2";"TT";"alphabet-pair";"";"İngiliz alfabesinde T ve T harfleri";"Letters T and T in the English alphabet";"";"approved"
"2";"TU";"alphabet-pair";"";"İngiliz alfabesinde T ve U harfleri";"Letters T and U in the English alphabet";"";"approved"
"2";"TÜ";"alphabet-pair";"";"Türk alfabesinde T ve Ü harfleri";"Letters T and Ü in the Turkish alphabet";"";"approved"
"2";"TV";"alphabet-pair";"";"İngiliz alfabesinde T ve V harfleri";"Letters T and V in the English alphabet";"";"approved"
"2";"TW";"alphabet-pair";"";"İngiliz alfabesinde T ve W harfleri";"Letters T and W in the English alphabet";"";"approved"
"2";"TX";"alphabet-pair";"";"İngiliz alfabesinde T ve X harfleri";"Letters T and X in the English alphabet";"";"approved"
"2";"TY";"alphabet-pair";"";"İngiliz alfabesinde T ve Y harfleri";"Letters T and Y in the English alphabet";"";"approved"
"2";"TZ";"alphabet-pair";"";"İngiliz alfabesinde T ve Z harfleri";"Letters T and Z in the English alphabet";"";"approved"
"2";"UA";"alphabet-pair";"";"İngiliz alfabesinde U ve A harfleri";"Letters U and A in the English alphabet";"";"approved"
"2";"ÜA";"alphabet-pair";"";"Türk alfabesinde Ü ve A harfleri";"Letters Ü and A in the Turkish alphabet";"";"approved"
"2";"UB";"alphabet-pair";"";"İngiliz alfabesinde U ve B harfleri";"Letters U and B in the English alphabet";"";"approved"
"2";"ÜB";"alphabet-pair";"";"Türk alfabesinde Ü ve B harfleri";"Letters Ü and B in the Turkish alphabet";"";"approved"
"2";"UC";"alphabet-pair";"";"İngiliz alfabesinde U ve C harfleri";"Letters U and C in the English alphabet";"";"approved"
"2";"UÇ";"alphabet-pair";"";"Türk alfabesinde U ve Ç harfleri";"Letters U and Ç in the Turkish alphabet";"";"approved"
"2";"ÜC";"alphabet-pair";"";"Türk alfabesinde Ü ve C harfleri";"Letters Ü and C in the Turkish alphabet";"";"approved"
"2";"ÜÇ";"alphabet-pair";"";"Türk alfabesinde Ü ve Ç harfleri";"Letters Ü and Ç in the Turkish alphabet";"";"approved"
"2";"UD";"alphabet-pair";"";"İngiliz alfabesinde U ve D harfleri";"Letters U and D in the English alphabet";"";"approved"
"2";"ÜD";"alphabet-pair";"";"Türk alfabesinde Ü ve D harfleri";"Letters Ü and D in the Turkish alphabet";"";"approved"
"2";"UE";"alphabet-pair";"";"İngiliz alfabesinde U ve E harfleri";"Letters U and E in the English alphabet";"";"approved"
"2";"ÜE";"alphabet-pair";"";"Türk alfabesinde Ü ve E harfleri";"Letters Ü and E in the Turkish alphabet";"";"approved"
"2";"UF";"alphabet-pair";"";"İngiliz alfabesinde U ve F harfleri";"Letters U and F in the English alphabet";"";"approved"
"2";"ÜF";"alphabet-pair";"";"Türk alfabesinde Ü ve F harfleri";"Letters Ü and F in the Turkish alphabet";"";"approved"
"2";"UG";"alphabet-pair";"";"İngiliz alfabesinde U ve G harfleri";"Letters U and G in the English alphabet";"";"approved"
"2";"UĞ";"alphabet-pair";"";"Türk alfabesinde U ve Ğ harfleri";"Letters U and Ğ in the Turkish alphabet";"";"approved"
"2";"ÜG";"alphabet-pair";"";"Türk alfabesinde Ü ve G harfleri";"Letters Ü and G in the Turkish alphabet";"";"approved"
"2";"ÜĞ";"alphabet-pair";"";"Türk alfabesinde Ü ve Ğ harfleri";"Letters Ü and Ğ in the Turkish alphabet";"";"approved"
"2";"UH";"alphabet-pair";"";"İngiliz alfabesinde U ve H harfleri";"Letters U and H in the English alphabet";"";"approved"
"2";"ÜH";"alphabet-pair";"";"Türk alfabesinde Ü ve H harfleri";"Letters Ü and H in the Turkish alphabet";"";"approved"
"2";"UI";"alphabet-pair";"";"İngiliz alfabesinde U ve I harfleri";"Letters U and I in the English alphabet";"";"approved"
"2";"Uİ";"alphabet-pair";"";"Türk alfabesinde U ve İ harfleri";"Letters U and İ in the Turkish alphabet";"";"approved"
"2";"ÜI";"alphabet-pair";"";"Türk alfabesinde Ü ve I harfleri";"Letters Ü and I in the Turkish alphabet";"";"approved"
"2";"Üİ";"alphabet-pair";"";"Türk alfabesinde Ü ve İ harfleri";"Letters Ü and İ in the Turkish alphabet";"";"approved"
"2";"UJ";"alphabet-pair";"";"İngiliz alfabesinde U ve J harfleri";"Letters U and J in the English alphabet";"";"approved"
"2";"ÜJ";"alphabet-pair";"";"Türk alfabesinde Ü ve J harfleri";"Letters Ü and J in the Turkish alphabet";"";"approved"
"2";"UK";"alphabet-pair";"";"İngiliz alfabesinde U ve K harfleri";"Letters U and K in the English alphabet";"";"approved"
"2";"ÜK";"alphabet-pair";"";"Türk alfabesinde Ü ve K harfleri";"Letters Ü and K in the Turkish alphabet";"";"approved"
"2";"UL";"alphabet-pair";"";"İngiliz alfabesinde U ve L harfleri";"Letters U and L in the English alphabet";"";"approved"
"2";"ÜL";"alphabet-pair";"";"Türk alfabesinde Ü ve L harfleri";"Letters Ü and L in the Turkish alphabet";"";"approved"
"2";"UM";"alphabet-pair";"";"İngiliz alfabesinde U ve M harfleri";"Letters U and M in the English alphabet";"";"approved"
"2";"ÜM";"alphabet-pair";"";"Türk alfabesinde Ü ve M harfleri";"Letters Ü and M in the Turkish alphabet";"";"approved"
"2";"UN";"alphabet-pair";"";"İngiliz alfabesinde U ve N harfleri";"Letters U and N in the English alphabet";"";"approved"
"2";"ÜN";"alphabet-pair";"";"Türk alfabesinde Ü ve N harfleri";"Letters Ü and N in the Turkish alphabet";"";"approved"
"2";"UO";"alphabet-pair";"";"İngiliz alfabesinde U ve O harfleri";"Letters U and O in the English alphabet";"";"approved"
"2";"UÖ";"alphabet-pair";"";"Türk alfabesinde U ve Ö harfleri";"Letters U and Ö in the Turkish alphabet";"";"approved"
"2";"ÜO";"alphabet-pair";"";"Türk alfabesinde Ü ve O harfleri";"Letters Ü and O in the Turkish alphabet";"";"approved"
"2";"ÜÖ";"alphabet-pair";"";"Türk alfabesinde Ü ve Ö harfleri";"Letters Ü and Ö in the Turkish alphabet";"";"approved"
"2";"UP";"alphabet-pair";"";"İngiliz alfabesinde U ve P harfleri";"Letters U and P in the English alphabet";"";"approved"
"2";"ÜP";"alphabet-pair";"";"Türk alfabesinde Ü ve P harfleri";"Letters Ü and P in the Turkish alphabet";"";"approved"
"2";"UQ";"alphabet-pair";"";"İngiliz alfabesinde U ve Q harfleri";"Letters U and Q in the English alphabet";"";"approved"
"2";"UR";"alphabet-pair";"";"İngiliz alfabesinde U ve R harfleri";"Letters U and R in the English alphabet";"";"approved"
"2";"ÜR";"alphabet-pair";"";"Türk alfabesinde Ü ve R harfleri";"Letters Ü and R in the Turkish alphabet";"";"approved"
"2";"US";"alphabet-pair";"";"İngiliz alfabesinde U ve S harfleri";"Letters U and S in the English alphabet";"";"approved"
"2";"UŞ";"alphabet-pair";"";"Türk alfabesinde U ve Ş harfleri";"Letters U and Ş in the Turkish alphabet";"";"approved"
"2";"ÜS";"alphabet-pair";"";"Türk alfabesinde Ü ve S harfleri";"Letters Ü and S in the Turkish alphabet";"";"approved"
"2";"ÜŞ";"alphabet-pair";"";"Türk alfabesinde Ü ve Ş harfleri";"Letters Ü and Ş in the Turkish alphabet";"";"approved"
"2";"UT";"alphabet-pair";"";"İngiliz alfabesinde U ve T harfleri";"Letters U and T in the English alphabet";"";"approved"
"2";"ÜT";"alphabet-pair";"";"Türk alfabesinde Ü ve T harfleri";"Letters Ü and T in the Turkish alphabet";"";"approved"
"2";"UU";"alphabet-pair";"";"İngiliz alfabesinde U ve U harfleri";"Letters U and U in the English alphabet";"";"approved"
"2";"UÜ";"alphabet-pair";"";"Türk alfabesinde U ve Ü harfleri";"Letters U and Ü in the Turkish alphabet";"";"approved"
"2";"ÜU";"alphabet-pair";"";"Türk alfabesinde Ü ve U harfleri";"Letters Ü and U in the Turkish alphabet";"";"approved"
"2";"ÜÜ";"alphabet-pair";"";"Türk alfabesinde Ü ve Ü harfleri";"Letters Ü and Ü in the Turkish alphabet";"";"approved"
"2";"UV";"alphabet-pair";"";"İngiliz alfabesinde U ve V harfleri";"Letters U and V in the English alphabet";"";"approved"
"2";"ÜV";"alphabet-pair";"";"Türk alfabesinde Ü ve V harfleri";"Letters Ü and V in the Turkish alphabet";"";"approved"
"2";"UW";"alphabet-pair";"";"İngiliz alfabesinde U ve W harfleri";"Letters U and W in the English alphabet";"";"approved"
"2";"UX";"alphabet-pair";"";"İngiliz alfabesinde U ve X harfleri";"Letters U and X in the English alphabet";"";"approved"
"2";"UY";"alphabet-pair";"";"İngiliz alfabesinde U ve Y harfleri";"Letters U and Y in the English alphabet";"";"approved"
"2";"ÜY";"alphabet-pair";"";"Türk alfabesinde Ü ve Y harfleri";"Letters Ü and Y in the Turkish alphabet";"";"approved"
"2";"UZ";"alphabet-pair";"";"İngiliz alfabesinde U ve Z harfleri";"Letters U and Z in the English alphabet";"";"approved"
"2";"ÜZ";"alphabet-pair";"";"Türk alfabesinde Ü ve Z harfleri";"Letters Ü and Z in the Turkish alphabet";"";"approved"
"2";"VA";"alphabet-pair";"";"İngiliz alfabesinde V ve A harfleri";"Letters V and A in the English alphabet";"";"approved"
"2";"VB";"alphabet-pair";"";"İngiliz alfabesinde V ve B harfleri";"Letters V and B in the English alphabet";"";"approved"
"2";"VC";"alphabet-pair";"";"İngiliz alfabesinde V ve C harfleri";"Letters V and C in the English alphabet";"";"approved"
"2";"VÇ";"alphabet-pair";"";"Türk alfabesinde V ve Ç harfleri";"Letters V and Ç in the Turkish alphabet";"";"approved"
"2";"VD";"alphabet-pair";"";"İngiliz alfabesinde V ve D harfleri";"Letters V and D in the English alphabet";"";"approved"
"2";"VE";"alphabet-pair";"";"İngiliz alfabesinde V ve E harfleri";"Letters V and E in the English alphabet";"";"approved"
"2";"VF";"alphabet-pair";"";"İngiliz alfabesinde V ve F harfleri";"Letters V and F in the English alphabet";"";"approved"
"2";"VG";"alphabet-pair";"";"İngiliz alfabesinde V ve G harfleri";"Letters V and G in the English alphabet";"";"approved"
"2";"VĞ";"alphabet-pair";"";"Türk alfabesinde V ve Ğ harfleri";"Letters V and Ğ in the Turkish alphabet";"";"approved"
"2";"VH";"alphabet-pair";"";"İngiliz alfabesinde V ve H harfleri";"Letters V and H in the English alphabet";"";"approved"
"2";"VI";"alphabet-pair";"";"İngiliz alfabesinde V ve I harfleri";"Letters V and I in the English alphabet";"";"approved"
"2";"Vİ";"alphabet-pair";"";"Türk alfabesinde V ve İ harfleri";"Letters V and İ in the Turkish alphabet";"";"approved"
"2";"VJ";"alphabet-pair";"";"İngiliz alfabesinde V ve J harfleri";"Letters V and J in the English alphabet";"";"approved"
"2";"VK";"alphabet-pair";"";"İngiliz alfabesinde V ve K harfleri";"Letters V and K in the English alphabet";"";"approved"
"2";"VL";"alphabet-pair";"";"İngiliz alfabesinde V ve L harfleri";"Letters V and L in the English alphabet";"";"approved"
"2";"VM";"alphabet-pair";"";"İngiliz alfabesinde V ve M harfleri";"Letters V and M in the English alphabet";"";"approved"
"2";"VN";"alphabet-pair";"";"İngiliz alfabesinde V ve N harfleri";"Letters V and N in the English alphabet";"";"approved"
"2";"VO";"alphabet-pair";"";"İngiliz alfabesinde V ve O harfleri";"Letters V and O in the English alphabet";"";"approved"
"2";"VÖ";"alphabet-pair";"";"Türk alfabesinde V ve Ö harfleri";"Letters V and Ö in the Turkish alphabet";"";"approved"
"2";"VP";"alphabet-pair";"";"İngiliz alfabesinde V ve P harfleri";"Letters V and P in the English alphabet";"";"approved"
"2";"VQ";"alphabet-pair";"";"İngiliz alfabesinde V ve Q harfleri";"Letters V and Q in the English alphabet";"";"approved"
"2";"VR";"alphabet-pair";"";"İngiliz alfabesinde V ve R harfleri";"Letters V and R in the English alphabet";"";"approved"
"2";"VS";"alphabet-pair";"";"İngiliz alfabesinde V ve S harfleri";"Letters V and S in the English alphabet";"";"approved"
"2";"VŞ";"alphabet-pair";"";"Türk alfabesinde V ve Ş harfleri";"Letters V and Ş in the Turkish alphabet";"";"approved"
"2";"VT";"alphabet-pair";"";"İngiliz alfabesinde V ve T harfleri";"Letters V and T in the English alphabet";"";"approved"
"2";"VU";"alphabet-pair";"";"İngiliz alfabesinde V ve U harfleri";"Letters V and U in the English alphabet";"";"approved"
"2";"VÜ";"alphabet-pair";"";"Türk alfabesinde V ve Ü harfleri";"Letters V and Ü in the Turkish alphabet";"";"approved"
"2";"VV";"alphabet-pair";"";"İngiliz alfabesinde V ve V harfleri";"Letters V and V in the English alphabet";"";"approved"
"2";"VW";"alphabet-pair";"";"İngiliz alfabesinde V ve W harfleri";"Letters V and W in the English alphabet";"";"approved"
"2";"VX";"alphabet-pair";"";"İngiliz alfabesinde V ve X harfleri";"Letters V and X in the English alphabet";"";"approved"
"2";"VY";"alphabet-pair";"";"İngiliz alfabesinde V ve Y harfleri";"Letters V and Y in the English alphabet";"";"approved"
"2";"VZ";"alphabet-pair";"";"İngiliz alfabesinde V ve Z harfleri";"Letters V and Z in the English alphabet";"";"approved"
"2";"WA";"alphabet-pair";"";"İngiliz alfabesinde W ve A harfleri";"Letters W and A in the English alphabet";"";"approved"
"2";"WB";"alphabet-pair";"";"İngiliz alfabesinde W ve B harfleri";"Letters W and B in the English alphabet";"";"approved"
"2";"WC";"alphabet-pair";"";"İngiliz alfabesinde W ve C harfleri";"Letters W and C in the English alphabet";"";"approved"
"2";"WD";"alphabet-pair";"";"İngiliz alfabesinde W ve D harfleri";"Letters W and D in the English alphabet";"";"approved"
"2";"WE";"alphabet-pair";"";"İngiliz alfabesinde W ve E harfleri";"Letters W and E in the English alphabet";"";"approved"
"2";"WF";"alphabet-pair";"";"İngiliz alfabesinde W ve F harfleri";"Letters W and F in the English alphabet";"";"approved"
"2";"WG";"alphabet-pair";"";"İngiliz alfabesinde W ve G harfleri";"Letters W and G in the English alphabet";"";"approved"
"2";"WH";"alphabet-pair";"";"İngiliz alfabesinde W ve H harfleri";"Letters W and H in the English alphabet";"";"approved"
"2";"WI";"alphabet-pair";"";"İngiliz alfabesinde W ve I harfleri";"Letters W and I in the English alphabet";"";"approved"
"2";"WJ";"alphabet-pair";"";"İngiliz alfabesinde W ve J harfleri";"Letters W and J in the English alphabet";"";"approved"
"2";"WK";"alphabet-pair";"";"İngiliz alfabesinde W ve K harfleri";"Letters W and K in the English alphabet";"";"approved"
"2";"WL";"alphabet-pair";"";"İngiliz alfabesinde W ve L harfleri";"Letters W and L in the English alphabet";"";"approved"
"2";"WM";"alphabet-pair";"";"İngiliz alfabesinde W ve M harfleri";"Letters W and M in the English alphabet";"";"approved"
"2";"WN";"alphabet-pair";"";"İngiliz alfabesinde W ve N harfleri";"Letters W and N in the English alphabet";"";"approved"
"2";"WO";"alphabet-pair";"";"İngiliz alfabesinde W ve O harfleri";"Letters W and O in the English alphabet";"";"approved"
"2";"WP";"alphabet-pair";"";"İngiliz alfabesinde W ve P harfleri";"Letters W and P in the English alphabet";"";"approved"
"2";"WQ";"alphabet-pair";"";"İngiliz alfabesinde W ve Q harfleri";"Letters W and Q in the English alphabet";"";"approved"
"2";"WR";"alphabet-pair";"";"İngiliz alfabesinde W ve R harfleri";"Letters W and R in the English alphabet";"";"approved"
"2";"WS";"alphabet-pair";"";"İngiliz alfabesinde W ve S harfleri";"Letters W and S in the English alphabet";"";"approved"
"2";"WT";"alphabet-pair";"";"İngiliz alfabesinde W ve T harfleri";"Letters W and T in the English alphabet";"";"approved"
"2";"WU";"alphabet-pair";"";"İngiliz alfabesinde W ve U harfleri";"Letters W and U in the English alphabet";"";"approved"
"2";"WV";"alphabet-pair";"";"İngiliz alfabesinde W ve V harfleri";"Letters W and V in the English alphabet";"";"approved"
"2";"WW";"alphabet-pair";"";"İngiliz alfabesinde W ve W harfleri";"Letters W and W in the English alphabet";"";"approved"
"2";"WX";"alphabet-pair";"";"İngiliz alfabesinde W ve X harfleri";"Letters W and X in the English alphabet";"";"approved"
"2";"WY";"alphabet-pair";"";"İngiliz alfabesinde W ve Y harfleri";"Letters W and Y in the English alphabet";"";"approved"
"2";"WZ";"alphabet-pair";"";"İngiliz alfabesinde W ve Z harfleri";"Letters W and Z in the English alphabet";"";"approved"
"2";"XA";"alphabet-pair";"";"İngiliz alfabesinde X ve A harfleri";"Letters X and A in the English alphabet";"";"approved"
"2";"XB";"alphabet-pair";"";"İngiliz alfabesinde X ve B harfleri";"Letters X and B in the English alphabet";"";"approved"
"2";"XC";"alphabet-pair";"";"İngiliz alfabesinde X ve C harfleri";"Letters X and C in the English alphabet";"";"approved"
"2";"XD";"alphabet-pair";"";"İngiliz alfabesinde X ve D harfleri";"Letters X and D in the English alphabet";"";"approved"
"2";"XE";"element-symbol";"54";"Atom numarası 54 olan elementin simgesi";"Symbol of the element with atomic number 54";"İngiliz alfabesinde X ve E harfleri";"approved"
"2";"XF";"alphabet-pair";"";"İngiliz alfabesinde X ve F harfleri";"Letters X and F in the English alphabet";"";"approved"
"2";"XG";"alphabet-pair";"";"İngiliz alfabesinde X ve G harfleri";"Letters X and G in the English alphabet";"";"approved"
"2";"XH";"alphabet-pair";"";"İngiliz alfabesinde X ve H harfleri";"Letters X and H in the English alphabet";"";"approved"
"2";"XI";"alphabet-pair";"";"İngiliz alfabesinde X ve I harfleri";"Letters X and I in the English alphabet";"";"approved"
"2";"XJ";"alphabet-pair";"";"İngiliz alfabesinde X ve J harfleri";"Letters X and J in the English alphabet";"";"approved"
"2";"XK";"alphabet-pair";"";"İngiliz alfabesinde X ve K harfleri";"Letters X and K in the English alphabet";"";"approved"
"2";"XL";"alphabet-pair";"";"İngiliz alfabesinde X ve L harfleri";"Letters X and L in the English alphabet";"";"approved"
"2";"XM";"alphabet-pair";"";"İngiliz alfabesinde X ve M harfleri";"Letters X and M in the English alphabet";"";"approved"
"2";"XN";"alphabet-pair";"";"İngiliz alfabesinde X ve N harfleri";"Letters X and N in the English alphabet";"";"approved"
"2";"XO";"alphabet-pair";"";"İngiliz alfabesinde X ve O harfleri";"Letters X and O in the English alphabet";"";"approved"
"2";"XP";"alphabet-pair";"";"İngiliz alfabesinde X ve P harfleri";"Letters X and P in the English alphabet";"";"approved"
"2";"XQ";"alphabet-pair";"";"İngiliz alfabesinde X ve Q harfleri";"Letters X and Q in the English alphabet";"";"approved"
"2";"XR";"alphabet-pair";"";"İngiliz alfabesinde X ve R harfleri";"Letters X and R in the English alphabet";"";"approved"
"2";"XS";"alphabet-pair";"";"İngiliz alfabesinde X ve S harfleri";"Letters X and S in the English alphabet";"";"approved"
"2";"XT";"alphabet-pair";"";"İngiliz alfabesinde X ve T harfleri";"Letters X and T in the English alphabet";"";"approved"
"2";"XU";"alphabet-pair";"";"İngiliz alfabesinde X ve U harfleri";"Letters X and U in the English alphabet";"";"approved"
"2";"XV";"alphabet-pair";"";"İngiliz alfabesinde X ve V harfleri";"Letters X and V in the English alphabet";"";"approved"
"2";"XW";"alphabet-pair";"";"İngiliz alfabesinde X ve W harfleri";"Letters X and W in the English alphabet";"";"approved"
"2";"XX";"alphabet-pair";"";"İngiliz alfabesinde X ve X harfleri";"Letters X and X in the English alphabet";"";"approved"
"2";"XY";"alphabet-pair";"";"İngiliz alfabesinde X ve Y harfleri";"Letters X and Y in the English alphabet";"";"approved"
"2";"XZ";"alphabet-pair";"";"İngiliz alfabesinde X ve Z harfleri";"Letters X and Z in the English alphabet";"";"approved"
"2";"YA";"alphabet-pair";"";"İngiliz alfabesinde Y ve A harfleri";"Letters Y and A in the English alphabet";"";"approved"
"2";"YB";"element-symbol";"70";"Atom numarası 70 olan elementin simgesi";"Symbol of the element with atomic number 70";"İngiliz alfabesinde Y ve B harfleri";"approved"
"2";"YC";"alphabet-pair";"";"İngiliz alfabesinde Y ve C harfleri";"Letters Y and C in the English alphabet";"";"approved"
"2";"YÇ";"alphabet-pair";"";"Türk alfabesinde Y ve Ç harfleri";"Letters Y and Ç in the Turkish alphabet";"";"approved"
"2";"YD";"alphabet-pair";"";"İngiliz alfabesinde Y ve D harfleri";"Letters Y and D in the English alphabet";"";"approved"
"2";"YE";"alphabet-pair";"";"İngiliz alfabesinde Y ve E harfleri";"Letters Y and E in the English alphabet";"";"approved"
"2";"YF";"alphabet-pair";"";"İngiliz alfabesinde Y ve F harfleri";"Letters Y and F in the English alphabet";"";"approved"
"2";"YG";"alphabet-pair";"";"İngiliz alfabesinde Y ve G harfleri";"Letters Y and G in the English alphabet";"";"approved"
"2";"YĞ";"alphabet-pair";"";"Türk alfabesinde Y ve Ğ harfleri";"Letters Y and Ğ in the Turkish alphabet";"";"approved"
"2";"YH";"alphabet-pair";"";"İngiliz alfabesinde Y ve H harfleri";"Letters Y and H in the English alphabet";"";"approved"
"2";"YI";"alphabet-pair";"";"İngiliz alfabesinde Y ve I harfleri";"Letters Y and I in the English alphabet";"";"approved"
"2";"Yİ";"alphabet-pair";"";"Türk alfabesinde Y ve İ harfleri";"Letters Y and İ in the Turkish alphabet";"";"approved"
"2";"YJ";"alphabet-pair";"";"İngiliz alfabesinde Y ve J harfleri";"Letters Y and J in the English alphabet";"";"approved"
"2";"YK";"alphabet-pair";"";"İngiliz alfabesinde Y ve K harfleri";"Letters Y and K in the English alphabet";"";"approved"
"2";"YL";"alphabet-pair";"";"İngiliz alfabesinde Y ve L harfleri";"Letters Y and L in the English alphabet";"";"approved"
"2";"YM";"alphabet-pair";"";"İngiliz alfabesinde Y ve M harfleri";"Letters Y and M in the English alphabet";"";"approved"
"2";"YN";"alphabet-pair";"";"İngiliz alfabesinde Y ve N harfleri";"Letters Y and N in the English alphabet";"";"approved"
"2";"YO";"alphabet-pair";"";"İngiliz alfabesinde Y ve O harfleri";"Letters Y and O in the English alphabet";"";"approved"
"2";"YÖ";"alphabet-pair";"";"Türk alfabesinde Y ve Ö harfleri";"Letters Y and Ö in the Turkish alphabet";"";"approved"
"2";"YP";"alphabet-pair";"";"İngiliz alfabesinde Y ve P harfleri";"Letters Y and P in the English alphabet";"";"approved"
"2";"YQ";"alphabet-pair";"";"İngiliz alfabesinde Y ve Q harfleri";"Letters Y and Q in the English alphabet";"";"approved"
"2";"YR";"alphabet-pair";"";"İngiliz alfabesinde Y ve R harfleri";"Letters Y and R in the English alphabet";"";"approved"
"2";"YS";"alphabet-pair";"";"İngiliz alfabesinde Y ve S harfleri";"Letters Y and S in the English alphabet";"";"approved"
"2";"YŞ";"alphabet-pair";"";"Türk alfabesinde Y ve Ş harfleri";"Letters Y and Ş in the Turkish alphabet";"";"approved"
"2";"YT";"alphabet-pair";"";"İngiliz alfabesinde Y ve T harfleri";"Letters Y and T in the English alphabet";"";"approved"
"2";"YU";"alphabet-pair";"";"İngiliz alfabesinde Y ve U harfleri";"Letters Y and U in the English alphabet";"";"approved"
"2";"YÜ";"alphabet-pair";"";"Türk alfabesinde Y ve Ü harfleri";"Letters Y and Ü in the Turkish alphabet";"";"approved"
"2";"YV";"alphabet-pair";"";"İngiliz alfabesinde Y ve V harfleri";"Letters Y and V in the English alphabet";"";"approved"
"2";"YW";"alphabet-pair";"";"İngiliz alfabesinde Y ve W harfleri";"Letters Y and W in the English alphabet";"";"approved"
"2";"YX";"alphabet-pair";"";"İngiliz alfabesinde Y ve X harfleri";"Letters Y and X in the English alphabet";"";"approved"
"2";"YY";"alphabet-pair";"";"İngiliz alfabesinde Y ve Y harfleri";"Letters Y and Y in the English alphabet";"";"approved"
"2";"YZ";"alphabet-pair";"";"İngiliz alfabesinde Y ve Z harfleri";"Letters Y and Z in the English alphabet";"";"approved"
"2";"ZA";"alphabet-pair";"";"İngiliz alfabesinde Z ve A harfleri";"Letters Z and A in the English alphabet";"";"approved"
"2";"ZB";"alphabet-pair";"";"İngiliz alfabesinde Z ve B harfleri";"Letters Z and B in the English alphabet";"";"approved"
"2";"ZC";"alphabet-pair";"";"İngiliz alfabesinde Z ve C harfleri";"Letters Z and C in the English alphabet";"";"approved"
"2";"ZÇ";"alphabet-pair";"";"Türk alfabesinde Z ve Ç harfleri";"Letters Z and Ç in the Turkish alphabet";"";"approved"
"2";"ZD";"alphabet-pair";"";"İngiliz alfabesinde Z ve D harfleri";"Letters Z and D in the English alphabet";"";"approved"
"2";"ZE";"alphabet-pair";"";"İngiliz alfabesinde Z ve E harfleri";"Letters Z and E in the English alphabet";"";"approved"
"2";"ZF";"alphabet-pair";"";"İngiliz alfabesinde Z ve F harfleri";"Letters Z and F in the English alphabet";"";"approved"
"2";"ZG";"alphabet-pair";"";"İngiliz alfabesinde Z ve G harfleri";"Letters Z and G in the English alphabet";"";"approved"
"2";"ZĞ";"alphabet-pair";"";"Türk alfabesinde Z ve Ğ harfleri";"Letters Z and Ğ in the Turkish alphabet";"";"approved"
"2";"ZH";"alphabet-pair";"";"İngiliz alfabesinde Z ve H harfleri";"Letters Z and H in the English alphabet";"";"approved"
"2";"ZI";"alphabet-pair";"";"İngiliz alfabesinde Z ve I harfleri";"Letters Z and I in the English alphabet";"";"approved"
"2";"Zİ";"alphabet-pair";"";"Türk alfabesinde Z ve İ harfleri";"Letters Z and İ in the Turkish alphabet";"";"approved"
"2";"ZJ";"alphabet-pair";"";"İngiliz alfabesinde Z ve J harfleri";"Letters Z and J in the English alphabet";"";"approved"
"2";"ZK";"alphabet-pair";"";"İngiliz alfabesinde Z ve K harfleri";"Letters Z and K in the English alphabet";"";"approved"
"2";"ZL";"alphabet-pair";"";"İngiliz alfabesinde Z ve L harfleri";"Letters Z and L in the English alphabet";"";"approved"
"2";"ZM";"alphabet-pair";"";"İngiliz alfabesinde Z ve M harfleri";"Letters Z and M in the English alphabet";"";"approved"
"2";"ZN";"element-symbol";"30";"Atom numarası 30 olan elementin simgesi";"Symbol of the element with atomic number 30";"İngiliz alfabesinde Z ve N harfleri";"approved"
"2";"ZO";"alphabet-pair";"";"İngiliz alfabesinde Z ve O harfleri";"Letters Z and O in the English alphabet";"";"approved"
"2";"ZÖ";"alphabet-pair";"";"Türk alfabesinde Z ve Ö harfleri";"Letters Z and Ö in the Turkish alphabet";"";"approved"
"2";"ZP";"alphabet-pair";"";"İngiliz alfabesinde Z ve P harfleri";"Letters Z and P in the English alphabet";"";"approved"
"2";"ZQ";"alphabet-pair";"";"İngiliz alfabesinde Z ve Q harfleri";"Letters Z and Q in the English alphabet";"";"approved"
"2";"ZR";"element-symbol";"40";"Atom numarası 40 olan elementin simgesi";"Symbol of the element with atomic number 40";"İngiliz alfabesinde Z ve R harfleri";"approved"
"2";"ZS";"alphabet-pair";"";"İngiliz alfabesinde Z ve S harfleri";"Letters Z and S in the English alphabet";"";"approved"
"2";"ZŞ";"alphabet-pair";"";"Türk alfabesinde Z ve Ş harfleri";"Letters Z and Ş in the Turkish alphabet";"";"approved"
"2";"ZT";"alphabet-pair";"";"İngiliz alfabesinde Z ve T harfleri";"Letters Z and T in the English alphabet";"";"approved"
"2";"ZU";"alphabet-pair";"";"İngiliz alfabesinde Z ve U harfleri";"Letters Z and U in the English alphabet";"";"approved"
"2";"ZÜ";"alphabet-pair";"";"Türk alfabesinde Z ve Ü harfleri";"Letters Z and Ü in the Turkish alphabet";"";"approved"
"2";"ZV";"alphabet-pair";"";"İngiliz alfabesinde Z ve V harfleri";"Letters Z and V in the English alphabet";"";"approved"
"2";"ZW";"alphabet-pair";"";"İngiliz alfabesinde Z ve W harfleri";"Letters Z and W in the English alphabet";"";"approved"
"2";"ZX";"alphabet-pair";"";"İngiliz alfabesinde Z ve X harfleri";"Letters Z and X in the English alphabet";"";"approved"
"2";"ZY";"alphabet-pair";"";"İngiliz alfabesinde Z ve Y harfleri";"Letters Z and Y in the English alphabet";"";"approved"
"2";"ZZ";"alphabet-pair";"";"İngiliz alfabesinde Z ve Z harfleri";"Letters Z and Z in the English alphabet";"";"approved"
